SAMPLE_DATE,SYS_LOC_CODE,STREAM_CODE,LOC_NAME,LOC_TYPE,LOC_COUNTY_CODE,LOC_MAJOR_BASIN,LNG,LAT,CHEMICAL,DETECT_FLAG,RESULT_NUMERIC,RESULT_TEXT,RESULT_UNIT,REPORTING_DETECTION_LIMIT,METHOD_DETECTION_LIMIT,DETECTION_LIMIT_UNIT
2018-09-18,01-0064-00-201,01-0064-00,Bear,Lake,Aitkin,07030004,-93.370456,46.239632,Sulfate,N,,,mg/L,3,0.751,mg/L
2018-09-18,01-0064-00-201,01-0064-00,Bear,Lake,Aitkin,07030004,-93.370456,46.239632,Phosphorus,Y,0.026,0.026,mg/L,0.003,0.001,mg/L
2018-09-05,01-0064-00-201,01-0064-00,Bear,Lake,Aitkin,07030004,-93.370456,46.239632,Phosphorus,Y,0.022,0.022,mg/L,0.003,0.001,mg/L
2018-08-22,01-0064-00-201,01-0064-00,Bear,Lake,Aitkin,07030004,-93.370456,46.239632,Phosphorus,Y,0.033,0.033,mg/L,0.003,0.001,mg/L
2018-07-26,01-0064-00-201,01-0064-00,Bear,Lake,Aitkin,07030004,-93.370456,46.239632,Phosphorus,Y,0.038,0.038,mg/L,0.003,0.001,mg/L
2018-06-25,01-0064-00-201,01-0064-00,Bear,Lake,Aitkin,07030004,-93.370456,46.239632,Phosphorus,Y,0.027,0.027,mg/L,0.003,0.001,mg/L
2018-05-22,01-0064-00-201,01-0064-00,Bear,Lake,Aitkin,07030004,-93.370456,46.239632,Phosphorus,Y,0.025,0.025,mg/L,0.003,0.001,mg/L
2017-08-28,01-0064-00-201,01-0064-00,Bear,Lake,Aitkin,07030004,-93.370456,46.239632,Sulfate,N,,,mg/L,3,0.97,mg/L
2017-08-28,01-0064-00-201,01-0064-00,Bear,Lake,Aitkin,07030004,-93.370456,46.239632,Phosphorus,Y,0.021,0.021,mg/L,0.003,0.001,mg/L
2017-07-19,01-0064-00-201,01-0064-00,Bear,Lake,Aitkin,07030004,-93.370456,46.239632,Sulfate,N,,,mg/L,3,0.97,mg/L
2017-07-19,01-0064-00-201,01-0064-00,Bear,Lake,Aitkin,07030004,-93.370456,46.239632,Phosphorus,Y,0.024,0.024,mg/L,0.003,0.001,mg/L
2017-07-19,01-0064-00-201,01-0064-00,Bear,Lake,Aitkin,07030004,-93.370456,46.239632,Phosphorus,Y,0.025,0.025,mg/L,0.003,0.001,mg/L
2017-07-19,01-0064-00-201,01-0064-00,Bear,Lake,Aitkin,07030004,-93.370456,46.239632,Sulfate,N,,,mg/L,3,0.97,mg/L
2017-06-27,01-0064-00-201,01-0064-00,Bear,Lake,Aitkin,07030004,-93.370456,46.239632,"Hardness, carbonate",Y,33.8,33.8,mg/L,5,2.26,mg/L
2017-06-27,01-0064-00-201,01-0064-00,Bear,Lake,Aitkin,07030004,-93.370456,46.239632,Phosphorus,Y,0.021,0.021,mg/L,0.003,0.001,mg/L
2017-06-12,01-0064-00-201,01-0064-00,Bear,Lake,Aitkin,07030004,-93.370456,46.239632,Chloride,Y,1.3,1.3,mg/L,0.5,0.166,mg/L
2017-06-12,01-0064-00-201,01-0064-00,Bear,Lake,Aitkin,07030004,-93.370456,46.239632,Sulfate,N,,,mg/L,3,0.97,mg/L
2015-08-17,30-0057-00-100,30-0057-00,Upper Rice,Lake,Isanti,07030004,-93.232,45.714,Specific conductance,Y,330,330,uS/cm,,,
2015-08-17,30-0057-00-100,30-0057-00,Upper Rice,Lake,Isanti,07030004,-93.232,45.714,Sulfate,Y,2.58,2.58,mg/L,0.5,,mg/L
2015-08-17,30-0057-00-100,30-0057-00,Upper Rice,Lake,Isanti,07030004,-93.232,45.714,Phosphorus,Y,0.256,0.256,mg/L,0.005,,mg/L
2014-09-11,30-0057-00-100,30-0057-00,Upper Rice,Lake,Isanti,07030004,-93.232,45.714,Sulfate,Y,3.8,3.8,mg/L,0.5,,mg/L
2014-09-11,30-0057-00-100,30-0057-00,Upper Rice,Lake,Isanti,07030004,-93.232,45.714,Specific conductance,Y,155,155,uS/cm,,,
2014-09-11,30-0057-00-100,30-0057-00,Upper Rice,Lake,Isanti,07030004,-93.232,45.714,Phosphorus,Y,0.125,0.125,mg/L,0.005,,mg/L
2018-09-24,30-0057-00-201,30-0057-00,Upper Rice,Lake,Isanti,07030004,-93.232002,45.715195,Phosphorus,Y,0.168,0.168,mg/L,0.003,0.001,mg/L
2018-08-26,30-0057-00-201,30-0057-00,Upper Rice,Lake,Isanti,07030004,-93.232002,45.715195,Phosphorus,Y,0.215,0.215,mg/L,0.003,0.001,mg/L
2018-07-22,30-0057-00-201,30-0057-00,Upper Rice,Lake,Isanti,07030004,-93.232002,45.715195,Phosphorus,Y,0.355,0.355,mg/L,0.003,0.001,mg/L
2018-06-17,30-0057-00-201,30-0057-00,Upper Rice,Lake,Isanti,07030004,-93.232002,45.715195,Phosphorus,Y,0.242,0.242,mg/L,0.003,0.001,mg/L
2018-05-22,30-0057-00-201,30-0057-00,Upper Rice,Lake,Isanti,07030004,-93.232002,45.715195,Phosphorus,Y,0.188,0.188,mg/L,0.003,0.001,mg/L
2017-09-19,30-0057-00-201,30-0057-00,Upper Rice,Lake,Isanti,07030004,-93.232002,45.715195,Phosphorus,Y,0.19,0.19,mg/L,0.003,0.001,mg/L
2017-09-19,30-0057-00-201,30-0057-00,Upper Rice,Lake,Isanti,07030004,-93.232002,45.715195,Sulfate,N,,,mg/L,3,0.97,mg/L
2017-08-14,30-0057-00-201,30-0057-00,Upper Rice,Lake,Isanti,07030004,-93.232002,45.715195,Phosphorus,Y,0.135,0.135,mg/L,0.003,0.001,mg/L
2017-08-14,30-0057-00-201,30-0057-00,Upper Rice,Lake,Isanti,07030004,-93.232002,45.715195,Sulfate,N,,,mg/L,3,0.97,mg/L
2017-07-09,30-0057-00-201,30-0057-00,Upper Rice,Lake,Isanti,07030004,-93.232002,45.715195,Sulfate,N,,,mg/L,3,0.97,mg/L
2017-07-09,30-0057-00-201,30-0057-00,Upper Rice,Lake,Isanti,07030004,-93.232002,45.715195,Phosphorus,Y,0.129,0.129,mg/L,0.003,0.001,mg/L
2017-07-09,30-0057-00-201,30-0057-00,Upper Rice,Lake,Isanti,07030004,-93.232002,45.715195,Phosphorus,Y,0.123,0.123,mg/L,0.003,0.001,mg/L
2017-07-09,30-0057-00-201,30-0057-00,Upper Rice,Lake,Isanti,07030004,-93.232002,45.715195,Sulfate,N,,,mg/L,3,0.97,mg/L
2017-06-18,30-0057-00-201,30-0057-00,Upper Rice,Lake,Isanti,07030004,-93.232002,45.715195,Sulfate,N,,,mg/L,3,0.97,mg/L
2017-06-18,30-0057-00-201,30-0057-00,Upper Rice,Lake,Isanti,07030004,-93.232002,45.715195,Chloride,Y,17.2,17.2,mg/L,0.5,0.166,mg/L
2017-06-18,30-0057-00-201,30-0057-00,Upper Rice,Lake,Isanti,07030004,-93.232002,45.715195,Phosphorus,Y,0.339,0.339,mg/L,0.003,0.001,mg/L
2017-06-18,30-0057-00-201,30-0057-00,Upper Rice,Lake,Isanti,07030004,-93.232002,45.715195,"Hardness, carbonate",Y,158,158,mg/L,10,2.26,mg/L
2017-05-31,30-0057-00-201,30-0057-00,Upper Rice,Lake,Isanti,07030004,-93.232002,45.715195,Phosphorus,Y,0.087,0.087,mg/L,0.003,0.001,mg/L
2017-05-31,30-0057-00-201,30-0057-00,Upper Rice,Lake,Isanti,07030004,-93.232002,45.715195,Sulfate,N,,,mg/L,3,0.97,mg/L
2012-05-24,33-0028-00-209,33-0028-00,Knife,Lake,Kanabec,07030004,-93.27904,45.986245,Potassium,Y,1.44,1.44,mg/L,0.5,,mg/L
2012-05-24,33-0028-00-209,33-0028-00,Knife,Lake,Kanabec,07030004,-93.27904,45.986245,Iron,Y,298,298,ug/L,5,,ug/L
2012-05-24,33-0028-00-209,33-0028-00,Knife,Lake,Kanabec,07030004,-93.27904,45.986245,Chloride,Y,3.53,3.53,mg/L,1,,mg/L
2012-05-24,33-0028-00-209,33-0028-00,Knife,Lake,Kanabec,07030004,-93.27904,45.986245,Sulfate,Y,2.04,2.04,mg/L,1,,mg/L
2012-05-24,33-0028-00-209,33-0028-00,Knife,Lake,Kanabec,07030004,-93.27904,45.986245,Specific conductance,Y,140,140,uS/cm,2,,uS/cm
2012-05-24,33-0028-00-209,33-0028-00,Knife,Lake,Kanabec,07030004,-93.27904,45.986245,Calcium,Y,16.5,16.5,mg/L,2,,mg/L
2012-05-24,33-0028-00-209,33-0028-00,Knife,Lake,Kanabec,07030004,-93.27904,45.986245,Sodium,Y,3.97,3.97,mg/L,0.5,,mg/L
2012-05-24,33-0028-00-209,33-0028-00,Knife,Lake,Kanabec,07030004,-93.27904,45.986245,Magnesium,Y,6.26,6.26,mg/L,2,,mg/L
2012-05-24,33-0028-00-209,33-0028-00,Knife,Lake,Kanabec,07030004,-93.27904,45.986245,"Alkalinity, total",Y,62,62,mg/L,10,,mg/L
2012-05-24,33-0028-00-209,33-0028-00,Knife,Lake,Kanabec,07030004,-93.27904,45.986245,Magnesium,Y,6.35,6.35,mg/L,2,,mg/L
2012-05-24,33-0028-00-209,33-0028-00,Knife,Lake,Kanabec,07030004,-93.27904,45.986245,Chloride,Y,3.53,3.53,mg/L,1,,mg/L
2012-05-24,33-0028-00-209,33-0028-00,Knife,Lake,Kanabec,07030004,-93.27904,45.986245,Sulfate,Y,2.08,2.08,mg/L,1,,mg/L
2012-05-24,33-0028-00-209,33-0028-00,Knife,Lake,Kanabec,07030004,-93.27904,45.986245,Specific conductance,Y,140,140,uS/cm,2,,uS/cm
2012-05-24,33-0028-00-209,33-0028-00,Knife,Lake,Kanabec,07030004,-93.27904,45.986245,Iron,Y,298,298,ug/L,5,,ug/L
2012-05-24,33-0028-00-209,33-0028-00,Knife,Lake,Kanabec,07030004,-93.27904,45.986245,Calcium,Y,16.7,16.7,mg/L,2,,mg/L
2012-05-24,33-0028-00-209,33-0028-00,Knife,Lake,Kanabec,07030004,-93.27904,45.986245,Sodium,Y,4,4.00,mg/L,0.5,,mg/L
2012-05-24,33-0028-00-209,33-0028-00,Knife,Lake,Kanabec,07030004,-93.27904,45.986245,Potassium,Y,1.45,1.45,mg/L,0.5,,mg/L
2012-05-24,33-0028-00-209,33-0028-00,Knife,Lake,Kanabec,07030004,-93.27904,45.986245,"Alkalinity, total",Y,63,63,mg/L,10,,mg/L
2017-09-28,33-0030-00-201,33-0030-00,Pennington,Lake,Kanabec,07030004,-93.270887,45.781045,Phosphorus,Y,0.014,0.014,mg/L,0.003,0.001,mg/L
2017-09-28,33-0030-00-201,33-0030-00,Pennington,Lake,Kanabec,07030004,-93.270887,45.781045,Kjeldahl nitrogen,Y,0.624,0.624,mg/L,0.3,0.081,mg/L
2017-09-13,33-0030-00-201,33-0030-00,Pennington,Lake,Kanabec,07030004,-93.270887,45.781045,Kjeldahl nitrogen,Y,0.473,0.473,mg/L,0.3,0.081,mg/L
2017-09-13,33-0030-00-201,33-0030-00,Pennington,Lake,Kanabec,07030004,-93.270887,45.781045,Phosphorus,Y,0.014,0.014,mg/L,0.003,0.001,mg/L
2017-08-24,33-0030-00-201,33-0030-00,Pennington,Lake,Kanabec,07030004,-93.270887,45.781045,Phosphorus,Y,0.013,0.013,mg/L,0.003,0.001,mg/L
2017-08-24,33-0030-00-201,33-0030-00,Pennington,Lake,Kanabec,07030004,-93.270887,45.781045,Phosphorus,Y,0.014,0.014,mg/L,0.003,0.001,mg/L
2017-08-24,33-0030-00-201,33-0030-00,Pennington,Lake,Kanabec,07030004,-93.270887,45.781045,Kjeldahl nitrogen,Y,0.528,0.528,mg/L,0.3,0.0811,mg/L
2017-08-24,33-0030-00-201,33-0030-00,Pennington,Lake,Kanabec,07030004,-93.270887,45.781045,Kjeldahl nitrogen,Y,0.489,0.489,mg/L,0.3,0.0811,mg/L
2017-08-08,33-0030-00-201,33-0030-00,Pennington,Lake,Kanabec,07030004,-93.270887,45.781045,Kjeldahl nitrogen,Y,0.703,0.703,mg/L,0.3,0.0811,mg/L
2017-08-08,33-0030-00-201,33-0030-00,Pennington,Lake,Kanabec,07030004,-93.270887,45.781045,Phosphorus,Y,0.022,0.022,mg/L,0.003,0.001,mg/L
2017-07-19,33-0030-00-201,33-0030-00,Pennington,Lake,Kanabec,07030004,-93.270887,45.781045,Kjeldahl nitrogen,Y,0.608,0.608,mg/L,0.3,0.059,mg/L
2017-07-19,33-0030-00-201,33-0030-00,Pennington,Lake,Kanabec,07030004,-93.270887,45.781045,Phosphorus,Y,0.025,0.025,mg/L,0.003,0.001,mg/L
2017-07-06,33-0030-00-201,33-0030-00,Pennington,Lake,Kanabec,07030004,-93.270887,45.781045,Kjeldahl nitrogen,N,,,mg/L,0.3,0.059,mg/L
2017-07-06,33-0030-00-201,33-0030-00,Pennington,Lake,Kanabec,07030004,-93.270887,45.781045,Phosphorus,Y,0.015,0.015,mg/L,0.003,0.001,mg/L
2017-06-05,33-0030-00-201,33-0030-00,Pennington,Lake,Kanabec,07030004,-93.270887,45.781045,Kjeldahl nitrogen,Y,0.923,0.923,mg/L,0.3,0.059,mg/L
2017-06-05,33-0030-00-201,33-0030-00,Pennington,Lake,Kanabec,07030004,-93.270887,45.781045,Phosphorus,Y,0.025,0.025,mg/L,0.003,0.001,mg/L
2017-05-22,33-0030-00-201,33-0030-00,Pennington,Lake,Kanabec,07030004,-93.270887,45.781045,Phosphorus,Y,0.029,0.029,mg/L,0.003,0.001,mg/L
2017-05-22,33-0030-00-201,33-0030-00,Pennington,Lake,Kanabec,07030004,-93.270887,45.781045,Kjeldahl nitrogen,Y,0.545,0.545,mg/L,0.3,0.059,mg/L
2016-09-14,33-0030-00-201,33-0030-00,Pennington,Lake,Kanabec,07030004,-93.270887,45.781045,Phosphorus,Y,0.2,0.2,mg/L,5,5,mg/L
2016-09-14,33-0030-00-201,33-0030-00,Pennington,Lake,Kanabec,07030004,-93.270887,45.781045,Kjeldahl nitrogen,Y,3.3,3.3,mg/L,0.6,0.151,mg/L
2016-09-01,33-0030-00-201,33-0030-00,Pennington,Lake,Kanabec,07030004,-93.270887,45.781045,Kjeldahl nitrogen,Y,2,2,mg/L,0.6,0.151,mg/L
2016-09-01,33-0030-00-201,33-0030-00,Pennington,Lake,Kanabec,07030004,-93.270887,45.781045,Phosphorus,Y,0.094,0.094,mg/L,5,5,mg/L
2016-08-16,33-0030-00-201,33-0030-00,Pennington,Lake,Kanabec,07030004,-93.270887,45.781045,Phosphorus,Y,0.055,0.055,mg/L,5,5,mg/L
2016-08-16,33-0030-00-201,33-0030-00,Pennington,Lake,Kanabec,07030004,-93.270887,45.781045,Orthophosphate,N,,,mg/L,5,2,mg/L
2016-08-16,33-0030-00-201,33-0030-00,Pennington,Lake,Kanabec,07030004,-93.270887,45.781045,Kjeldahl nitrogen,Y,1.3,1.3,mg/L,0.6,0.151,mg/L
2016-08-03,33-0030-00-201,33-0030-00,Pennington,Lake,Kanabec,07030004,-93.270887,45.781045,Kjeldahl nitrogen,Y,1.3,1.3,mg/L,0.6,0.151,mg/L
2016-08-03,33-0030-00-201,33-0030-00,Pennington,Lake,Kanabec,07030004,-93.270887,45.781045,Phosphorus,Y,0.048,0.048,mg/L,5,5,mg/L
2016-08-03,33-0030-00-201,33-0030-00,Pennington,Lake,Kanabec,07030004,-93.270887,45.781045,Orthophosphate,Y,0.0042,0.0042,mg/L,5,2,mg/L
2016-07-20,33-0030-00-201,33-0030-00,Pennington,Lake,Kanabec,07030004,-93.270887,45.781045,Phosphorus,Y,0.018,0.018,mg/L,5,5,mg/L
2016-07-20,33-0030-00-201,33-0030-00,Pennington,Lake,Kanabec,07030004,-93.270887,45.781045,Kjeldahl nitrogen,Y,0.71,0.71,mg/L,0.6,0.151,mg/L
2016-06-21,33-0030-00-201,33-0030-00,Pennington,Lake,Kanabec,07030004,-93.270887,45.781045,Phosphorus,Y,0.019,0.019,mg/L,5,5,mg/L
2016-06-21,33-0030-00-201,33-0030-00,Pennington,Lake,Kanabec,07030004,-93.270887,45.781045,Kjeldahl nitrogen,Y,0.71,0.71,mg/L,0.6,0.151,mg/L
2018-05-21,33-0034-00-201,33-0034-00,MORA,Lake,Kanabec,07030004,-93.2962,45.8795,Phosphorus,Y,0.06,0.060,mg/L,0.003,0.001,mg/L
2017-09-12,33-0034-00-201,33-0034-00,MORA,Lake,Kanabec,07030004,-93.2962,45.8795,Kjeldahl nitrogen,Y,1.12,1.12,mg/L,0.3,0.081,mg/L
2017-09-12,33-0034-00-201,33-0034-00,MORA,Lake,Kanabec,07030004,-93.2962,45.8795,Phosphorus,Y,0.047,0.047,mg/L,0.003,0.001,mg/L
2017-08-29,33-0034-00-201,33-0034-00,MORA,Lake,Kanabec,07030004,-93.2962,45.8795,Phosphorus,Y,0.041,0.041,mg/L,0.003,0.001,mg/L
2017-08-15,33-0034-00-201,33-0034-00,MORA,Lake,Kanabec,07030004,-93.2962,45.8795,Kjeldahl nitrogen,Y,1.06,1.06,mg/L,0.3,0.0811,mg/L
2017-08-15,33-0034-00-201,33-0034-00,MORA,Lake,Kanabec,07030004,-93.2962,45.8795,Phosphorus,Y,0.049,0.049,mg/L,0.003,0.001,mg/L
2017-08-15,33-0034-00-201,33-0034-00,MORA,Lake,Kanabec,07030004,-93.2962,45.8795,Kjeldahl nitrogen,Y,1.1,1.1,mg/L,0.3,0.0811,mg/L
2017-08-15,33-0034-00-201,33-0034-00,MORA,Lake,Kanabec,07030004,-93.2962,45.8795,Phosphorus,Y,0.045,0.045,mg/L,0.003,0.001,mg/L
2017-08-01,33-0034-00-201,33-0034-00,MORA,Lake,Kanabec,07030004,-93.2962,45.8795,Phosphorus,Y,0.049,0.049,mg/L,0.003,0.001,mg/L
2017-07-18,33-0034-00-201,33-0034-00,MORA,Lake,Kanabec,07030004,-93.2962,45.8795,Kjeldahl nitrogen,Y,1.25,1.25,mg/L,0.3,0.059,mg/L
2017-07-18,33-0034-00-201,33-0034-00,MORA,Lake,Kanabec,07030004,-93.2962,45.8795,Phosphorus,Y,0.048,0.048,mg/L,0.003,0.001,mg/L
2017-07-04,33-0034-00-201,33-0034-00,MORA,Lake,Kanabec,07030004,-93.2962,45.8795,Phosphorus,Y,0.046,0.046,mg/L,0.003,0.001,mg/L
2017-07-04,33-0034-00-201,33-0034-00,MORA,Lake,Kanabec,07030004,-93.2962,45.8795,Phosphorus,Y,0.049,0.049,mg/L,0.003,0.001,mg/L
2017-06-20,33-0034-00-201,33-0034-00,MORA,Lake,Kanabec,07030004,-93.2962,45.8795,Kjeldahl nitrogen,Y,0.814,0.814,mg/L,0.3,0.059,mg/L
2017-06-20,33-0034-00-201,33-0034-00,MORA,Lake,Kanabec,07030004,-93.2962,45.8795,Phosphorus,Y,0.048,0.048,mg/L,0.003,0.001,mg/L
2017-06-06,33-0034-00-201,33-0034-00,MORA,Lake,Kanabec,07030004,-93.2962,45.8795,Chloride,Y,19.2,19.2,mg/L,0.5,0.166,mg/L
2017-06-06,33-0034-00-201,33-0034-00,MORA,Lake,Kanabec,07030004,-93.2962,45.8795,Phosphorus,Y,0.045,0.045,mg/L,0.003,0.001,mg/L
2017-06-06,33-0034-00-201,33-0034-00,MORA,Lake,Kanabec,07030004,-93.2962,45.8795,"Hardness, carbonate",Y,29.6,29.6,mg/L,5,2.26,mg/L
2017-05-24,33-0034-00-201,33-0034-00,MORA,Lake,Kanabec,07030004,-93.2962,45.8795,Phosphorus,Y,0.058,0.058,mg/L,0.003,0.001,mg/L
2017-05-24,33-0034-00-201,33-0034-00,MORA,Lake,Kanabec,07030004,-93.2962,45.8795,Kjeldahl nitrogen,Y,0.968,0.968,mg/L,0.3,0.059,mg/L
2016-08-31,33-0034-00-201,33-0034-00,MORA,Lake,Kanabec,07030004,-93.2962,45.8795,Kjeldahl nitrogen,Y,1.2,1.2,mg/L,0.6,0.151,mg/L
2016-08-31,33-0034-00-201,33-0034-00,MORA,Lake,Kanabec,07030004,-93.2962,45.8795,Phosphorus,Y,0.057,0.057,mg/L,5,5,mg/L
2016-08-15,33-0034-00-201,33-0034-00,MORA,Lake,Kanabec,07030004,-93.2962,45.8795,Phosphorus,Y,0.071,0.071,mg/L,5,5,mg/L
2016-08-15,33-0034-00-201,33-0034-00,MORA,Lake,Kanabec,07030004,-93.2962,45.8795,Orthophosphate,Y,0.0026,0.0026,mg/L,5,2,mg/L
2016-08-15,33-0034-00-201,33-0034-00,MORA,Lake,Kanabec,07030004,-93.2962,45.8795,Kjeldahl nitrogen,Y,1.4,1.4,mg/L,0.6,0.151,mg/L
2016-08-02,33-0034-00-201,33-0034-00,MORA,Lake,Kanabec,07030004,-93.2962,45.8795,Phosphorus,Y,0.05,0.05,mg/L,5,5,mg/L
2016-08-02,33-0034-00-201,33-0034-00,MORA,Lake,Kanabec,07030004,-93.2962,45.8795,Orthophosphate,Y,0.0026,0.0026,mg/L,5,2,mg/L
2016-08-02,33-0034-00-201,33-0034-00,MORA,Lake,Kanabec,07030004,-93.2962,45.8795,Kjeldahl nitrogen,Y,1.4,1.4,mg/L,0.6,0.151,mg/L
2015-06-05,33-0034-00-201,33-0034-00,MORA,Lake,Kanabec,07030004,-93.2962,45.8795,Phosphorus,Y,0.045,0.045,mg/L,5,5,mg/L
2015-06-05,33-0034-00-201,33-0034-00,MORA,Lake,Kanabec,07030004,-93.2962,45.8795,Pheophytin a,Y,2,2,ug/L,,1,ug/L
2015-05-15,33-0034-00-201,33-0034-00,MORA,Lake,Kanabec,07030004,-93.2962,45.8795,Phosphorus,Y,0.072,0.072,mg/L,5,5,mg/L
2015-05-15,33-0034-00-201,33-0034-00,MORA,Lake,Kanabec,07030004,-93.2962,45.8795,Pheophytin a,Y,7,7,ug/L,,1,ug/L
2014-09-19,33-0034-00-201,33-0034-00,MORA,Lake,Kanabec,07030004,-93.2962,45.8795,Phosphorus,Y,0.054,0.054,mg/L,5,5,mg/L
2014-09-05,33-0034-00-201,33-0034-00,MORA,Lake,Kanabec,07030004,-93.2962,45.8795,Phosphorus,Y,0.046,0.046,mg/L,5,5,mg/L
2014-08-22,33-0034-00-201,33-0034-00,MORA,Lake,Kanabec,07030004,-93.2962,45.8795,Phosphorus,Y,0.045,0.045,mg/L,5,5,mg/L
2014-08-08,33-0034-00-201,33-0034-00,MORA,Lake,Kanabec,07030004,-93.2962,45.8795,Phosphorus,Y,0.03,0.030,mg/L,5,5,mg/L
2014-07-30,33-0034-00-201,33-0034-00,MORA,Lake,Kanabec,07030004,-93.2962,45.8795,Phosphorus,Y,0.032,0.032,mg/L,5,5,mg/L
2014-07-10,33-0034-00-201,33-0034-00,MORA,Lake,Kanabec,07030004,-93.2962,45.8795,Phosphorus,Y,0.047,0.047,mg/L,5,5,mg/L
2014-06-26,33-0034-00-201,33-0034-00,MORA,Lake,Kanabec,07030004,-93.2962,45.8795,Phosphorus,Y,0.054,0.054,mg/L,5,5,mg/L
2013-09-30,33-0034-00-201,33-0034-00,MORA,Lake,Kanabec,07030004,-93.2962,45.8795,Phosphorus,Y,0.125,0.125,mg/L,5,5,mg/L
2013-09-16,33-0034-00-201,33-0034-00,MORA,Lake,Kanabec,07030004,-93.2962,45.8795,Phosphorus,Y,0.116,0.116,mg/L,5,5,mg/L
2013-09-02,33-0034-00-201,33-0034-00,MORA,Lake,Kanabec,07030004,-93.2962,45.8795,Phosphorus,Y,0.075,0.075,mg/L,5,5,mg/L
2013-08-19,33-0034-00-201,33-0034-00,MORA,Lake,Kanabec,07030004,-93.2962,45.8795,Phosphorus,Y,0.053,0.053,mg/L,5,5,mg/L
2013-08-03,33-0034-00-201,33-0034-00,MORA,Lake,Kanabec,07030004,-93.2962,45.8795,Phosphorus,Y,0.064,0.064,mg/L,5,5,mg/L
2013-07-22,33-0034-00-201,33-0034-00,MORA,Lake,Kanabec,07030004,-93.2962,45.8795,Phosphorus,Y,0.064,0.064,mg/L,5,5,mg/L
2013-07-08,33-0034-00-201,33-0034-00,MORA,Lake,Kanabec,07030004,-93.2962,45.8795,Phosphorus,Y,0.207,0.207,mg/L,5,5,mg/L
2013-06-28,33-0034-00-201,33-0034-00,MORA,Lake,Kanabec,07030004,-93.2962,45.8795,Phosphorus,Y,0.072,0.072,mg/L,5,5,mg/L
2013-06-10,33-0034-00-201,33-0034-00,MORA,Lake,Kanabec,07030004,-93.2962,45.8795,Phosphorus,Y,0.067,0.067,mg/L,5,5,mg/L
2013-05-27,33-0034-00-201,33-0034-00,MORA,Lake,Kanabec,07030004,-93.2962,45.8795,Phosphorus,Y,0.062,0.062,mg/L,5,5,mg/L
2013-05-13,33-0034-00-201,33-0034-00,MORA,Lake,Kanabec,07030004,-93.2962,45.8795,Phosphorus,Y,0.076,0.076,mg/L,5,5,mg/L
2012-09-18,33-0034-00-201,33-0034-00,MORA,Lake,Kanabec,07030004,-93.2962,45.8795,Phosphorus,Y,0.11,0.110,mg/L,5,5,mg/L
2012-09-04,33-0034-00-201,33-0034-00,MORA,Lake,Kanabec,07030004,-93.2962,45.8795,Phosphorus,Y,0.052,0.052,mg/L,5,5,mg/L
2012-05-24,33-0036-00-103,33-0036-00,Fish,Lake,Kanabec,07030004,-93.327483,45.820637,Calcium,Y,16.6,16.6,mg/L,2,,mg/L
2012-05-24,33-0036-00-103,33-0036-00,Fish,Lake,Kanabec,07030004,-93.327483,45.820637,Iron,Y,358,358,ug/L,5,,ug/L
2012-05-24,33-0036-00-103,33-0036-00,Fish,Lake,Kanabec,07030004,-93.327483,45.820637,"Alkalinity, total",Y,58,58,mg/L,10,,mg/L
2012-05-24,33-0036-00-103,33-0036-00,Fish,Lake,Kanabec,07030004,-93.327483,45.820637,Specific conductance,Y,130,130,uS/cm,2,,uS/cm
2012-05-24,33-0036-00-103,33-0036-00,Fish,Lake,Kanabec,07030004,-93.327483,45.820637,Chloride,Y,2.94,2.94,mg/L,1,,mg/L
2012-05-24,33-0036-00-103,33-0036-00,Fish,Lake,Kanabec,07030004,-93.327483,45.820637,Sulfate,Y,1.6,1.60,mg/L,1,,mg/L
2012-05-24,33-0036-00-103,33-0036-00,Fish,Lake,Kanabec,07030004,-93.327483,45.820637,Magnesium,Y,5.73,5.73,mg/L,2,,mg/L
2012-05-24,33-0036-00-103,33-0036-00,Fish,Lake,Kanabec,07030004,-93.327483,45.820637,Potassium,Y,1.19,1.19,mg/L,0.5,,mg/L
2012-05-24,33-0036-00-103,33-0036-00,Fish,Lake,Kanabec,07030004,-93.327483,45.820637,Sodium,Y,3.24,3.24,mg/L,0.5,,mg/L
2012-05-24,33-0036-00-103,33-0036-00,Fish,Lake,Kanabec,07030004,-93.327483,45.820637,Iron,Y,361,361,ug/L,5,,ug/L
2012-05-24,33-0036-00-103,33-0036-00,Fish,Lake,Kanabec,07030004,-93.327483,45.820637,Calcium,Y,16.4,16.4,mg/L,2,,mg/L
2012-05-24,33-0036-00-103,33-0036-00,Fish,Lake,Kanabec,07030004,-93.327483,45.820637,Sodium,Y,3.26,3.26,mg/L,0.5,,mg/L
2012-05-24,33-0036-00-103,33-0036-00,Fish,Lake,Kanabec,07030004,-93.327483,45.820637,Potassium,Y,1.2,1.20,mg/L,0.5,,mg/L
2012-05-24,33-0036-00-103,33-0036-00,Fish,Lake,Kanabec,07030004,-93.327483,45.820637,Magnesium,Y,5.8,5.80,mg/L,2,,mg/L
2012-05-24,33-0036-00-103,33-0036-00,Fish,Lake,Kanabec,07030004,-93.327483,45.820637,Chloride,Y,2.91,2.91,mg/L,1,,mg/L
2012-05-24,33-0036-00-103,33-0036-00,Fish,Lake,Kanabec,07030004,-93.327483,45.820637,"Alkalinity, total",Y,59,59,mg/L,10,,mg/L
2012-05-24,33-0036-00-103,33-0036-00,Fish,Lake,Kanabec,07030004,-93.327483,45.820637,Specific conductance,Y,130,130,uS/cm,2,,uS/cm
2012-05-24,33-0036-00-103,33-0036-00,Fish,Lake,Kanabec,07030004,-93.327483,45.820637,Sulfate,Y,1.6,1.60,mg/L,1,,mg/L
2023-10-01,33-0040-00-208,33-0040-00,Ann,Lake,Kanabec,07030004,-93.4089,45.91755,"Temperature, water",Y,19.44,19.44,deg C,,,
2023-09-15,33-0040-00-208,33-0040-00,Ann,Lake,Kanabec,07030004,-93.4089,45.91755,"Temperature, water",Y,20,20,deg C,,,
2023-08-22,33-0040-00-208,33-0040-00,Ann,Lake,Kanabec,07030004,-93.4089,45.91755,"Temperature, water",Y,27.22,27.22,deg C,,,
2023-08-06,33-0040-00-208,33-0040-00,Ann,Lake,Kanabec,07030004,-93.4089,45.91755,"Temperature, water",Y,26.67,26.67,deg C,,,
2023-07-18,33-0040-00-208,33-0040-00,Ann,Lake,Kanabec,07030004,-93.4089,45.91755,"Temperature, water",Y,25,25,deg C,,,
2023-07-06,33-0040-00-208,33-0040-00,Ann,Lake,Kanabec,07030004,-93.4089,45.91755,"Temperature, water",Y,25,25,deg C,,,
2023-06-15,33-0040-00-208,33-0040-00,Ann,Lake,Kanabec,07030004,-93.4089,45.91755,"Temperature, water",Y,23.33,23.33,deg C,,,
2023-05-30,33-0040-00-208,33-0040-00,Ann,Lake,Kanabec,07030004,-93.4089,45.91755,"Temperature, water",Y,21.56,21.56,deg C,,,
2023-05-23,33-0040-00-208,33-0040-00,Ann,Lake,Kanabec,07030004,-93.4089,45.91755,"Temperature, water",Y,20.22,20.22,deg C,,,
2023-05-14,33-0040-00-208,33-0040-00,Ann,Lake,Kanabec,07030004,-93.4089,45.91755,"Temperature, water",Y,17.5,17.50,deg C,,,
2022-10-09,33-0040-00-208,33-0040-00,Ann,Lake,Kanabec,07030004,-93.4089,45.91755,"Temperature, water",Y,13.33,13.33,deg C,,,
2022-10-02,33-0040-00-208,33-0040-00,Ann,Lake,Kanabec,07030004,-93.4089,45.91755,"Temperature, water",Y,16.11,16.11,deg C,,,
2022-09-18,33-0040-00-208,33-0040-00,Ann,Lake,Kanabec,07030004,-93.4089,45.91755,"Temperature, water",Y,20.56,20.56,deg C,,,
2022-08-28,33-0040-00-208,33-0040-00,Ann,Lake,Kanabec,07030004,-93.4089,45.91755,"Temperature, water",Y,22.78,22.78,deg C,,,
2022-08-04,33-0040-00-208,33-0040-00,Ann,Lake,Kanabec,07030004,-93.4089,45.91755,"Temperature, water",Y,26.11,26.11,deg C,,,
2018-05-08,58-0118-00-201,58-0118-00,Devils,Lake,Pine,07030004,-92.964232,45.816559,Phosphorus,Y,0.021,0.021,mg/L,0.003,0.001,mg/L
2017-09-05,58-0118-00-201,58-0118-00,Devils,Lake,Pine,07030004,-92.964232,45.816559,Phosphorus,Y,0.01,0.01,mg/L,0.003,0.001,mg/L
2017-08-14,58-0118-00-201,58-0118-00,Devils,Lake,Pine,07030004,-92.964232,45.816559,Phosphorus,Y,0.011,0.011,mg/L,0.003,0.001,mg/L
2017-07-10,58-0118-00-201,58-0118-00,Devils,Lake,Pine,07030004,-92.964232,45.816559,Phosphorus,Y,0.011,0.011,mg/L,0.003,0.001,mg/L
2017-07-10,58-0118-00-201,58-0118-00,Devils,Lake,Pine,07030004,-92.964232,45.816559,Phosphorus,Y,0.012,0.012,mg/L,0.003,0.001,mg/L
2017-06-12,58-0118-00-201,58-0118-00,Devils,Lake,Pine,07030004,-92.964232,45.816559,Phosphorus,Y,0.021,0.021,mg/L,0.003,0.001,mg/L
2017-06-12,58-0118-00-201,58-0118-00,Devils,Lake,Pine,07030004,-92.964232,45.816559,"Hardness, carbonate",Y,103,103,mg/L,5,2.26,mg/L
2017-06-12,58-0118-00-201,58-0118-00,Devils,Lake,Pine,07030004,-92.964232,45.816559,Chloride,Y,7.21,7.21,mg/L,0.5,0.166,mg/L
2017-06-12,58-0118-00-201,58-0118-00,Devils,Lake,Pine,07030004,-92.964232,45.816559,Sulfate,N,,,mg/L,3,0.97,mg/L
2017-05-21,58-0118-00-201,58-0118-00,Devils,Lake,Pine,07030004,-92.964232,45.816559,Phosphorus,Y,0.018,0.018,mg/L,0.003,0.001,mg/L
2018-09-19,58-0142-00-313,58-0142-00,Pokegama,Lake,Pine,07030004,-93.063,45.86158,Phosphorus,Y,0.167,0.167,mg/L,0.003,0.001,mg/L
2018-08-22,58-0142-00-313,58-0142-00,Pokegama,Lake,Pine,07030004,-93.063,45.86158,Phosphorus,Y,0.108,0.108,mg/L,0.003,0.001,mg/L
2018-08-07,58-0142-00-313,58-0142-00,Pokegama,Lake,Pine,07030004,-93.063,45.86158,Phosphorus,Y,0.101,0.101,mg/L,0.003,0.001,mg/L
2018-07-10,58-0142-00-313,58-0142-00,Pokegama,Lake,Pine,07030004,-93.063,45.86158,Phosphorus,Y,0.13,0.130,mg/L,0.003,0.001,mg/L
2018-06-27,58-0142-00-313,58-0142-00,Pokegama,Lake,Pine,07030004,-93.063,45.86158,Phosphorus,Y,0.106,0.106,mg/L,0.003,0.001,mg/L
2007-11-15,S000-128,07030004-587,Snake River,River/Stream,Pine,07030004,-92.765897,45.825384,Turbidity,Y,5.5,5.5,NTRU,0.2,,NTRU
2007-11-15,S000-128,07030004-587,Snake River,River/Stream,Pine,07030004,-92.765897,45.825384,Orthophosphate,Y,0.035,0.035,mg/L,0.005,,mg/L
2007-11-15,S000-128,07030004-587,Snake River,River/Stream,Pine,07030004,-92.765897,45.825384,Phosphorus,Y,0.081,0.081,mg/L,0.003,,mg/L
2007-11-15,S000-128,07030004-587,Snake River,River/Stream,Pine,07030004,-92.765897,45.825384,Kjeldahl nitrogen,Y,1.22,1.22,mg/L,0.25,,mg/L
2007-11-15,S000-128,07030004-587,Snake River,River/Stream,Pine,07030004,-92.765897,45.825384,Chloride,Y,6.3,6.3,mg/L,1,,mg/L
2007-11-15,S000-128,07030004-587,Snake River,River/Stream,Pine,07030004,-92.765897,45.825384,Sulfate,Y,5.52,5.52,mg/L,1,,mg/L
2007-11-15,S000-128,07030004-587,Snake River,River/Stream,Pine,07030004,-92.765897,45.825384,Turbidity,Y,4.4,4.4,FNU,,,
2007-11-15,S000-128,07030004-587,Snake River,River/Stream,Pine,07030004,-92.765897,45.825384,"Temperature, water",Y,3.15,3.15,deg C,,,
2007-11-15,S000-128,07030004-587,Snake River,River/Stream,Pine,07030004,-92.765897,45.825384,Specific conductance,Y,173,173,uS/cm,,,
2007-11-15,S000-128,07030004-587,Snake River,River/Stream,Pine,07030004,-92.765897,45.825384,pH,Y,7.94,7.94,None,,,
2007-11-15,S000-128,07030004-587,Snake River,River/Stream,Pine,07030004,-92.765897,45.825384,Dissolved oxygen (DO),Y,12.7,12.7,mg/L,,,
2007-10-25,S000-128,07030004-587,Snake River,River/Stream,Pine,07030004,-92.765897,45.825384,Dissolved oxygen (DO),Y,9.35,9.35,mg/L,,,
2007-10-25,S000-128,07030004-587,Snake River,River/Stream,Pine,07030004,-92.765897,45.825384,Orthophosphate,Y,0.036,0.036,mg/L,0.005,,mg/L
2007-10-25,S000-128,07030004-587,Snake River,River/Stream,Pine,07030004,-92.765897,45.825384,Phosphorus,Y,0.103,0.103,mg/L,0.003,,mg/L
2007-10-25,S000-128,07030004-587,Snake River,River/Stream,Pine,07030004,-92.765897,45.825384,Kjeldahl nitrogen,Y,1.36,1.36,mg/L,0.13,,mg/L
2007-10-25,S000-128,07030004-587,Snake River,River/Stream,Pine,07030004,-92.765897,45.825384,Chloride,Y,5.3,5.3,mg/L,1,,mg/L
2007-10-25,S000-128,07030004-587,Snake River,River/Stream,Pine,07030004,-92.765897,45.825384,Sulfate,Y,4.63,4.63,mg/L,1,,mg/L
2007-10-25,S000-128,07030004-587,Snake River,River/Stream,Pine,07030004,-92.765897,45.825384,Turbidity,Y,5.3,5.3,FNU,,,
2007-10-25,S000-128,07030004-587,Snake River,River/Stream,Pine,07030004,-92.765897,45.825384,"Temperature, water",Y,9.12,9.12,deg C,,,
2007-10-25,S000-128,07030004-587,Snake River,River/Stream,Pine,07030004,-92.765897,45.825384,Specific conductance,Y,142,142,uS/cm,,,
2007-10-25,S000-128,07030004-587,Snake River,River/Stream,Pine,07030004,-92.765897,45.825384,pH,Y,7.43,7.43,None,,,
2007-10-25,S000-128,07030004-587,Snake River,River/Stream,Pine,07030004,-92.765897,45.825384,Turbidity,Y,6.3,6.3,NTRU,0.2,,NTRU
2007-10-17,S000-128,07030004-587,Snake River,River/Stream,Pine,07030004,-92.765897,45.825384,Turbidity,Y,10.1,10.1,FNU,,,
2007-10-17,S000-128,07030004-587,Snake River,River/Stream,Pine,07030004,-92.765897,45.825384,Sulfate,Y,4.66,4.66,mg/L,1,,mg/L
2007-10-17,S000-128,07030004-587,Snake River,River/Stream,Pine,07030004,-92.765897,45.825384,Turbidity,Y,12,12,NTRU,0.2,,NTRU
2007-10-17,S000-128,07030004-587,Snake River,River/Stream,Pine,07030004,-92.765897,45.825384,Chloride,Y,8.2,8.2,mg/L,1,,mg/L
2007-10-17,S000-128,07030004-587,Snake River,River/Stream,Pine,07030004,-92.765897,45.825384,Orthophosphate,Y,0.047,0.047,mg/L,0.005,,mg/L
2007-10-17,S000-128,07030004-587,Snake River,River/Stream,Pine,07030004,-92.765897,45.825384,Kjeldahl nitrogen,Y,1.31,1.31,mg/L,0.1,,mg/L
2007-10-17,S000-128,07030004-587,Snake River,River/Stream,Pine,07030004,-92.765897,45.825384,Phosphorus,Y,0.122,0.122,mg/L,0.003,,mg/L
2007-10-17,S000-128,07030004-587,Snake River,River/Stream,Pine,07030004,-92.765897,45.825384,Dissolved oxygen (DO),Y,9.98,9.98,mg/L,,,
2007-10-17,S000-128,07030004-587,Snake River,River/Stream,Pine,07030004,-92.765897,45.825384,pH,Y,8.02,8.02,None,,,
2007-10-17,S000-128,07030004-587,Snake River,River/Stream,Pine,07030004,-92.765897,45.825384,Specific conductance,Y,217,217,uS/cm,,,
2007-10-17,S000-128,07030004-587,Snake River,River/Stream,Pine,07030004,-92.765897,45.825384,"Temperature, water",Y,11.17,11.17,deg C,,,
2007-10-11,S000-128,07030004-587,Snake River,River/Stream,Pine,07030004,-92.765897,45.825384,Chloride,Y,7.6,7.6,mg/L,1,,mg/L
2007-10-11,S000-128,07030004-587,Snake River,River/Stream,Pine,07030004,-92.765897,45.825384,Sulfate,Y,4.77,4.77,mg/L,1,,mg/L
2007-10-11,S000-128,07030004-587,Snake River,River/Stream,Pine,07030004,-92.765897,45.825384,Turbidity,Y,7.2,7.2,NTRU,0.2,,NTRU
2007-10-11,S000-128,07030004-587,Snake River,River/Stream,Pine,07030004,-92.765897,45.825384,Orthophosphate,Y,0.016,0.016,mg/L,0.005,,mg/L
2007-10-11,S000-128,07030004-587,Snake River,River/Stream,Pine,07030004,-92.765897,45.825384,Phosphorus,Y,0.068,0.068,mg/L,0.003,,mg/L
2007-10-11,S000-128,07030004-587,Snake River,River/Stream,Pine,07030004,-92.765897,45.825384,Kjeldahl nitrogen,Y,1.03,1.03,mg/L,0.1,,mg/L
2007-10-11,S000-128,07030004-587,Snake River,River/Stream,Pine,07030004,-92.765897,45.825384,Turbidity,Y,10.7,10.7,FNU,,,
2007-10-11,S000-128,07030004-587,Snake River,River/Stream,Pine,07030004,-92.765897,45.825384,"Temperature, water",Y,12.89,12.89,deg C,,,
2007-10-11,S000-128,07030004-587,Snake River,River/Stream,Pine,07030004,-92.765897,45.825384,Specific conductance,Y,222,222,uS/cm,,,
2007-10-11,S000-128,07030004-587,Snake River,River/Stream,Pine,07030004,-92.765897,45.825384,pH,Y,7.93,7.93,None,,,
2007-10-11,S000-128,07030004-587,Snake River,River/Stream,Pine,07030004,-92.765897,45.825384,Dissolved oxygen (DO),Y,11.4,11.4,mg/L,,,
2007-10-01,S000-128,07030004-587,Snake River,River/Stream,Pine,07030004,-92.765897,45.825384,Chloride,Y,7.7,7.7,mg/L,1,,mg/L
2007-10-01,S000-128,07030004-587,Snake River,River/Stream,Pine,07030004,-92.765897,45.825384,Sulfate,Y,4.3,4.30,mg/L,1,,mg/L
2007-10-01,S000-128,07030004-587,Snake River,River/Stream,Pine,07030004,-92.765897,45.825384,Orthophosphate,Y,0.038,0.038,mg/L,0.005,,mg/L
2007-10-01,S000-128,07030004-587,Snake River,River/Stream,Pine,07030004,-92.765897,45.825384,Phosphorus,Y,0.102,0.102,mg/L,0.003,,mg/L
2007-10-01,S000-128,07030004-587,Snake River,River/Stream,Pine,07030004,-92.765897,45.825384,Kjeldahl nitrogen,Y,0.95,0.95,mg/L,0.1,,mg/L
2007-10-01,S000-128,07030004-587,Snake River,River/Stream,Pine,07030004,-92.765897,45.825384,Dissolved oxygen (DO),Y,10.45,10.45,mg/L,,,
2007-10-01,S000-128,07030004-587,Snake River,River/Stream,Pine,07030004,-92.765897,45.825384,pH,Y,8.41,8.41,None,,,
2007-10-01,S000-128,07030004-587,Snake River,River/Stream,Pine,07030004,-92.765897,45.825384,Specific conductance,Y,238,238,uS/cm,,,
2007-10-01,S000-128,07030004-587,Snake River,River/Stream,Pine,07030004,-92.765897,45.825384,"Temperature, water",Y,16.7,16.7,deg C,,,
2007-10-01,S000-128,07030004-587,Snake River,River/Stream,Pine,07030004,-92.765897,45.825384,Turbidity,Y,7.7,7.7,FNU,,,
2007-10-01,S000-128,07030004-587,Snake River,River/Stream,Pine,07030004,-92.765897,45.825384,Turbidity,Y,9.8,9.8,NTRU,0.2,,NTRU
2007-09-20,S000-128,07030004-587,Snake River,River/Stream,Pine,07030004,-92.765897,45.825384,pH,Y,8.34,8.34,None,,,
2007-09-20,S000-128,07030004-587,Snake River,River/Stream,Pine,07030004,-92.765897,45.825384,Specific conductance,Y,252,252,uS/cm,,,
2007-09-20,S000-128,07030004-587,Snake River,River/Stream,Pine,07030004,-92.765897,45.825384,"Temperature, water",Y,14.93,14.93,deg C,,,
2007-09-20,S000-128,07030004-587,Snake River,River/Stream,Pine,07030004,-92.765897,45.825384,Turbidity,Y,16,16,FNU,,,
2007-09-20,S000-128,07030004-587,Snake River,River/Stream,Pine,07030004,-92.765897,45.825384,Kjeldahl nitrogen,Y,0.38,0.38,mg/L,0.1,,mg/L
2007-09-20,S000-128,07030004-587,Snake River,River/Stream,Pine,07030004,-92.765897,45.825384,Chloride,Y,12,12,mg/L,1,,mg/L
2007-09-20,S000-128,07030004-587,Snake River,River/Stream,Pine,07030004,-92.765897,45.825384,Sulfate,Y,3.59,3.59,mg/L,1,,mg/L
2007-09-20,S000-128,07030004-587,Snake River,River/Stream,Pine,07030004,-92.765897,45.825384,Turbidity,Y,5.7,5.7,NTRU,0.2,,NTRU
2007-09-20,S000-128,07030004-587,Snake River,River/Stream,Pine,07030004,-92.765897,45.825384,Dissolved oxygen (DO),Y,9.28,9.28,mg/L,,,
2007-09-20,S000-128,07030004-587,Snake River,River/Stream,Pine,07030004,-92.765897,45.825384,Phosphorus,Y,0.032,0.032,mg/L,0.003,,mg/L
2007-09-20,S000-128,07030004-587,Snake River,River/Stream,Pine,07030004,-92.765897,45.825384,Orthophosphate,Y,0.011,0.011,mg/L,0.005,,mg/L
2007-09-07,S000-128,07030004-587,Snake River,River/Stream,Pine,07030004,-92.765897,45.825384,Turbidity,Y,16,16,NTRU,0.2,,NTRU
2007-09-07,S000-128,07030004-587,Snake River,River/Stream,Pine,07030004,-92.765897,45.825384,Sulfate,Y,3.62,3.62,mg/L,1,,mg/L
2007-09-07,S000-128,07030004-587,Snake River,River/Stream,Pine,07030004,-92.765897,45.825384,Chloride,Y,7.7,7.7,mg/L,1,,mg/L
2007-09-07,S000-128,07030004-587,Snake River,River/Stream,Pine,07030004,-92.765897,45.825384,Kjeldahl nitrogen,Y,1.35,1.35,mg/L,0.1,,mg/L
2007-09-07,S000-128,07030004-587,Snake River,River/Stream,Pine,07030004,-92.765897,45.825384,Phosphorus,Y,0.136,0.136,mg/L,0.003,,mg/L
2007-09-07,S000-128,07030004-587,Snake River,River/Stream,Pine,07030004,-92.765897,45.825384,Orthophosphate,Y,0.051,0.051,mg/L,0.005,,mg/L
2007-09-07,S000-128,07030004-587,Snake River,River/Stream,Pine,07030004,-92.765897,45.825384,Dissolved oxygen (DO),Y,8.46,8.46,mg/L,,,
2007-09-07,S000-128,07030004-587,Snake River,River/Stream,Pine,07030004,-92.765897,45.825384,pH,Y,8.59,8.59,None,,,
2007-09-07,S000-128,07030004-587,Snake River,River/Stream,Pine,07030004,-92.765897,45.825384,Specific conductance,Y,246,246,uS/cm,,,
2007-09-07,S000-128,07030004-587,Snake River,River/Stream,Pine,07030004,-92.765897,45.825384,"Temperature, water",Y,22.91,22.91,deg C,,,
2007-09-07,S000-128,07030004-587,Snake River,River/Stream,Pine,07030004,-92.765897,45.825384,Turbidity,Y,17.9,17.9,FNU,,,
2007-08-22,S000-128,07030004-587,Snake River,River/Stream,Pine,07030004,-92.765897,45.825384,Orthophosphate,Y,0.046,0.046,mg/L,0.005,,mg/L
2007-08-22,S000-128,07030004-587,Snake River,River/Stream,Pine,07030004,-92.765897,45.825384,"Temperature, water",Y,19.06,19.06,deg C,,,
2007-08-22,S000-128,07030004-587,Snake River,River/Stream,Pine,07030004,-92.765897,45.825384,Phosphorus,Y,0.161,0.161,mg/L,0.003,,mg/L
2007-08-22,S000-128,07030004-587,Snake River,River/Stream,Pine,07030004,-92.765897,45.825384,Kjeldahl nitrogen,Y,1.81,1.81,mg/L,0.1,,mg/L
2007-08-22,S000-128,07030004-587,Snake River,River/Stream,Pine,07030004,-92.765897,45.825384,Chloride,Y,7.1,7.1,mg/L,1,,mg/L
2007-08-22,S000-128,07030004-587,Snake River,River/Stream,Pine,07030004,-92.765897,45.825384,Sulfate,Y,2.57,2.57,mg/L,1,,mg/L
2007-08-22,S000-128,07030004-587,Snake River,River/Stream,Pine,07030004,-92.765897,45.825384,Turbidity,Y,21,21,NTRU,0.2,,NTRU
2007-08-22,S000-128,07030004-587,Snake River,River/Stream,Pine,07030004,-92.765897,45.825384,Turbidity,Y,26.3,26.3,FNU,,,
2007-08-22,S000-128,07030004-587,Snake River,River/Stream,Pine,07030004,-92.765897,45.825384,Specific conductance,Y,232,232,uS/cm,,,
2007-08-22,S000-128,07030004-587,Snake River,River/Stream,Pine,07030004,-92.765897,45.825384,pH,Y,8.49,8.49,None,,,
2007-08-22,S000-128,07030004-587,Snake River,River/Stream,Pine,07030004,-92.765897,45.825384,Dissolved oxygen (DO),Y,9.52,9.52,mg/L,,,
2007-08-14,S000-128,07030004-587,Snake River,River/Stream,Pine,07030004,-92.765897,45.825384,Phosphorus,Y,0.129,0.129,mg/L,0.003,,mg/L
2007-08-14,S000-128,07030004-587,Snake River,River/Stream,Pine,07030004,-92.765897,45.825384,pH,Y,8.88,8.88,None,,,
2007-08-14,S000-128,07030004-587,Snake River,River/Stream,Pine,07030004,-92.765897,45.825384,Specific conductance,Y,171,171,uS/cm,,,
2007-08-14,S000-128,07030004-587,Snake River,River/Stream,Pine,07030004,-92.765897,45.825384,"Temperature, water",Y,24.52,24.52,deg C,,,
2007-08-14,S000-128,07030004-587,Snake River,River/Stream,Pine,07030004,-92.765897,45.825384,Turbidity,Y,19.1,19.1,FNU,,,
2007-08-14,S000-128,07030004-587,Snake River,River/Stream,Pine,07030004,-92.765897,45.825384,Kjeldahl nitrogen,Y,1.46,1.46,mg/L,0.1,,mg/L
2007-08-14,S000-128,07030004-587,Snake River,River/Stream,Pine,07030004,-92.765897,45.825384,Chloride,Y,6.6,6.6,mg/L,1,,mg/L
2007-08-14,S000-128,07030004-587,Snake River,River/Stream,Pine,07030004,-92.765897,45.825384,Sulfate,Y,2.64,2.64,mg/L,1,,mg/L
2007-08-14,S000-128,07030004-587,Snake River,River/Stream,Pine,07030004,-92.765897,45.825384,Orthophosphate,Y,0.031,0.031,mg/L,0.005,,mg/L
2007-08-14,S000-128,07030004-587,Snake River,River/Stream,Pine,07030004,-92.765897,45.825384,Turbidity,Y,25,25,NTRU,0.2,,NTRU
2007-08-14,S000-128,07030004-587,Snake River,River/Stream,Pine,07030004,-92.765897,45.825384,Dissolved oxygen (DO),Y,9.89,9.89,mg/L,,,
2007-08-11,S000-128,07030004-587,Snake River,River/Stream,Pine,07030004,-92.765897,45.825384,Turbidity,Y,8.8,8.8,FNU,,,
2007-08-11,S000-128,07030004-587,Snake River,River/Stream,Pine,07030004,-92.765897,45.825384,pH,Y,8.27,8.27,None,,,
2007-08-11,S000-128,07030004-587,Snake River,River/Stream,Pine,07030004,-92.765897,45.825384,Specific conductance,Y,231,231,uS/cm,,,
2007-08-11,S000-128,07030004-587,Snake River,River/Stream,Pine,07030004,-92.765897,45.825384,Turbidity,Y,10,10,NTRU,0.2,,NTRU
2007-08-11,S000-128,07030004-587,Snake River,River/Stream,Pine,07030004,-92.765897,45.825384,Dissolved oxygen (DO),Y,7.18,7.18,mg/L,,,
2007-08-11,S000-128,07030004-587,Snake River,River/Stream,Pine,07030004,-92.765897,45.825384,"Temperature, water",Y,23.01,23.01,deg C,,,
2007-08-11,S000-128,07030004-587,Snake River,River/Stream,Pine,07030004,-92.765897,45.825384,Chloride,Y,6.7,6.7,mg/L,1,,mg/L
2007-08-11,S000-128,07030004-587,Snake River,River/Stream,Pine,07030004,-92.765897,45.825384,Orthophosphate,Y,0.034,0.034,mg/L,0.005,,mg/L
2007-08-11,S000-128,07030004-587,Snake River,River/Stream,Pine,07030004,-92.765897,45.825384,Phosphorus,Y,0.102,0.102,mg/L,0.003,,mg/L
2007-08-11,S000-128,07030004-587,Snake River,River/Stream,Pine,07030004,-92.765897,45.825384,Kjeldahl nitrogen,Y,1.39,1.39,mg/L,0.1,,mg/L
2007-08-11,S000-128,07030004-587,Snake River,River/Stream,Pine,07030004,-92.765897,45.825384,Sulfate,Y,2.82,2.82,mg/L,1,,mg/L
2007-07-25,S000-128,07030004-587,Snake River,River/Stream,Pine,07030004,-92.765897,45.825384,Orthophosphate,Y,0.041,0.041,mg/L,0.005,,mg/L
2007-07-25,S000-128,07030004-587,Snake River,River/Stream,Pine,07030004,-92.765897,45.825384,Dissolved oxygen (DO),Y,8.28,8.28,mg/L,,,
2007-07-25,S000-128,07030004-587,Snake River,River/Stream,Pine,07030004,-92.765897,45.825384,pH,Y,8.36,8.36,None,,,
2007-07-25,S000-128,07030004-587,Snake River,River/Stream,Pine,07030004,-92.765897,45.825384,Turbidity,Y,5.8,5.8,FNU,,,
2007-07-25,S000-128,07030004-587,Snake River,River/Stream,Pine,07030004,-92.765897,45.825384,Phosphorus,Y,0.098,0.098,mg/L,0.003,,mg/L
2007-07-25,S000-128,07030004-587,Snake River,River/Stream,Pine,07030004,-92.765897,45.825384,Kjeldahl nitrogen,Y,1.2,1.20,mg/L,0.1,,mg/L
2007-07-25,S000-128,07030004-587,Snake River,River/Stream,Pine,07030004,-92.765897,45.825384,Sulfate,Y,2.81,2.81,mg/L,1,,mg/L
2007-07-25,S000-128,07030004-587,Snake River,River/Stream,Pine,07030004,-92.765897,45.825384,Turbidity,Y,7.3,7.3,NTRU,0.2,,NTRU
2007-07-25,S000-128,07030004-587,Snake River,River/Stream,Pine,07030004,-92.765897,45.825384,Chloride,Y,6.7,6.7,mg/L,1,,mg/L
2007-07-25,S000-128,07030004-587,Snake River,River/Stream,Pine,07030004,-92.765897,45.825384,"Temperature, water",Y,26.4,26.4,deg C,,,
2007-07-25,S000-128,07030004-587,Snake River,River/Stream,Pine,07030004,-92.765897,45.825384,Specific conductance,Y,203,203,uS/cm,,,
2007-07-12,S000-128,07030004-587,Snake River,River/Stream,Pine,07030004,-92.765897,45.825384,Sulfate,Y,3.47,3.47,mg/L,1,,mg/L
2007-07-12,S000-128,07030004-587,Snake River,River/Stream,Pine,07030004,-92.765897,45.825384,Dissolved oxygen (DO),Y,10.24,10.24,mg/L,,,
2007-07-12,S000-128,07030004-587,Snake River,River/Stream,Pine,07030004,-92.765897,45.825384,Turbidity,Y,8.4,8.4,NTRU,0.2,,NTRU
2007-07-12,S000-128,07030004-587,Snake River,River/Stream,Pine,07030004,-92.765897,45.825384,Phosphorus,Y,0.08,0.080,mg/L,0.003,,mg/L
2007-07-12,S000-128,07030004-587,Snake River,River/Stream,Pine,07030004,-92.765897,45.825384,Orthophosphate,Y,0.019,0.019,mg/L,0.005,,mg/L
2007-07-12,S000-128,07030004-587,Snake River,River/Stream,Pine,07030004,-92.765897,45.825384,Kjeldahl nitrogen,Y,1.16,1.16,mg/L,0.1,,mg/L
2007-07-12,S000-128,07030004-587,Snake River,River/Stream,Pine,07030004,-92.765897,45.825384,Chloride,Y,6.1,6.1,mg/L,1,,mg/L
2007-07-12,S000-128,07030004-587,Snake River,River/Stream,Pine,07030004,-92.765897,45.825384,Turbidity,Y,7.6,7.6,FNU,,,
2007-07-12,S000-128,07030004-587,Snake River,River/Stream,Pine,07030004,-92.765897,45.825384,"Temperature, water",Y,24.13,24.13,deg C,,,
2007-07-12,S000-128,07030004-587,Snake River,River/Stream,Pine,07030004,-92.765897,45.825384,Specific conductance,Y,221,221,uS/cm,,,
2007-07-12,S000-128,07030004-587,Snake River,River/Stream,Pine,07030004,-92.765897,45.825384,pH,Y,8.93,8.93,None,,,
2007-06-28,S000-128,07030004-587,Snake River,River/Stream,Pine,07030004,-92.765897,45.825384,Kjeldahl nitrogen,Y,0.99,0.99,mg/L,0.1,,mg/L
2007-06-28,S000-128,07030004-587,Snake River,River/Stream,Pine,07030004,-92.765897,45.825384,Chloride,Y,5.9,5.9,mg/L,1,,mg/L
2007-06-28,S000-128,07030004-587,Snake River,River/Stream,Pine,07030004,-92.765897,45.825384,Sulfate,Y,3.39,3.39,mg/L,1,,mg/L
2007-06-28,S000-128,07030004-587,Snake River,River/Stream,Pine,07030004,-92.765897,45.825384,Turbidity,Y,5.5,5.5,NTRU,0.2,,NTRU
2007-06-28,S000-128,07030004-587,Snake River,River/Stream,Pine,07030004,-92.765897,45.825384,Orthophosphate,Y,0.022,0.022,mg/L,0.005,,mg/L
2007-06-28,S000-128,07030004-587,Snake River,River/Stream,Pine,07030004,-92.765897,45.825384,Phosphorus,Y,0.073,0.073,mg/L,0.003,,mg/L
2007-06-16,S000-128,07030004-587,Snake River,River/Stream,Pine,07030004,-92.765897,45.825384,Kjeldahl nitrogen,Y,1.07,1.07,mg/L,0.1,,mg/L
2007-06-16,S000-128,07030004-587,Snake River,River/Stream,Pine,07030004,-92.765897,45.825384,Phosphorus,Y,0.083,0.083,mg/L,0.003,,mg/L
2007-06-16,S000-128,07030004-587,Snake River,River/Stream,Pine,07030004,-92.765897,45.825384,Orthophosphate,Y,0.023,0.023,mg/L,0.005,,mg/L
2007-06-16,S000-128,07030004-587,Snake River,River/Stream,Pine,07030004,-92.765897,45.825384,Chloride,Y,5.4,5.4,mg/L,1,,mg/L
2007-06-16,S000-128,07030004-587,Snake River,River/Stream,Pine,07030004,-92.765897,45.825384,Sulfate,Y,3.8,3.80,mg/L,1,,mg/L
2007-06-16,S000-128,07030004-587,Snake River,River/Stream,Pine,07030004,-92.765897,45.825384,Turbidity,Y,5.5,5.5,NTRU,0.2,,NTRU
2007-06-16,S000-128,07030004-587,Snake River,River/Stream,Pine,07030004,-92.765897,45.825384,Turbidity,Y,3.6,3.6,FNU,,,
2007-06-16,S000-128,07030004-587,Snake River,River/Stream,Pine,07030004,-92.765897,45.825384,"Temperature, water",Y,27.66,27.66,deg C,,,
2007-06-16,S000-128,07030004-587,Snake River,River/Stream,Pine,07030004,-92.765897,45.825384,Specific conductance,Y,189,189,uS/cm,,,
2007-06-16,S000-128,07030004-587,Snake River,River/Stream,Pine,07030004,-92.765897,45.825384,Dissolved oxygen (DO),Y,9.25,9.25,mg/L,,,
2007-06-16,S000-128,07030004-587,Snake River,River/Stream,Pine,07030004,-92.765897,45.825384,pH,Y,8.66,8.66,None,,,
2007-06-05,S000-128,07030004-587,Snake River,River/Stream,Pine,07030004,-92.765897,45.825384,Specific conductance,Y,199,199,uS/cm,,,
2007-06-05,S000-128,07030004-587,Snake River,River/Stream,Pine,07030004,-92.765897,45.825384,"Temperature, water",Y,21.68,21.68,deg C,,,
2007-06-05,S000-128,07030004-587,Snake River,River/Stream,Pine,07030004,-92.765897,45.825384,Turbidity,Y,5.8,5.8,FNU,,,
2007-06-05,S000-128,07030004-587,Snake River,River/Stream,Pine,07030004,-92.765897,45.825384,Dissolved oxygen (DO),Y,9.96,9.96,mg/L,,,
2007-06-05,S000-128,07030004-587,Snake River,River/Stream,Pine,07030004,-92.765897,45.825384,pH,Y,8.37,8.37,None,,,
2007-06-05,S000-128,07030004-587,Snake River,River/Stream,Pine,07030004,-92.765897,45.825384,Turbidity,Y,5.2,5.2,NTRU,0.2,,NTRU
2007-06-05,S000-128,07030004-587,Snake River,River/Stream,Pine,07030004,-92.765897,45.825384,Sulfate,Y,4.82,4.82,mg/L,1,,mg/L
2007-06-05,S000-128,07030004-587,Snake River,River/Stream,Pine,07030004,-92.765897,45.825384,Chloride,Y,7,7.0,mg/L,1,,mg/L
2007-06-05,S000-128,07030004-587,Snake River,River/Stream,Pine,07030004,-92.765897,45.825384,Kjeldahl nitrogen,Y,0.96,0.96,mg/L,0.1,,mg/L
2007-06-05,S000-128,07030004-587,Snake River,River/Stream,Pine,07030004,-92.765897,45.825384,Phosphorus,Y,0.098,0.098,mg/L,0.003,,mg/L
2007-06-05,S000-128,07030004-587,Snake River,River/Stream,Pine,07030004,-92.765897,45.825384,Orthophosphate,Y,0.027,0.027,mg/L,0.005,,mg/L
2007-05-26,S000-128,07030004-587,Snake River,River/Stream,Pine,07030004,-92.765897,45.825384,Kjeldahl nitrogen,Y,1.05,1.05,mg/L,0.1,,mg/L
2007-05-26,S000-128,07030004-587,Snake River,River/Stream,Pine,07030004,-92.765897,45.825384,Phosphorus,Y,0.086,0.086,mg/L,0.003,,mg/L
2007-05-26,S000-128,07030004-587,Snake River,River/Stream,Pine,07030004,-92.765897,45.825384,Orthophosphate,Y,0.031,0.031,mg/L,0.005,,mg/L
2007-05-26,S000-128,07030004-587,Snake River,River/Stream,Pine,07030004,-92.765897,45.825384,Chloride,Y,7.9,7.9,mg/L,1,,mg/L
2007-05-26,S000-128,07030004-587,Snake River,River/Stream,Pine,07030004,-92.765897,45.825384,Sulfate,Y,5.01,5.01,mg/L,1,,mg/L
2007-05-26,S000-128,07030004-587,Snake River,River/Stream,Pine,07030004,-92.765897,45.825384,Total solids,Y,150,150,mg/L,10,,mg/L
2007-05-26,S000-128,07030004-587,Snake River,River/Stream,Pine,07030004,-92.765897,45.825384,Turbidity,Y,3.1,3.1,NTRU,0.2,,NTRU
2007-05-26,S000-128,07030004-587,Snake River,River/Stream,Pine,07030004,-92.765897,45.825384,Total volatile solids,Y,59,59,mg/L,10,,mg/L
2007-05-26,S000-128,07030004-587,Snake River,River/Stream,Pine,07030004,-92.765897,45.825384,Turbidity,Y,3.8,3.8,FNU,,,
2007-05-26,S000-128,07030004-587,Snake River,River/Stream,Pine,07030004,-92.765897,45.825384,"Temperature, water",Y,14.62,14.62,deg C,,,
2007-05-26,S000-128,07030004-587,Snake River,River/Stream,Pine,07030004,-92.765897,45.825384,Specific conductance,Y,147,147,uS/cm,,,
2007-05-26,S000-128,07030004-587,Snake River,River/Stream,Pine,07030004,-92.765897,45.825384,pH,Y,7.6,7.6,None,,,
2007-05-26,S000-128,07030004-587,Snake River,River/Stream,Pine,07030004,-92.765897,45.825384,Dissolved oxygen (DO),Y,9.3,9.3,mg/L,,,
2007-05-16,S000-128,07030004-587,Snake River,River/Stream,Pine,07030004,-92.765897,45.825384,Orthophosphate,Y,0.025,0.025,mg/L,0.005,,mg/L
2007-05-16,S000-128,07030004-587,Snake River,River/Stream,Pine,07030004,-92.765897,45.825384,Kjeldahl nitrogen,Y,0.91,0.91,mg/L,0.1,,mg/L
2007-05-16,S000-128,07030004-587,Snake River,River/Stream,Pine,07030004,-92.765897,45.825384,Chloride,Y,6.4,6.4,mg/L,1,,mg/L
2007-05-16,S000-128,07030004-587,Snake River,River/Stream,Pine,07030004,-92.765897,45.825384,Sulfate,Y,4.7,4.70,mg/L,1,,mg/L
2007-05-16,S000-128,07030004-587,Snake River,River/Stream,Pine,07030004,-92.765897,45.825384,Total solids,Y,130,130,mg/L,10,,mg/L
2007-05-16,S000-128,07030004-587,Snake River,River/Stream,Pine,07030004,-92.765897,45.825384,Specific conductance,Y,137,137,uS/cm,,,
2007-05-16,S000-128,07030004-587,Snake River,River/Stream,Pine,07030004,-92.765897,45.825384,Dissolved oxygen (DO),Y,8.47,8.47,mg/L,,,
2007-05-16,S000-128,07030004-587,Snake River,River/Stream,Pine,07030004,-92.765897,45.825384,Total volatile solids,Y,56,56,mg/L,10,,mg/L
2007-05-16,S000-128,07030004-587,Snake River,River/Stream,Pine,07030004,-92.765897,45.825384,Turbidity,Y,4.1,4.1,NTRU,0.2,,NTRU
2007-05-16,S000-128,07030004-587,Snake River,River/Stream,Pine,07030004,-92.765897,45.825384,Turbidity,Y,3.4,3.4,FNU,,,
2007-05-16,S000-128,07030004-587,Snake River,River/Stream,Pine,07030004,-92.765897,45.825384,"Temperature, water",Y,15.37,15.37,deg C,,,
2007-05-16,S000-128,07030004-587,Snake River,River/Stream,Pine,07030004,-92.765897,45.825384,Phosphorus,Y,0.068,0.068,mg/L,0.003,,mg/L
2007-05-16,S000-128,07030004-587,Snake River,River/Stream,Pine,07030004,-92.765897,45.825384,Kjeldahl nitrogen,Y,0.96,0.96,mg/L,0.1,,mg/L
2007-05-16,S000-128,07030004-587,Snake River,River/Stream,Pine,07030004,-92.765897,45.825384,Phosphorus,Y,0.082,0.082,mg/L,0.003,,mg/L
2007-05-16,S000-128,07030004-587,Snake River,River/Stream,Pine,07030004,-92.765897,45.825384,Orthophosphate,Y,0.025,0.025,mg/L,0.005,,mg/L
2007-05-16,S000-128,07030004-587,Snake River,River/Stream,Pine,07030004,-92.765897,45.825384,Dissolved oxygen (DO),Y,9.77,9.77,mg/L,,,
2007-05-16,S000-128,07030004-587,Snake River,River/Stream,Pine,07030004,-92.765897,45.825384,Specific conductance,Y,160,160,uS/cm,,,
2007-05-16,S000-128,07030004-587,Snake River,River/Stream,Pine,07030004,-92.765897,45.825384,"Temperature, water",Y,15,15,deg C,,,
2007-05-16,S000-128,07030004-587,Snake River,River/Stream,Pine,07030004,-92.765897,45.825384,Turbidity,Y,3.1,3.1,FNU,,,
2007-05-16,S000-128,07030004-587,Snake River,River/Stream,Pine,07030004,-92.765897,45.825384,Total solids,Y,140,140,mg/L,10,,mg/L
2007-05-16,S000-128,07030004-587,Snake River,River/Stream,Pine,07030004,-92.765897,45.825384,Total volatile solids,Y,62,62,mg/L,10,,mg/L
2007-05-16,S000-128,07030004-587,Snake River,River/Stream,Pine,07030004,-92.765897,45.825384,Turbidity,Y,4.9,4.9,NTRU,0.2,,NTRU
2007-05-16,S000-128,07030004-587,Snake River,River/Stream,Pine,07030004,-92.765897,45.825384,Sulfate,Y,4.97,4.97,mg/L,1,,mg/L
2007-05-16,S000-128,07030004-587,Snake River,River/Stream,Pine,07030004,-92.765897,45.825384,Chloride,Y,6,6.0,mg/L,1,,mg/L
2007-05-04,S000-128,07030004-587,Snake River,River/Stream,Pine,07030004,-92.765897,45.825384,Chloride,Y,6.1,6.1,mg/L,1,,mg/L
2007-05-04,S000-128,07030004-587,Snake River,River/Stream,Pine,07030004,-92.765897,45.825384,Sulfate,Y,5.54,5.54,mg/L,1,,mg/L
2007-05-04,S000-128,07030004-587,Snake River,River/Stream,Pine,07030004,-92.765897,45.825384,Phosphorus,Y,0.074,0.074,mg/L,0.003,,mg/L
2007-05-04,S000-128,07030004-587,Snake River,River/Stream,Pine,07030004,-92.765897,45.825384,Orthophosphate,Y,0.017,0.017,mg/L,0.005,,mg/L
2007-05-04,S000-128,07030004-587,Snake River,River/Stream,Pine,07030004,-92.765897,45.825384,Dissolved oxygen (DO),Y,9.7,9.70,mg/L,,,
2007-05-04,S000-128,07030004-587,Snake River,River/Stream,Pine,07030004,-92.765897,45.825384,pH,Y,7.68,7.68,None,,,
2007-05-04,S000-128,07030004-587,Snake River,River/Stream,Pine,07030004,-92.765897,45.825384,Specific conductance,Y,155,155,uS/cm,,,
2007-05-04,S000-128,07030004-587,Snake River,River/Stream,Pine,07030004,-92.765897,45.825384,"Temperature, water",Y,15.21,15.21,deg C,,,
2007-05-04,S000-128,07030004-587,Snake River,River/Stream,Pine,07030004,-92.765897,45.825384,Total volatile solids,Y,59,59,mg/L,10,,mg/L
2007-05-04,S000-128,07030004-587,Snake River,River/Stream,Pine,07030004,-92.765897,45.825384,Turbidity,Y,3,3.0,NTRU,0.2,,NTRU
2007-05-04,S000-128,07030004-587,Snake River,River/Stream,Pine,07030004,-92.765897,45.825384,Total solids,Y,120,120,mg/L,10,,mg/L
2007-05-04,S000-128,07030004-587,Snake River,River/Stream,Pine,07030004,-92.765897,45.825384,Kjeldahl nitrogen,Y,1.03,1.03,mg/L,0.1,,mg/L
2007-04-25,S000-128,07030004-587,Snake River,River/Stream,Pine,07030004,-92.765897,45.825384,Chloride,Y,5,5.0,mg/L,1,,mg/L
2007-04-25,S000-128,07030004-587,Snake River,River/Stream,Pine,07030004,-92.765897,45.825384,Kjeldahl nitrogen,Y,1.04,1.04,mg/L,0.1,,mg/L
2007-04-25,S000-128,07030004-587,Snake River,River/Stream,Pine,07030004,-92.765897,45.825384,Orthophosphate,Y,0.011,0.011,mg/L,0.005,,mg/L
2007-04-25,S000-128,07030004-587,Snake River,River/Stream,Pine,07030004,-92.765897,45.825384,Sulfate,Y,13,13,mg/L,5,,mg/L
2007-04-25,S000-128,07030004-587,Snake River,River/Stream,Pine,07030004,-92.765897,45.825384,Phosphorus,Y,0.07,0.070,mg/L,0.003,,mg/L
2007-04-25,S000-128,07030004-587,Snake River,River/Stream,Pine,07030004,-92.765897,45.825384,Turbidity,Y,0,0,FNU,,,
2007-04-25,S000-128,07030004-587,Snake River,River/Stream,Pine,07030004,-92.765897,45.825384,"Temperature, water",Y,12.76,12.76,deg C,,,
2007-04-25,S000-128,07030004-587,Snake River,River/Stream,Pine,07030004,-92.765897,45.825384,Specific conductance,Y,144,144,uS/cm,,,
2007-04-25,S000-128,07030004-587,Snake River,River/Stream,Pine,07030004,-92.765897,45.825384,pH,Y,7.46,7.46,None,,,
2007-04-25,S000-128,07030004-587,Snake River,River/Stream,Pine,07030004,-92.765897,45.825384,Total volatile solids,Y,60,60,mg/L,10,,mg/L
2007-04-25,S000-128,07030004-587,Snake River,River/Stream,Pine,07030004,-92.765897,45.825384,Dissolved oxygen (DO),Y,9.45,9.45,mg/L,,,
2007-04-25,S000-128,07030004-587,Snake River,River/Stream,Pine,07030004,-92.765897,45.825384,Turbidity,Y,4.2,4.2,NTRU,0.2,,NTRU
2007-04-25,S000-128,07030004-587,Snake River,River/Stream,Pine,07030004,-92.765897,45.825384,Total solids,Y,130,130,mg/L,10,,mg/L
2007-04-18,S000-128,07030004-587,Snake River,River/Stream,Pine,07030004,-92.765897,45.825384,pH,Y,7.38,7.38,None,,,
2007-04-18,S000-128,07030004-587,Snake River,River/Stream,Pine,07030004,-92.765897,45.825384,Total solids,Y,130,130,mg/L,10,,mg/L
2007-04-18,S000-128,07030004-587,Snake River,River/Stream,Pine,07030004,-92.765897,45.825384,Turbidity,Y,3.5,3.5,NTRU,0.2,,NTRU
2007-04-18,S000-128,07030004-587,Snake River,River/Stream,Pine,07030004,-92.765897,45.825384,Total volatile solids,Y,61,61,mg/L,10,,mg/L
2007-04-18,S000-128,07030004-587,Snake River,River/Stream,Pine,07030004,-92.765897,45.825384,Chloride,Y,5.6,5.6,mg/L,1,,mg/L
2007-04-18,S000-128,07030004-587,Snake River,River/Stream,Pine,07030004,-92.765897,45.825384,Kjeldahl nitrogen,Y,1.1,1.10,mg/L,0.1,,mg/L
2007-04-18,S000-128,07030004-587,Snake River,River/Stream,Pine,07030004,-92.765897,45.825384,Phosphorus,Y,0.072,0.072,mg/L,0.003,,mg/L
2007-04-18,S000-128,07030004-587,Snake River,River/Stream,Pine,07030004,-92.765897,45.825384,Sulfate,Y,12,12,mg/L,5,,mg/L
2007-04-18,S000-128,07030004-587,Snake River,River/Stream,Pine,07030004,-92.765897,45.825384,Orthophosphate,Y,0.01,0.010,mg/L,0.005,,mg/L
2007-04-18,S000-128,07030004-587,Snake River,River/Stream,Pine,07030004,-92.765897,45.825384,Turbidity,Y,0.5,0.5,FNU,,,
2007-04-18,S000-128,07030004-587,Snake River,River/Stream,Pine,07030004,-92.765897,45.825384,"Temperature, water",Y,7.71,7.71,deg C,,,
2007-04-18,S000-128,07030004-587,Snake River,River/Stream,Pine,07030004,-92.765897,45.825384,Specific conductance,Y,144,144,uS/cm,,,
2007-04-18,S000-128,07030004-587,Snake River,River/Stream,Pine,07030004,-92.765897,45.825384,Dissolved oxygen (DO),Y,10.23,10.23,mg/L,,,
2007-04-02,S000-128,07030004-587,Snake River,River/Stream,Pine,07030004,-92.765897,45.825384,Orthophosphate,Y,0.03,0.030,mg/L,0.005,,mg/L
2007-04-02,S000-128,07030004-587,Snake River,River/Stream,Pine,07030004,-92.765897,45.825384,Phosphorus,Y,0.1,0.100,mg/L,0.003,,mg/L
2007-04-02,S000-128,07030004-587,Snake River,River/Stream,Pine,07030004,-92.765897,45.825384,Kjeldahl nitrogen,Y,1.27,1.27,mg/L,0.1,,mg/L
2007-04-02,S000-128,07030004-587,Snake River,River/Stream,Pine,07030004,-92.765897,45.825384,Total solids,Y,110,110,mg/L,10,,mg/L
2007-04-02,S000-128,07030004-587,Snake River,River/Stream,Pine,07030004,-92.765897,45.825384,Turbidity,Y,6.2,6.2,NTRU,0.2,,NTRU
2007-04-02,S000-128,07030004-587,Snake River,River/Stream,Pine,07030004,-92.765897,45.825384,Total volatile solids,Y,55,55,mg/L,10,,mg/L
2007-04-02,S000-128,07030004-587,Snake River,River/Stream,Pine,07030004,-92.765897,45.825384,Turbidity,Y,1.8,1.8,FNU,,,
2007-04-02,S000-128,07030004-587,Snake River,River/Stream,Pine,07030004,-92.765897,45.825384,"Temperature, water",Y,4.3,4.3,deg C,,,
2007-04-02,S000-128,07030004-587,Snake River,River/Stream,Pine,07030004,-92.765897,45.825384,Specific conductance,Y,123,123,uS/cm,,,
2007-04-02,S000-128,07030004-587,Snake River,River/Stream,Pine,07030004,-92.765897,45.825384,Dissolved oxygen (DO),Y,9.6,9.6,mg/L,,,
2007-04-02,S000-128,07030004-587,Snake River,River/Stream,Pine,07030004,-92.765897,45.825384,pH,Y,7.81,7.81,None,,,
2007-03-26,S000-128,07030004-587,Snake River,River/Stream,Pine,07030004,-92.765897,45.825384,Dissolved oxygen (DO),Y,8.54,8.54,mg/L,,,
2007-03-26,S000-128,07030004-587,Snake River,River/Stream,Pine,07030004,-92.765897,45.825384,pH,Y,7.13,7.13,None,,,
2007-03-26,S000-128,07030004-587,Snake River,River/Stream,Pine,07030004,-92.765897,45.825384,Specific conductance,Y,183,183,uS/cm,,,
2007-03-26,S000-128,07030004-587,Snake River,River/Stream,Pine,07030004,-92.765897,45.825384,"Temperature, water",Y,2.91,2.91,deg C,,,
2007-03-26,S000-128,07030004-587,Snake River,River/Stream,Pine,07030004,-92.765897,45.825384,Turbidity,Y,14.4,14.4,FNU,,,
2007-03-26,S000-128,07030004-587,Snake River,River/Stream,Pine,07030004,-92.765897,45.825384,Total volatile solids,Y,51,51,mg/L,10,,mg/L
2007-03-26,S000-128,07030004-587,Snake River,River/Stream,Pine,07030004,-92.765897,45.825384,Orthophosphate,Y,0.047,0.047,mg/L,0.005,,mg/L
2007-03-26,S000-128,07030004-587,Snake River,River/Stream,Pine,07030004,-92.765897,45.825384,Total solids,Y,150,150,mg/L,10,,mg/L
2007-03-26,S000-128,07030004-587,Snake River,River/Stream,Pine,07030004,-92.765897,45.825384,Kjeldahl nitrogen,Y,1.48,1.48,mg/L,0.1,,mg/L
2007-03-26,S000-128,07030004-587,Snake River,River/Stream,Pine,07030004,-92.765897,45.825384,Nitrite,Y,0.01,0.01,mg/L,0.01,,mg/L
2007-03-26,S000-128,07030004-587,Snake River,River/Stream,Pine,07030004,-92.765897,45.825384,Phosphorus,Y,0.153,0.153,mg/L,0.003,,mg/L
2007-03-26,S000-128,07030004-587,Snake River,River/Stream,Pine,07030004,-92.765897,45.825384,Turbidity,Y,8.7,8.7,NTRU,0.2,,NTRU
2006-09-29,S000-128,07030004-587,Snake River,River/Stream,Pine,07030004,-92.765897,45.825384,"Temperature, water",Y,11.25,11.25,deg C,,,
2006-09-29,S000-128,07030004-587,Snake River,River/Stream,Pine,07030004,-92.765897,45.825384,Sulfate,Y,5.1,5.1,mg/L,5,,mg/L
2006-09-29,S000-128,07030004-587,Snake River,River/Stream,Pine,07030004,-92.765897,45.825384,Phosphorus,Y,0.04,0.040,mg/L,0.003,,mg/L
2006-09-29,S000-128,07030004-587,Snake River,River/Stream,Pine,07030004,-92.765897,45.825384,Ammonia-nitrogen,N,,,,0.05,,mg/L
2006-09-29,S000-128,07030004-587,Snake River,River/Stream,Pine,07030004,-92.765897,45.825384,Escherichia coli,Y,4,4,/100mL,4,,/100mL
2006-09-29,S000-128,07030004-587,Snake River,River/Stream,Pine,07030004,-92.765897,45.825384,Chloride,Y,7.3,7.3,mg/L,1,,mg/L
2006-09-29,S000-128,07030004-587,Snake River,River/Stream,Pine,07030004,-92.765897,45.825384,Specific conductance,Y,251,251,uS/cm,,,
2006-09-29,S000-128,07030004-587,Snake River,River/Stream,Pine,07030004,-92.765897,45.825384,pH,Y,6.5,6.5,None,,,
2006-09-29,S000-128,07030004-587,Snake River,River/Stream,Pine,07030004,-92.765897,45.825384,Dissolved oxygen (DO),Y,10.14,10.14,mg/L,,,
2006-09-14,S000-128,07030004-587,Snake River,River/Stream,Pine,07030004,-92.765897,45.825384,Escherichia coli,Y,20,20,/100mL,4,,/100mL
2006-09-14,S000-128,07030004-587,Snake River,River/Stream,Pine,07030004,-92.765897,45.825384,Dissolved oxygen (DO),Y,6.78,6.78,mg/L,,,
2006-09-14,S000-128,07030004-587,Snake River,River/Stream,Pine,07030004,-92.765897,45.825384,Ammonia-nitrogen,N,,,,,0.05,mg/L
2006-09-14,S000-128,07030004-587,Snake River,River/Stream,Pine,07030004,-92.765897,45.825384,Chloride,Y,7.3,7.3,mg/L,1,,mg/L
2006-09-14,S000-128,07030004-587,Snake River,River/Stream,Pine,07030004,-92.765897,45.825384,Sulfate,N,,,,5,,mg/L
2006-09-14,S000-128,07030004-587,Snake River,River/Stream,Pine,07030004,-92.765897,45.825384,"Temperature, water",Y,15.38,15.38,deg C,,,
2006-09-14,S000-128,07030004-587,Snake River,River/Stream,Pine,07030004,-92.765897,45.825384,Specific conductance,Y,219,219,uS/cm,,,
2006-09-14,S000-128,07030004-587,Snake River,River/Stream,Pine,07030004,-92.765897,45.825384,pH,Y,8.01,8.01,None,,,
2006-09-14,S000-128,07030004-587,Snake River,River/Stream,Pine,07030004,-92.765897,45.825384,Phosphorus,Y,0.041,0.041,mg/L,0.003,,mg/L
2006-08-31,S000-128,07030004-587,Snake River,River/Stream,Pine,07030004,-92.765897,45.825384,Sulfate,N,,,,5,,mg/L
2006-08-31,S000-128,07030004-587,Snake River,River/Stream,Pine,07030004,-92.765897,45.825384,"Temperature, water",Y,18.7,18.7,deg C,,,
2006-08-31,S000-128,07030004-587,Snake River,River/Stream,Pine,07030004,-92.765897,45.825384,Phosphorus,Y,0.06,0.060,mg/L,0.003,,mg/L
2006-08-31,S000-128,07030004-587,Snake River,River/Stream,Pine,07030004,-92.765897,45.825384,Ammonia-nitrogen,N,,,,0.05,,mg/L
2006-08-31,S000-128,07030004-587,Snake River,River/Stream,Pine,07030004,-92.765897,45.825384,Chloride,Y,7.1,7.1,mg/L,1,,mg/L
2006-08-31,S000-128,07030004-587,Snake River,River/Stream,Pine,07030004,-92.765897,45.825384,Escherichia coli,Y,16,16,/100mL,4,,/100mL
2006-08-31,S000-128,07030004-587,Snake River,River/Stream,Pine,07030004,-92.765897,45.825384,Specific conductance,Y,263,263,uS/cm,,,
2006-08-31,S000-128,07030004-587,Snake River,River/Stream,Pine,07030004,-92.765897,45.825384,pH,Y,7.6,7.6,None,,,
2006-08-31,S000-128,07030004-587,Snake River,River/Stream,Pine,07030004,-92.765897,45.825384,Dissolved oxygen (DO),Y,6.25,6.25,mg/L,,,
2006-08-17,S000-128,07030004-587,Snake River,River/Stream,Pine,07030004,-92.765897,45.825384,pH,Y,7.67,7.67,None,,,
2006-08-17,S000-128,07030004-587,Snake River,River/Stream,Pine,07030004,-92.765897,45.825384,"Temperature, water",Y,22.9,22.9,deg C,,,
2006-08-17,S000-128,07030004-587,Snake River,River/Stream,Pine,07030004,-92.765897,45.825384,Ammonia-nitrogen,N,,,,0.05,,mg/L
2006-08-17,S000-128,07030004-587,Snake River,River/Stream,Pine,07030004,-92.765897,45.825384,Dissolved oxygen (DO),Y,7.19,7.19,mg/L,,,
2006-08-17,S000-128,07030004-587,Snake River,River/Stream,Pine,07030004,-92.765897,45.825384,Sulfate,N,,,,5,,mg/L
2006-08-17,S000-128,07030004-587,Snake River,River/Stream,Pine,07030004,-92.765897,45.825384,Chloride,Y,6.6,6.6,mg/L,1,,mg/L
2006-08-17,S000-128,07030004-587,Snake River,River/Stream,Pine,07030004,-92.765897,45.825384,Escherichia coli,Y,10,10,/100mL,4,,/100mL
2006-08-17,S000-128,07030004-587,Snake River,River/Stream,Pine,07030004,-92.765897,45.825384,Phosphorus,Y,0.098,0.098,mg/L,0.003,,mg/L
2006-08-17,S000-128,07030004-587,Snake River,River/Stream,Pine,07030004,-92.765897,45.825384,Specific conductance,Y,242,242,uS/cm,,,
2006-08-03,S000-128,07030004-587,Snake River,River/Stream,Pine,07030004,-92.765897,45.825384,Dissolved oxygen (DO),Y,8.12,8.12,mg/L,,,
2006-08-03,S000-128,07030004-587,Snake River,River/Stream,Pine,07030004,-92.765897,45.825384,pH,Y,7.6,7.6,None,,,
2006-08-03,S000-128,07030004-587,Snake River,River/Stream,Pine,07030004,-92.765897,45.825384,Sulfate,N,,,,5,,mg/L
2006-08-03,S000-128,07030004-587,Snake River,River/Stream,Pine,07030004,-92.765897,45.825384,Phosphorus,Y,0.084,0.084,mg/L,0.003,,mg/L
2006-08-03,S000-128,07030004-587,Snake River,River/Stream,Pine,07030004,-92.765897,45.825384,Ammonia-nitrogen,N,,,,0.05,,mg/L
2006-08-03,S000-128,07030004-587,Snake River,River/Stream,Pine,07030004,-92.765897,45.825384,Chloride,Y,6.2,6.2,mg/L,1,,mg/L
2006-08-03,S000-128,07030004-587,Snake River,River/Stream,Pine,07030004,-92.765897,45.825384,Escherichia coli,Y,28,28,/100mL,4,,/100mL
2006-08-03,S000-128,07030004-587,Snake River,River/Stream,Pine,07030004,-92.765897,45.825384,"Temperature, water",Y,22.7,22.7,deg C,,,
2006-08-03,S000-128,07030004-587,Snake River,River/Stream,Pine,07030004,-92.765897,45.825384,Specific conductance,Y,234,234,uS/cm,,,
2006-07-20,S000-128,07030004-587,Snake River,River/Stream,Pine,07030004,-92.765897,45.825384,Dissolved oxygen (DO),Y,8.22,8.22,mg/L,,,
2006-07-20,S000-128,07030004-587,Snake River,River/Stream,Pine,07030004,-92.765897,45.825384,Sulfate,Y,5.5,5.5,mg/L,5,,mg/L
2006-07-20,S000-128,07030004-587,Snake River,River/Stream,Pine,07030004,-92.765897,45.825384,Specific conductance,Y,225,225,uS/cm,,,
2006-07-20,S000-128,07030004-587,Snake River,River/Stream,Pine,07030004,-92.765897,45.825384,"Temperature, water",Y,22.5,22.5,deg C,,,
2006-07-20,S000-128,07030004-587,Snake River,River/Stream,Pine,07030004,-92.765897,45.825384,Phosphorus,Y,0.062,0.062,mg/L,0.003,,mg/L
2006-07-20,S000-128,07030004-587,Snake River,River/Stream,Pine,07030004,-92.765897,45.825384,Escherichia coli,Y,18,18,/100mL,4,,/100mL
2006-07-20,S000-128,07030004-587,Snake River,River/Stream,Pine,07030004,-92.765897,45.825384,Chloride,Y,6,6.0,mg/L,1,,mg/L
2006-07-20,S000-128,07030004-587,Snake River,River/Stream,Pine,07030004,-92.765897,45.825384,Ammonia-nitrogen,N,,,,0.05,,mg/L
2006-07-20,S000-128,07030004-587,Snake River,River/Stream,Pine,07030004,-92.765897,45.825384,pH,Y,7.15,7.15,None,,,
2006-07-06,S000-128,07030004-587,Snake River,River/Stream,Pine,07030004,-92.765897,45.825384,Dissolved oxygen (DO),Y,9.53,9.53,mg/L,,,
2006-07-06,S000-128,07030004-587,Snake River,River/Stream,Pine,07030004,-92.765897,45.825384,pH,Y,6.5,6.5,None,,,
2006-07-06,S000-128,07030004-587,Snake River,River/Stream,Pine,07030004,-92.765897,45.825384,Specific conductance,Y,209,209,uS/cm,,,
2006-07-06,S000-128,07030004-587,Snake River,River/Stream,Pine,07030004,-92.765897,45.825384,"Temperature, water",Y,22.8,22.8,deg C,,,
2006-07-06,S000-128,07030004-587,Snake River,River/Stream,Pine,07030004,-92.765897,45.825384,Ammonia-nitrogen,N,,,,0.05,,mg/L
2006-07-06,S000-128,07030004-587,Snake River,River/Stream,Pine,07030004,-92.765897,45.825384,Phosphorus,Y,0.05,0.050,mg/L,0.003,,mg/L
2006-07-06,S000-128,07030004-587,Snake River,River/Stream,Pine,07030004,-92.765897,45.825384,Chloride,Y,5.5,5.5,mg/L,1,,mg/L
2006-07-06,S000-128,07030004-587,Snake River,River/Stream,Pine,07030004,-92.765897,45.825384,Sulfate,N,,,,5,,mg/L
2006-07-06,S000-128,07030004-587,Snake River,River/Stream,Pine,07030004,-92.765897,45.825384,Escherichia coli,Y,12,12,/100mL,4,,/100mL
2006-07-06,S000-128,07030004-587,Snake River,River/Stream,Pine,07030004,-92.765897,45.825384,Ammonia-nitrogen,N,,,,0.05,,mg/L
2006-07-06,S000-128,07030004-587,Snake River,River/Stream,Pine,07030004,-92.765897,45.825384,Phosphorus,Y,0.049,0.049,mg/L,0.003,,mg/L
2006-07-06,S000-128,07030004-587,Snake River,River/Stream,Pine,07030004,-92.765897,45.825384,Sulfate,N,,,,5,,mg/L
2006-07-06,S000-128,07030004-587,Snake River,River/Stream,Pine,07030004,-92.765897,45.825384,Escherichia coli,Y,8,8,/100mL,4,,/100mL
2006-07-06,S000-128,07030004-587,Snake River,River/Stream,Pine,07030004,-92.765897,45.825384,Chloride,Y,5.5,5.5,mg/L,1,,mg/L
2006-06-22,S000-128,07030004-587,Snake River,River/Stream,Pine,07030004,-92.765897,45.825384,Escherichia coli,Y,8,8,/100mL,4,,/100mL
2006-06-22,S000-128,07030004-587,Snake River,River/Stream,Pine,07030004,-92.765897,45.825384,Sulfate,Y,5.9,5.9,mg/L,5,,mg/L
2006-06-22,S000-128,07030004-587,Snake River,River/Stream,Pine,07030004,-92.765897,45.825384,Phosphorus,Y,0.058,0.058,mg/L,0.003,,mg/L
2006-06-22,S000-128,07030004-587,Snake River,River/Stream,Pine,07030004,-92.765897,45.825384,"Temperature, water",Y,25.8,25.8,deg C,,,
2006-06-22,S000-128,07030004-587,Snake River,River/Stream,Pine,07030004,-92.765897,45.825384,Chloride,Y,6.1,6.1,mg/L,1,,mg/L
2006-06-22,S000-128,07030004-587,Snake River,River/Stream,Pine,07030004,-92.765897,45.825384,pH,Y,9.03,9.03,None,,,
2006-06-22,S000-128,07030004-587,Snake River,River/Stream,Pine,07030004,-92.765897,45.825384,Specific conductance,Y,210,210,uS/cm,,,
2006-06-22,S000-128,07030004-587,Snake River,River/Stream,Pine,07030004,-92.765897,45.825384,Ammonia-nitrogen,N,,,,0.05,,mg/L
2006-06-07,S000-128,07030004-587,Snake River,River/Stream,Pine,07030004,-92.765897,45.825384,Dissolved oxygen (DO),Y,9,9,mg/L,,,
2006-06-07,S000-128,07030004-587,Snake River,River/Stream,Pine,07030004,-92.765897,45.825384,"Temperature, water",Y,23,23,deg C,,,
2006-06-07,S000-128,07030004-587,Snake River,River/Stream,Pine,07030004,-92.765897,45.825384,Specific conductance,Y,178,178,uS/cm,,,
2006-06-07,S000-128,07030004-587,Snake River,River/Stream,Pine,07030004,-92.765897,45.825384,pH,Y,5.8,5.8,None,,,
2006-06-07,S000-128,07030004-587,Snake River,River/Stream,Pine,07030004,-92.765897,45.825384,Phosphorus,Y,0.066,0.066,mg/L,0.003,,mg/L
2006-06-07,S000-128,07030004-587,Snake River,River/Stream,Pine,07030004,-92.765897,45.825384,Ammonia-nitrogen,N,,,,0.05,,mg/L
2006-06-07,S000-128,07030004-587,Snake River,River/Stream,Pine,07030004,-92.765897,45.825384,Chloride,Y,5.1,5.1,mg/L,1,,mg/L
2006-06-07,S000-128,07030004-587,Snake River,River/Stream,Pine,07030004,-92.765897,45.825384,Escherichia coli,N,,,,4,,/100mL
2006-06-07,S000-128,07030004-587,Snake River,River/Stream,Pine,07030004,-92.765897,45.825384,Sulfate,Y,5.3,5.3,mg/L,5,,mg/L
2006-05-25,S000-128,07030004-587,Snake River,River/Stream,Pine,07030004,-92.765897,45.825384,pH,Y,8,8,None,,,
2006-05-25,S000-128,07030004-587,Snake River,River/Stream,Pine,07030004,-92.765897,45.825384,Dissolved oxygen (DO),Y,13.43,13.43,mg/L,,,
2006-05-25,S000-128,07030004-587,Snake River,River/Stream,Pine,07030004,-92.765897,45.825384,"Temperature, water",Y,18.7,18.7,deg C,,,
2006-05-25,S000-128,07030004-587,Snake River,River/Stream,Pine,07030004,-92.765897,45.825384,Specific conductance,Y,130,130,uS/cm,,,
2006-05-25,S000-128,07030004-587,Snake River,River/Stream,Pine,07030004,-92.765897,45.825384,Escherichia coli,Y,8,8,/100mL,4,,/100mL
2006-05-25,S000-128,07030004-587,Snake River,River/Stream,Pine,07030004,-92.765897,45.825384,Sulfate,Y,9.2,9.2,mg/L,5,,mg/L
2006-05-25,S000-128,07030004-587,Snake River,River/Stream,Pine,07030004,-92.765897,45.825384,Phosphorus,Y,0.07,0.070,mg/L,0.003,,mg/L
2006-05-25,S000-128,07030004-587,Snake River,River/Stream,Pine,07030004,-92.765897,45.825384,Chloride,Y,4.4,4.4,mg/L,1,,mg/L
2006-05-25,S000-128,07030004-587,Snake River,River/Stream,Pine,07030004,-92.765897,45.825384,Ammonia-nitrogen,N,,,,0.05,,mg/L
1971-06-25,S000-128,07030004-587,Snake River,River/Stream,Pine,07030004,-92.765897,45.825384,Nitrate,Y,0.18,0.18,mg/L,,,
1971-06-25,S000-128,07030004-587,Snake River,River/Stream,Pine,07030004,-92.765897,45.825384,"Hardness, Ca, Mg",Y,90,90,mg/L,,,
1971-06-25,S000-128,07030004-587,Snake River,River/Stream,Pine,07030004,-92.765897,45.825384,Chloride,Y,2.2,2.2,mg/L,,,
1971-06-25,S000-128,07030004-587,Snake River,River/Stream,Pine,07030004,-92.765897,45.825384,Arsenic,N,,,,,10,ug/L
1971-06-25,S000-128,07030004-587,Snake River,River/Stream,Pine,07030004,-92.765897,45.825384,Cadmium,N,,,,,10,ug/L
1971-06-25,S000-128,07030004-587,Snake River,River/Stream,Pine,07030004,-92.765897,45.825384,"Alkalinity, total",Y,76,76,mg/L,,,
1971-06-25,S000-128,07030004-587,Snake River,River/Stream,Pine,07030004,-92.765897,45.825384,Turbidity,Y,5.4,5.4,None,,,
1971-06-25,S000-128,07030004-587,Snake River,River/Stream,Pine,07030004,-92.765897,45.825384,Apparent color,Y,140,140,PCU,,,
1971-06-25,S000-128,07030004-587,Snake River,River/Stream,Pine,07030004,-92.765897,45.825384,Specific conductance,Y,170,170,uS/cm,,,
1971-06-25,S000-128,07030004-587,Snake River,River/Stream,Pine,07030004,-92.765897,45.825384,Total solids,Y,140,140,mg/L,,,
1971-06-25,S000-128,07030004-587,Snake River,River/Stream,Pine,07030004,-92.765897,45.825384,Total volatile solids,Y,70,70,mg/L,,,
1971-06-25,S000-128,07030004-587,Snake River,River/Stream,Pine,07030004,-92.765897,45.825384,Dissolved oxygen (DO),Y,8.9,8.9,mg/L,,,
1971-06-25,S000-128,07030004-587,Snake River,River/Stream,Pine,07030004,-92.765897,45.825384,pH,Y,7.8,7.8,None,,,
1971-06-25,S000-128,07030004-587,Snake River,River/Stream,Pine,07030004,-92.765897,45.825384,"Temperature, water",Y,18.89,18.89,deg C,,,
1971-06-25,S000-128,07030004-587,Snake River,River/Stream,Pine,07030004,-92.765897,45.825384,Copper,N,,,,,10,ug/L
1971-06-25,S000-128,07030004-587,Snake River,River/Stream,Pine,07030004,-92.765897,45.825384,Iron,Y,780,780,ug/L,,,
1971-06-25,S000-128,07030004-587,Snake River,River/Stream,Pine,07030004,-92.765897,45.825384,Manganese,Y,180,180,ug/L,,,
1971-06-25,S000-128,07030004-587,Snake River,River/Stream,Pine,07030004,-92.765897,45.825384,Nickel,N,,,,,10,ug/L
1971-06-25,S000-128,07030004-587,Snake River,River/Stream,Pine,07030004,-92.765897,45.825384,Zinc,Y,40,40,ug/L,,,
1971-06-25,S000-128,07030004-587,Snake River,River/Stream,Pine,07030004,-92.765897,45.825384,Selenium,N,,,,,10,ug/L
1971-06-25,S000-128,07030004-587,Snake River,River/Stream,Pine,07030004,-92.765897,45.825384,Total Coliform,Y,110,110,/100mL,,,
1971-06-25,S000-128,07030004-587,Snake River,River/Stream,Pine,07030004,-92.765897,45.825384,Fecal Coliform,Y,20,20,/100mL,,,
1971-06-25,S000-128,07030004-587,Snake River,River/Stream,Pine,07030004,-92.765897,45.825384,MBAS,N,,,,,0.1,mg/L
1971-06-25,S000-128,07030004-587,Snake River,River/Stream,Pine,07030004,-92.765897,45.825384,Mercury,Y,0.12,0.12,ug/L,,,
1971-06-25,S000-128,07030004-587,Snake River,River/Stream,Pine,07030004,-92.765897,45.825384,Organic Nitrogen,Y,1.5,1.5,mg/L,,,
1971-06-25,S000-128,07030004-587,Snake River,River/Stream,Pine,07030004,-92.765897,45.825384,Ammonia-nitrogen,Y,0.23,0.23,mg/L,,,
1971-06-25,S000-128,07030004-587,Snake River,River/Stream,Pine,07030004,-92.765897,45.825384,Nitrite,N,,,,,0.02,mg/L
1971-06-25,S000-128,07030004-587,Snake River,River/Stream,Pine,07030004,-92.765897,45.825384,Phosphorus,Y,0.2,0.2,mg/L,,,
1971-05-28,S000-128,07030004-587,Snake River,River/Stream,Pine,07030004,-92.765897,45.825384,Apparent color,Y,140,140,PCU,,,
1971-05-28,S000-128,07030004-587,Snake River,River/Stream,Pine,07030004,-92.765897,45.825384,"Temperature, water",Y,15.56,15.56,deg C,,,
1971-05-28,S000-128,07030004-587,Snake River,River/Stream,Pine,07030004,-92.765897,45.825384,"Alkalinity, total",Y,50,50,mg/L,,,
1971-05-28,S000-128,07030004-587,Snake River,River/Stream,Pine,07030004,-92.765897,45.825384,Turbidity,Y,3.3,3.3,None,,,
1971-05-28,S000-128,07030004-587,Snake River,River/Stream,Pine,07030004,-92.765897,45.825384,Total solids,Y,100,100,mg/L,,,
1971-05-28,S000-128,07030004-587,Snake River,River/Stream,Pine,07030004,-92.765897,45.825384,Total volatile solids,Y,42,42,mg/L,,,
1971-05-28,S000-128,07030004-587,Snake River,River/Stream,Pine,07030004,-92.765897,45.825384,Organic Nitrogen,Y,1.3,1.3,mg/L,,,
1971-05-28,S000-128,07030004-587,Snake River,River/Stream,Pine,07030004,-92.765897,45.825384,Ammonia-nitrogen,N,,,,,0.2,mg/L
1971-05-28,S000-128,07030004-587,Snake River,River/Stream,Pine,07030004,-92.765897,45.825384,Nitrite,Y,0.02,0.02,mg/L,,,
1971-05-28,S000-128,07030004-587,Snake River,River/Stream,Pine,07030004,-92.765897,45.825384,Nitrate,Y,0.09,0.09,mg/L,,,
1971-05-28,S000-128,07030004-587,Snake River,River/Stream,Pine,07030004,-92.765897,45.825384,Phosphorus,Y,0.1,0.1,mg/L,,,
1971-05-28,S000-128,07030004-587,Snake River,River/Stream,Pine,07030004,-92.765897,45.825384,"Hardness, Ca, Mg",Y,62,62,mg/L,,,
1971-05-28,S000-128,07030004-587,Snake River,River/Stream,Pine,07030004,-92.765897,45.825384,Chloride,Y,3.6,3.6,mg/L,,,
1971-05-28,S000-128,07030004-587,Snake River,River/Stream,Pine,07030004,-92.765897,45.825384,Arsenic,N,,,,,10,ug/L
1971-05-28,S000-128,07030004-587,Snake River,River/Stream,Pine,07030004,-92.765897,45.825384,Cadmium,N,,,,,10,ug/L
1971-05-28,S000-128,07030004-587,Snake River,River/Stream,Pine,07030004,-92.765897,45.825384,Nickel,N,,,,,10,ug/L
1971-05-28,S000-128,07030004-587,Snake River,River/Stream,Pine,07030004,-92.765897,45.825384,Copper,N,,,,,10,ug/L
1971-05-28,S000-128,07030004-587,Snake River,River/Stream,Pine,07030004,-92.765897,45.825384,Iron,Y,720,720,ug/L,,,
1971-05-28,S000-128,07030004-587,Snake River,River/Stream,Pine,07030004,-92.765897,45.825384,Manganese,Y,91,91,ug/L,,,
1971-05-28,S000-128,07030004-587,Snake River,River/Stream,Pine,07030004,-92.765897,45.825384,Zinc,Y,14,14,ug/L,,,
1971-05-28,S000-128,07030004-587,Snake River,River/Stream,Pine,07030004,-92.765897,45.825384,Selenium,N,,,,,10,ug/L
1971-05-28,S000-128,07030004-587,Snake River,River/Stream,Pine,07030004,-92.765897,45.825384,Total Coliform,Y,1100,1100,/100mL,,,
1971-05-28,S000-128,07030004-587,Snake River,River/Stream,Pine,07030004,-92.765897,45.825384,Fecal Coliform,Y,60,60,/100mL,,,
1971-05-28,S000-128,07030004-587,Snake River,River/Stream,Pine,07030004,-92.765897,45.825384,MBAS,N,,,,,0.1,mg/L
1971-05-28,S000-128,07030004-587,Snake River,River/Stream,Pine,07030004,-92.765897,45.825384,Mercury,Y,0.12,0.12,ug/L,,,
1971-05-28,S000-128,07030004-587,Snake River,River/Stream,Pine,07030004,-92.765897,45.825384,Dissolved oxygen (DO),Y,8.9,8.9,mg/L,,,
1971-05-28,S000-128,07030004-587,Snake River,River/Stream,Pine,07030004,-92.765897,45.825384,pH,Y,7.6,7.6,None,,,
1971-05-28,S000-128,07030004-587,Snake River,River/Stream,Pine,07030004,-92.765897,45.825384,Specific conductance,Y,130,130,uS/cm,,,
1971-04-23,S000-128,07030004-587,Snake River,River/Stream,Pine,07030004,-92.765897,45.825384,Iron,Y,1300,1300,ug/L,,,
1971-04-23,S000-128,07030004-587,Snake River,River/Stream,Pine,07030004,-92.765897,45.825384,Copper,N,,,,,10,ug/L
1971-04-23,S000-128,07030004-587,Snake River,River/Stream,Pine,07030004,-92.765897,45.825384,Manganese,Y,170,170,ug/L,,,
1971-04-23,S000-128,07030004-587,Snake River,River/Stream,Pine,07030004,-92.765897,45.825384,Nickel,N,,,,,10,ug/L
1971-04-23,S000-128,07030004-587,Snake River,River/Stream,Pine,07030004,-92.765897,45.825384,Zinc,Y,15,15,ug/L,,,
1971-04-23,S000-128,07030004-587,Snake River,River/Stream,Pine,07030004,-92.765897,45.825384,Selenium,N,,,,,10,ug/L
1971-04-23,S000-128,07030004-587,Snake River,River/Stream,Pine,07030004,-92.765897,45.825384,Total Coliform,Y,40,40,/100mL,,,
1971-04-23,S000-128,07030004-587,Snake River,River/Stream,Pine,07030004,-92.765897,45.825384,Fecal Coliform,N,,,,,20,/100mL
1971-04-23,S000-128,07030004-587,Snake River,River/Stream,Pine,07030004,-92.765897,45.825384,MBAS,N,,,,,0.1,mg/L
1971-04-23,S000-128,07030004-587,Snake River,River/Stream,Pine,07030004,-92.765897,45.825384,Mercury,Y,0.1,0.1,ug/L,,,
1971-04-23,S000-128,07030004-587,Snake River,River/Stream,Pine,07030004,-92.765897,45.825384,Dissolved oxygen (DO),Y,8.3,8.3,mg/L,,,
1971-04-23,S000-128,07030004-587,Snake River,River/Stream,Pine,07030004,-92.765897,45.825384,pH,Y,7.7,7.7,None,,,
1971-04-23,S000-128,07030004-587,Snake River,River/Stream,Pine,07030004,-92.765897,45.825384,"Temperature, water",Y,10.56,10.56,deg C,,,
1971-04-23,S000-128,07030004-587,Snake River,River/Stream,Pine,07030004,-92.765897,45.825384,"Alkalinity, total",Y,48,48,mg/L,,,
1971-04-23,S000-128,07030004-587,Snake River,River/Stream,Pine,07030004,-92.765897,45.825384,Turbidity,Y,3.3,3.3,None,,,
1971-04-23,S000-128,07030004-587,Snake River,River/Stream,Pine,07030004,-92.765897,45.825384,Apparent color,Y,100,100,PCU,,,
1971-04-23,S000-128,07030004-587,Snake River,River/Stream,Pine,07030004,-92.765897,45.825384,Specific conductance,Y,130,130,uS/cm,,,
1971-04-23,S000-128,07030004-587,Snake River,River/Stream,Pine,07030004,-92.765897,45.825384,Total solids,Y,92,92,mg/L,,,
1971-04-23,S000-128,07030004-587,Snake River,River/Stream,Pine,07030004,-92.765897,45.825384,Total volatile solids,Y,45,45,mg/L,,,
1971-04-23,S000-128,07030004-587,Snake River,River/Stream,Pine,07030004,-92.765897,45.825384,Organic Nitrogen,Y,1.2,1.2,mg/L,,,
1971-04-23,S000-128,07030004-587,Snake River,River/Stream,Pine,07030004,-92.765897,45.825384,Ammonia-nitrogen,Y,0.2,0.2,mg/L,,,
1971-04-23,S000-128,07030004-587,Snake River,River/Stream,Pine,07030004,-92.765897,45.825384,Nitrite,Y,0.02,0.02,mg/L,,,
1971-04-23,S000-128,07030004-587,Snake River,River/Stream,Pine,07030004,-92.765897,45.825384,Nitrate,Y,0.16,0.16,mg/L,,,
1971-04-23,S000-128,07030004-587,Snake River,River/Stream,Pine,07030004,-92.765897,45.825384,Phosphorus,Y,0.38,0.38,mg/L,,,
1971-04-23,S000-128,07030004-587,Snake River,River/Stream,Pine,07030004,-92.765897,45.825384,"Hardness, Ca, Mg",Y,52,52,mg/L,,,
1971-04-23,S000-128,07030004-587,Snake River,River/Stream,Pine,07030004,-92.765897,45.825384,Chloride,Y,2,2,mg/L,,,
1971-04-23,S000-128,07030004-587,Snake River,River/Stream,Pine,07030004,-92.765897,45.825384,Arsenic,N,,,,,10,ug/L
1971-04-23,S000-128,07030004-587,Snake River,River/Stream,Pine,07030004,-92.765897,45.825384,Cadmium,N,,,,,10,ug/L
1971-04-23,S000-128,07030004-587,Snake River,River/Stream,Pine,07030004,-92.765897,45.825384,Lead,N,,,,,10,ug/L
1971-03-04,S000-128,07030004-587,Snake River,River/Stream,Pine,07030004,-92.765897,45.825384,"Alkalinity, total",Y,150,150,mg/L,,,
1971-03-04,S000-128,07030004-587,Snake River,River/Stream,Pine,07030004,-92.765897,45.825384,Turbidity,Y,3.8,3.8,None,,,
1971-03-04,S000-128,07030004-587,Snake River,River/Stream,Pine,07030004,-92.765897,45.825384,Apparent color,Y,40,40,PCU,,,
1971-03-04,S000-128,07030004-587,Snake River,River/Stream,Pine,07030004,-92.765897,45.825384,Specific conductance,Y,380,380,uS/cm,,,
1971-03-04,S000-128,07030004-587,Snake River,River/Stream,Pine,07030004,-92.765897,45.825384,Total solids,Y,190,190,mg/L,,,
1971-03-04,S000-128,07030004-587,Snake River,River/Stream,Pine,07030004,-92.765897,45.825384,Total volatile solids,Y,74,74,mg/L,,,
1971-03-04,S000-128,07030004-587,Snake River,River/Stream,Pine,07030004,-92.765897,45.825384,Organic Nitrogen,Y,0.78,0.78,mg/L,,,
1971-03-04,S000-128,07030004-587,Snake River,River/Stream,Pine,07030004,-92.765897,45.825384,Ammonia-nitrogen,Y,0.2,0.2,mg/L,,,
1971-03-04,S000-128,07030004-587,Snake River,River/Stream,Pine,07030004,-92.765897,45.825384,Nitrite,N,,,,,0.02,mg/L
1971-03-04,S000-128,07030004-587,Snake River,River/Stream,Pine,07030004,-92.765897,45.825384,Nitrate,Y,0.58,0.58,mg/L,,,
1971-03-04,S000-128,07030004-587,Snake River,River/Stream,Pine,07030004,-92.765897,45.825384,Phosphorus,Y,0.1,0.1,mg/L,,,
1971-03-04,S000-128,07030004-587,Snake River,River/Stream,Pine,07030004,-92.765897,45.825384,"Hardness, Ca, Mg",Y,150,150,mg/L,,,
1971-03-04,S000-128,07030004-587,Snake River,River/Stream,Pine,07030004,-92.765897,45.825384,Chloride,Y,3.7,3.7,mg/L,,,
1971-03-04,S000-128,07030004-587,Snake River,River/Stream,Pine,07030004,-92.765897,45.825384,Arsenic,N,,,,,10,ug/L
1971-03-04,S000-128,07030004-587,Snake River,River/Stream,Pine,07030004,-92.765897,45.825384,Cadmium,N,,,,,10,ug/L
1971-03-04,S000-128,07030004-587,Snake River,River/Stream,Pine,07030004,-92.765897,45.825384,Copper,N,,,,,10,ug/L
1971-03-04,S000-128,07030004-587,Snake River,River/Stream,Pine,07030004,-92.765897,45.825384,Iron,Y,880,880,ug/L,,,
1971-03-04,S000-128,07030004-587,Snake River,River/Stream,Pine,07030004,-92.765897,45.825384,Lead,Y,10,10,ug/L,,,
1971-03-04,S000-128,07030004-587,Snake River,River/Stream,Pine,07030004,-92.765897,45.825384,Manganese,Y,120,120,ug/L,,,
1971-03-04,S000-128,07030004-587,Snake River,River/Stream,Pine,07030004,-92.765897,45.825384,Nickel,N,,,,,10,ug/L
1971-03-04,S000-128,07030004-587,Snake River,River/Stream,Pine,07030004,-92.765897,45.825384,pH,Y,7.7,7.7,None,,,
1971-03-04,S000-128,07030004-587,Snake River,River/Stream,Pine,07030004,-92.765897,45.825384,"Temperature, water",Y,0,0,deg C,,,
1971-03-04,S000-128,07030004-587,Snake River,River/Stream,Pine,07030004,-92.765897,45.825384,Dissolved oxygen (DO),Y,12.1,12.1,mg/L,,,
1971-03-04,S000-128,07030004-587,Snake River,River/Stream,Pine,07030004,-92.765897,45.825384,Zinc,Y,15,15,ug/L,,,
1971-03-04,S000-128,07030004-587,Snake River,River/Stream,Pine,07030004,-92.765897,45.825384,Selenium,N,,,,,10,ug/L
1971-03-04,S000-128,07030004-587,Snake River,River/Stream,Pine,07030004,-92.765897,45.825384,Total Coliform,Y,330,330,/100mL,,,
1971-03-04,S000-128,07030004-587,Snake River,River/Stream,Pine,07030004,-92.765897,45.825384,Fecal Coliform,Y,50,50,/100mL,,,
1971-03-04,S000-128,07030004-587,Snake River,River/Stream,Pine,07030004,-92.765897,45.825384,MBAS,Y,0.46,0.46,mg/L,,,
1971-03-04,S000-128,07030004-587,Snake River,River/Stream,Pine,07030004,-92.765897,45.825384,Mercury,Y,0.13,0.13,ug/L,,,
1971-02-01,S000-128,07030004-587,Snake River,River/Stream,Pine,07030004,-92.765897,45.825384,Cadmium,N,,,,,10,ug/L
1971-02-01,S000-128,07030004-587,Snake River,River/Stream,Pine,07030004,-92.765897,45.825384,Dissolved oxygen (DO),Y,11.7,11.7,mg/L,,,
1971-02-01,S000-128,07030004-587,Snake River,River/Stream,Pine,07030004,-92.765897,45.825384,"Temperature, water",Y,0,0,deg C,,,
1971-02-01,S000-128,07030004-587,Snake River,River/Stream,Pine,07030004,-92.765897,45.825384,Ammonia-nitrogen,Y,0.33,0.33,mg/L,,,
1971-02-01,S000-128,07030004-587,Snake River,River/Stream,Pine,07030004,-92.765897,45.825384,Organic Nitrogen,Y,0.78,0.78,mg/L,,,
1971-02-01,S000-128,07030004-587,Snake River,River/Stream,Pine,07030004,-92.765897,45.825384,Total volatile solids,Y,62,62,mg/L,,,
1971-02-01,S000-128,07030004-587,Snake River,River/Stream,Pine,07030004,-92.765897,45.825384,Total solids,Y,180,180,mg/L,,,
1971-02-01,S000-128,07030004-587,Snake River,River/Stream,Pine,07030004,-92.765897,45.825384,Mercury,N,,,,,0.1,ug/L
1971-02-01,S000-128,07030004-587,Snake River,River/Stream,Pine,07030004,-92.765897,45.825384,MBAS,Y,0.42,0.42,mg/L,,,
1971-02-01,S000-128,07030004-587,Snake River,River/Stream,Pine,07030004,-92.765897,45.825384,Fecal Coliform,Y,20,20,/100mL,,,
1971-02-01,S000-128,07030004-587,Snake River,River/Stream,Pine,07030004,-92.765897,45.825384,Total Coliform,Y,20,20,/100mL,,,
1971-02-01,S000-128,07030004-587,Snake River,River/Stream,Pine,07030004,-92.765897,45.825384,Selenium,N,,,,,10,ug/L
1971-02-01,S000-128,07030004-587,Snake River,River/Stream,Pine,07030004,-92.765897,45.825384,Nickel,N,,,,,10,ug/L
1971-02-01,S000-128,07030004-587,Snake River,River/Stream,Pine,07030004,-92.765897,45.825384,Lead,N,,,,,10,ug/L
1971-02-01,S000-128,07030004-587,Snake River,River/Stream,Pine,07030004,-92.765897,45.825384,Iron,Y,330,330,ug/L,,,
1971-02-01,S000-128,07030004-587,Snake River,River/Stream,Pine,07030004,-92.765897,45.825384,Copper,N,,,,,10,ug/L
1971-02-01,S000-128,07030004-587,Snake River,River/Stream,Pine,07030004,-92.765897,45.825384,pH,Y,7.1,7.1,None,,,
1971-02-01,S000-128,07030004-587,Snake River,River/Stream,Pine,07030004,-92.765897,45.825384,Arsenic,N,,,,,10,ug/L
1971-02-01,S000-128,07030004-587,Snake River,River/Stream,Pine,07030004,-92.765897,45.825384,Chloride,Y,1,1,mg/L,,,
1971-02-01,S000-128,07030004-587,Snake River,River/Stream,Pine,07030004,-92.765897,45.825384,"Hardness, Ca, Mg",Y,140,140,mg/L,,,
1971-02-01,S000-128,07030004-587,Snake River,River/Stream,Pine,07030004,-92.765897,45.825384,Phosphorus,Y,0.08,0.08,mg/L,,,
1971-02-01,S000-128,07030004-587,Snake River,River/Stream,Pine,07030004,-92.765897,45.825384,Nitrate,Y,0.38,0.38,mg/L,,,
1971-02-01,S000-128,07030004-587,Snake River,River/Stream,Pine,07030004,-92.765897,45.825384,Nitrite,Y,0.03,0.03,mg/L,,,
1971-02-01,S000-128,07030004-587,Snake River,River/Stream,Pine,07030004,-92.765897,45.825384,Specific conductance,Y,290,290,uS/cm,,,
1971-02-01,S000-128,07030004-587,Snake River,River/Stream,Pine,07030004,-92.765897,45.825384,Apparent color,Y,80,80,PCU,,,
1971-02-01,S000-128,07030004-587,Snake River,River/Stream,Pine,07030004,-92.765897,45.825384,Turbidity,Y,2.7,2.7,None,,,
1971-02-01,S000-128,07030004-587,Snake River,River/Stream,Pine,07030004,-92.765897,45.825384,"Alkalinity, total",Y,130,130,mg/L,,,
1971-01-18,S000-128,07030004-587,Snake River,River/Stream,Pine,07030004,-92.765897,45.825384,Manganese,Y,230,230,ug/L,,,
1971-01-18,S000-128,07030004-587,Snake River,River/Stream,Pine,07030004,-92.765897,45.825384,Fecal Coliform,Y,20,20,/100mL,,,
1971-01-18,S000-128,07030004-587,Snake River,River/Stream,Pine,07030004,-92.765897,45.825384,Lead,N,,,,,10,ug/L
1971-01-18,S000-128,07030004-587,Snake River,River/Stream,Pine,07030004,-92.765897,45.825384,Iron,Y,1500,1500,ug/L,,,
1971-01-18,S000-128,07030004-587,Snake River,River/Stream,Pine,07030004,-92.765897,45.825384,Copper,N,,,,,10,ug/L
1971-01-18,S000-128,07030004-587,Snake River,River/Stream,Pine,07030004,-92.765897,45.825384,Dissolved oxygen (DO),Y,12.5,12.5,mg/L,,,
1971-01-18,S000-128,07030004-587,Snake River,River/Stream,Pine,07030004,-92.765897,45.825384,"Temperature, water",Y,0,0,deg C,,,
1971-01-18,S000-128,07030004-587,Snake River,River/Stream,Pine,07030004,-92.765897,45.825384,pH,Y,7.3,7.3,None,,,
1971-01-18,S000-128,07030004-587,Snake River,River/Stream,Pine,07030004,-92.765897,45.825384,Cadmium,N,,,,,10,ug/L
1971-01-18,S000-128,07030004-587,Snake River,River/Stream,Pine,07030004,-92.765897,45.825384,Arsenic,N,,,,,10,ug/L
1971-01-18,S000-128,07030004-587,Snake River,River/Stream,Pine,07030004,-92.765897,45.825384,Chloride,Y,6,6,mg/L,,,
1971-01-18,S000-128,07030004-587,Snake River,River/Stream,Pine,07030004,-92.765897,45.825384,"Hardness, Ca, Mg",Y,130,130,mg/L,,,
1971-01-18,S000-128,07030004-587,Snake River,River/Stream,Pine,07030004,-92.765897,45.825384,Phosphorus,Y,0.15,0.15,mg/L,,,
1971-01-18,S000-128,07030004-587,Snake River,River/Stream,Pine,07030004,-92.765897,45.825384,Nitrate,Y,0.26,0.26,mg/L,,,
1971-01-18,S000-128,07030004-587,Snake River,River/Stream,Pine,07030004,-92.765897,45.825384,Nitrite,Y,0.03,0.03,mg/L,,,
1971-01-18,S000-128,07030004-587,Snake River,River/Stream,Pine,07030004,-92.765897,45.825384,Ammonia-nitrogen,Y,0.25,0.25,mg/L,,,
1971-01-18,S000-128,07030004-587,Snake River,River/Stream,Pine,07030004,-92.765897,45.825384,Organic Nitrogen,Y,1.1,1.1,mg/L,,,
1971-01-18,S000-128,07030004-587,Snake River,River/Stream,Pine,07030004,-92.765897,45.825384,Total volatile solids,Y,80,80,mg/L,,,
1971-01-18,S000-128,07030004-587,Snake River,River/Stream,Pine,07030004,-92.765897,45.825384,Total solids,Y,190,190,mg/L,,,
1971-01-18,S000-128,07030004-587,Snake River,River/Stream,Pine,07030004,-92.765897,45.825384,"Alkalinity, total",Y,120,120,mg/L,,,
1971-01-18,S000-128,07030004-587,Snake River,River/Stream,Pine,07030004,-92.765897,45.825384,Specific conductance,Y,230,230,uS/cm,,,
1971-01-18,S000-128,07030004-587,Snake River,River/Stream,Pine,07030004,-92.765897,45.825384,Apparent color,Y,100,100,PCU,,,
1971-01-18,S000-128,07030004-587,Snake River,River/Stream,Pine,07030004,-92.765897,45.825384,Turbidity,Y,8,8,None,,,
1971-01-18,S000-128,07030004-587,Snake River,River/Stream,Pine,07030004,-92.765897,45.825384,Total Coliform,Y,50,50,/100mL,,,
1971-01-18,S000-128,07030004-587,Snake River,River/Stream,Pine,07030004,-92.765897,45.825384,Selenium,N,,,,,10,ug/L
1971-01-18,S000-128,07030004-587,Snake River,River/Stream,Pine,07030004,-92.765897,45.825384,Zinc,Y,1000,1000,ug/L,,,
1971-01-18,S000-128,07030004-587,Snake River,River/Stream,Pine,07030004,-92.765897,45.825384,Nickel,N,,,,,10,ug/L
1971-01-18,S000-128,07030004-587,Snake River,River/Stream,Pine,07030004,-92.765897,45.825384,Mercury,N,,,,,0.1,ug/L
1971-01-18,S000-128,07030004-587,Snake River,River/Stream,Pine,07030004,-92.765897,45.825384,MBAS,Y,0.67,0.67,mg/L,,,
1970-12-07,S000-128,07030004-587,Snake River,River/Stream,Pine,07030004,-92.765897,45.825384,Dissolved oxygen (DO),Y,14.5,14.5,mg/L,,,
1970-12-07,S000-128,07030004-587,Snake River,River/Stream,Pine,07030004,-92.765897,45.825384,pH,Y,7.5,7.5,None,,,
1970-12-07,S000-128,07030004-587,Snake River,River/Stream,Pine,07030004,-92.765897,45.825384,"Temperature, water",Y,0,0,deg C,,,
1970-12-07,S000-128,07030004-587,Snake River,River/Stream,Pine,07030004,-92.765897,45.825384,Fecal Coliform,Y,20,20,/100mL,,,
1970-12-07,S000-128,07030004-587,Snake River,River/Stream,Pine,07030004,-92.765897,45.825384,MBAS,Y,0.35,0.35,mg/L,,,
1970-12-07,S000-128,07030004-587,Snake River,River/Stream,Pine,07030004,-92.765897,45.825384,Mercury,N,,,,,0.1,ug/L
1970-12-07,S000-128,07030004-587,Snake River,River/Stream,Pine,07030004,-92.765897,45.825384,"Alkalinity, total",Y,94,94,mg/L,,,
1970-12-07,S000-128,07030004-587,Snake River,River/Stream,Pine,07030004,-92.765897,45.825384,Turbidity,Y,2.8,2.8,None,,,
1970-12-07,S000-128,07030004-587,Snake River,River/Stream,Pine,07030004,-92.765897,45.825384,Apparent color,Y,120,120,PCU,,,
1970-12-07,S000-128,07030004-587,Snake River,River/Stream,Pine,07030004,-92.765897,45.825384,Specific conductance,Y,180,180,uS/cm,,,
1970-12-07,S000-128,07030004-587,Snake River,River/Stream,Pine,07030004,-92.765897,45.825384,Total solids,Y,160,160,mg/L,,,
1970-12-07,S000-128,07030004-587,Snake River,River/Stream,Pine,07030004,-92.765897,45.825384,Total volatile solids,Y,60,60,mg/L,,,
1970-12-07,S000-128,07030004-587,Snake River,River/Stream,Pine,07030004,-92.765897,45.825384,Organic Nitrogen,Y,1.3,1.3,mg/L,,,
1970-12-07,S000-128,07030004-587,Snake River,River/Stream,Pine,07030004,-92.765897,45.825384,Ammonia-nitrogen,Y,0.23,0.23,mg/L,,,
1970-12-07,S000-128,07030004-587,Snake River,River/Stream,Pine,07030004,-92.765897,45.825384,Nitrite,Y,0.04,0.04,mg/L,,,
1970-12-07,S000-128,07030004-587,Snake River,River/Stream,Pine,07030004,-92.765897,45.825384,Nitrate,Y,0.44,0.44,mg/L,,,
1970-12-07,S000-128,07030004-587,Snake River,River/Stream,Pine,07030004,-92.765897,45.825384,Phosphorus,Y,0.07,0.07,mg/L,,,
1970-12-07,S000-128,07030004-587,Snake River,River/Stream,Pine,07030004,-92.765897,45.825384,"Hardness, Ca, Mg",Y,100,100,mg/L,,,
1970-12-07,S000-128,07030004-587,Snake River,River/Stream,Pine,07030004,-92.765897,45.825384,Chloride,Y,6.1,6.1,mg/L,,,
1970-12-07,S000-128,07030004-587,Snake River,River/Stream,Pine,07030004,-92.765897,45.825384,Arsenic,N,,,,,10,ug/L
1970-12-07,S000-128,07030004-587,Snake River,River/Stream,Pine,07030004,-92.765897,45.825384,Cadmium,N,,,,,10,ug/L
1970-12-07,S000-128,07030004-587,Snake River,River/Stream,Pine,07030004,-92.765897,45.825384,Copper,N,,,,,10,ug/L
1970-12-07,S000-128,07030004-587,Snake River,River/Stream,Pine,07030004,-92.765897,45.825384,Iron,Y,450,450,ug/L,,,
1970-12-07,S000-128,07030004-587,Snake River,River/Stream,Pine,07030004,-92.765897,45.825384,Lead,N,,,,,10,ug/L
1970-12-07,S000-128,07030004-587,Snake River,River/Stream,Pine,07030004,-92.765897,45.825384,Manganese,Y,50,50,ug/L,,,
1970-12-07,S000-128,07030004-587,Snake River,River/Stream,Pine,07030004,-92.765897,45.825384,Nickel,N,,,,,10,ug/L
1970-12-07,S000-128,07030004-587,Snake River,River/Stream,Pine,07030004,-92.765897,45.825384,Zinc,N,,,,,10,ug/L
1970-12-07,S000-128,07030004-587,Snake River,River/Stream,Pine,07030004,-92.765897,45.825384,Total Coliform,Y,170,170,/100mL,,,
1970-10-23,S000-128,07030004-587,Snake River,River/Stream,Pine,07030004,-92.765897,45.825384,"Alkalinity, total",Y,110,110,mg/L,,,
1970-10-23,S000-128,07030004-587,Snake River,River/Stream,Pine,07030004,-92.765897,45.825384,Mercury,Y,0.24,0.24,ug/L,,,
1970-10-23,S000-128,07030004-587,Snake River,River/Stream,Pine,07030004,-92.765897,45.825384,Apparent color,Y,45,45,PCU,,,
1970-10-23,S000-128,07030004-587,Snake River,River/Stream,Pine,07030004,-92.765897,45.825384,pH,Y,8.3,8.3,None,,,
1970-10-23,S000-128,07030004-587,Snake River,River/Stream,Pine,07030004,-92.765897,45.825384,"Temperature, water",Y,10.56,10.56,deg C,,,
1970-10-23,S000-128,07030004-587,Snake River,River/Stream,Pine,07030004,-92.765897,45.825384,Dissolved oxygen (DO),Y,9.9,9.9,mg/L,,,
1970-10-23,S000-128,07030004-587,Snake River,River/Stream,Pine,07030004,-92.765897,45.825384,Specific conductance,Y,210,210,uS/cm,,,
1970-10-23,S000-128,07030004-587,Snake River,River/Stream,Pine,07030004,-92.765897,45.825384,Total solids,Y,120,120,mg/L,,,
1970-10-23,S000-128,07030004-587,Snake River,River/Stream,Pine,07030004,-92.765897,45.825384,Total volatile solids,Y,69,69,mg/L,,,
1970-10-23,S000-128,07030004-587,Snake River,River/Stream,Pine,07030004,-92.765897,45.825384,Organic Nitrogen,Y,0.77,0.77,mg/L,,,
1970-10-23,S000-128,07030004-587,Snake River,River/Stream,Pine,07030004,-92.765897,45.825384,Ammonia-nitrogen,N,,,,,0.2,mg/L
1970-10-23,S000-128,07030004-587,Snake River,River/Stream,Pine,07030004,-92.765897,45.825384,Nitrite,N,,,,,0.02,mg/L
1970-10-23,S000-128,07030004-587,Snake River,River/Stream,Pine,07030004,-92.765897,45.825384,Nitrate,N,,,,,0.1,mg/L
1970-10-23,S000-128,07030004-587,Snake River,River/Stream,Pine,07030004,-92.765897,45.825384,Phosphorus,Y,0.04,0.04,mg/L,,,
1970-10-23,S000-128,07030004-587,Snake River,River/Stream,Pine,07030004,-92.765897,45.825384,"Hardness, Ca, Mg",Y,100,100,mg/L,,,
1970-10-23,S000-128,07030004-587,Snake River,River/Stream,Pine,07030004,-92.765897,45.825384,Chloride,Y,3.3,3.3,mg/L,,,
1970-10-23,S000-128,07030004-587,Snake River,River/Stream,Pine,07030004,-92.765897,45.825384,Arsenic,N,,,,,10,ug/L
1970-10-23,S000-128,07030004-587,Snake River,River/Stream,Pine,07030004,-92.765897,45.825384,Cadmium,N,,,,,10,ug/L
1970-10-23,S000-128,07030004-587,Snake River,River/Stream,Pine,07030004,-92.765897,45.825384,Copper,N,,,,,10,ug/L
1970-10-23,S000-128,07030004-587,Snake River,River/Stream,Pine,07030004,-92.765897,45.825384,Iron,Y,120,120,ug/L,,,
1970-10-23,S000-128,07030004-587,Snake River,River/Stream,Pine,07030004,-92.765897,45.825384,Lead,N,,,,,10,ug/L
1970-10-23,S000-128,07030004-587,Snake River,River/Stream,Pine,07030004,-92.765897,45.825384,Manganese,Y,55,55,ug/L,,,
1970-10-23,S000-128,07030004-587,Snake River,River/Stream,Pine,07030004,-92.765897,45.825384,Nickel,N,,,,,10,ug/L
1970-10-23,S000-128,07030004-587,Snake River,River/Stream,Pine,07030004,-92.765897,45.825384,Zinc,N,,,,,10,ug/L
1970-10-23,S000-128,07030004-587,Snake River,River/Stream,Pine,07030004,-92.765897,45.825384,Total Coliform,Y,50,50,/100mL,,,
1970-10-23,S000-128,07030004-587,Snake River,River/Stream,Pine,07030004,-92.765897,45.825384,Fecal Coliform,N,,,,,20,/100mL
1970-10-23,S000-128,07030004-587,Snake River,River/Stream,Pine,07030004,-92.765897,45.825384,MBAS,N,,,,,0.1,mg/L
1970-10-23,S000-128,07030004-587,Snake River,River/Stream,Pine,07030004,-92.765897,45.825384,Turbidity,Y,2.4,2.4,None,,,
1970-09-25,S000-128,07030004-587,Snake River,River/Stream,Pine,07030004,-92.765897,45.825384,Total solids,Y,150,150,mg/L,,,
1970-09-25,S000-128,07030004-587,Snake River,River/Stream,Pine,07030004,-92.765897,45.825384,"Temperature, water",Y,13.33,13.33,deg C,,,
1970-09-25,S000-128,07030004-587,Snake River,River/Stream,Pine,07030004,-92.765897,45.825384,Oil and Grease,N,,,,,0.3,mg/L
1970-09-25,S000-128,07030004-587,Snake River,River/Stream,Pine,07030004,-92.765897,45.825384,Nitrate,Y,0.08,0.08,mg/L,,,
1970-09-25,S000-128,07030004-587,Snake River,River/Stream,Pine,07030004,-92.765897,45.825384,Organic Nitrogen,N,,,,,0.3,mg/L
1970-09-25,S000-128,07030004-587,Snake River,River/Stream,Pine,07030004,-92.765897,45.825384,Ammonia-nitrogen,N,,,,,0.2,mg/L
1970-09-25,S000-128,07030004-587,Snake River,River/Stream,Pine,07030004,-92.765897,45.825384,Nitrite,N,,,,,0.02,mg/L
1970-09-25,S000-128,07030004-587,Snake River,River/Stream,Pine,07030004,-92.765897,45.825384,Phosphorus,Y,0.07,0.07,mg/L,,,
1970-09-25,S000-128,07030004-587,Snake River,River/Stream,Pine,07030004,-92.765897,45.825384,Cyanide,Y,0.005,0.005,mg/L,,,
1970-09-25,S000-128,07030004-587,Snake River,River/Stream,Pine,07030004,-92.765897,45.825384,Sodium,Y,6,6,mg/L,,,
1970-09-25,S000-128,07030004-587,Snake River,River/Stream,Pine,07030004,-92.765897,45.825384,"Hardness, Ca, Mg",Y,140,140,mg/L,,,
1970-09-25,S000-128,07030004-587,Snake River,River/Stream,Pine,07030004,-92.765897,45.825384,Calcium,Y,110,110,mg/L,,,
1970-09-25,S000-128,07030004-587,Snake River,River/Stream,Pine,07030004,-92.765897,45.825384,Magnesium,Y,30,30,mg/L,,,
1970-09-25,S000-128,07030004-587,Snake River,River/Stream,Pine,07030004,-92.765897,45.825384,Potassium,Y,1,1,mg/L,,,
1970-09-25,S000-128,07030004-587,Snake River,River/Stream,Pine,07030004,-92.765897,45.825384,Chloride,Y,6,6,mg/L,,,
1970-09-25,S000-128,07030004-587,Snake River,River/Stream,Pine,07030004,-92.765897,45.825384,Sulfate,Y,7.8,7.8,mg/L,,,
1970-09-25,S000-128,07030004-587,Snake River,River/Stream,Pine,07030004,-92.765897,45.825384,Apparent color,Y,25,25,PCU,,,
1970-09-25,S000-128,07030004-587,Snake River,River/Stream,Pine,07030004,-92.765897,45.825384,Specific conductance,Y,180,180,uS/cm,,,
1970-09-25,S000-128,07030004-587,Snake River,River/Stream,Pine,07030004,-92.765897,45.825384,"Alkalinity, total",Y,100,100,mg/L,,,
1970-09-25,S000-128,07030004-587,Snake River,River/Stream,Pine,07030004,-92.765897,45.825384,Turbidity,Y,2.6,2.6,None,,,
1970-09-25,S000-128,07030004-587,Snake River,River/Stream,Pine,07030004,-92.765897,45.825384,Fluoride,N,,,,,0.1,mg/L
1970-09-25,S000-128,07030004-587,Snake River,River/Stream,Pine,07030004,-92.765897,45.825384,Silica,Y,4,4,mg/L,,,
1970-09-25,S000-128,07030004-587,Snake River,River/Stream,Pine,07030004,-92.765897,45.825384,Arsenic,N,,,,,10,ug/L
1970-09-25,S000-128,07030004-587,Snake River,River/Stream,Pine,07030004,-92.765897,45.825384,Barium,N,,,,,20,ug/L
1970-09-25,S000-128,07030004-587,Snake River,River/Stream,Pine,07030004,-92.765897,45.825384,Boron,Y,40,40,ug/L,,,
1970-09-25,S000-128,07030004-587,Snake River,River/Stream,Pine,07030004,-92.765897,45.825384,Cadmium,N,,,,,10,ug/L
1970-09-25,S000-128,07030004-587,Snake River,River/Stream,Pine,07030004,-92.765897,45.825384,Chromium(VI),N,,,,,10,ug/L
1970-09-25,S000-128,07030004-587,Snake River,River/Stream,Pine,07030004,-92.765897,45.825384,Chromium,N,,,,,10,ug/L
1970-09-25,S000-128,07030004-587,Snake River,River/Stream,Pine,07030004,-92.765897,45.825384,Copper,Y,10,10,ug/L,,,
1970-09-25,S000-128,07030004-587,Snake River,River/Stream,Pine,07030004,-92.765897,45.825384,Iron,Y,66,66,ug/L,,,
1970-09-25,S000-128,07030004-587,Snake River,River/Stream,Pine,07030004,-92.765897,45.825384,Lead,N,,,,,10,ug/L
1970-09-25,S000-128,07030004-587,Snake River,River/Stream,Pine,07030004,-92.765897,45.825384,Manganese,Y,91,91,ug/L,,,
1970-09-25,S000-128,07030004-587,Snake River,River/Stream,Pine,07030004,-92.765897,45.825384,Nickel,N,,,,,10,ug/L
1970-09-25,S000-128,07030004-587,Snake River,River/Stream,Pine,07030004,-92.765897,45.825384,Silver,N,,,,,2,ug/L
1970-09-25,S000-128,07030004-587,Snake River,River/Stream,Pine,07030004,-92.765897,45.825384,Zinc,Y,27,27,ug/L,,,
1970-09-25,S000-128,07030004-587,Snake River,River/Stream,Pine,07030004,-92.765897,45.825384,Selenium,N,,,,,10,ug/L
1970-09-25,S000-128,07030004-587,Snake River,River/Stream,Pine,07030004,-92.765897,45.825384,Alpha particle,Y,2,2,pCi/L,,,
1970-09-25,S000-128,07030004-587,Snake River,River/Stream,Pine,07030004,-92.765897,45.825384,Beta particle,Y,9,9,pCi/L,,,
1970-09-25,S000-128,07030004-587,Snake River,River/Stream,Pine,07030004,-92.765897,45.825384,Total Coliform,Y,790,790,/100mL,,,
1970-09-25,S000-128,07030004-587,Snake River,River/Stream,Pine,07030004,-92.765897,45.825384,Fecal Coliform,Y,80,80,/100mL,,,
1970-09-25,S000-128,07030004-587,Snake River,River/Stream,Pine,07030004,-92.765897,45.825384,Petroleum phenols,N,,,,,5,ug/L
1970-09-25,S000-128,07030004-587,Snake River,River/Stream,Pine,07030004,-92.765897,45.825384,MBAS,N,,,,,0.1,mg/L
1970-09-25,S000-128,07030004-587,Snake River,River/Stream,Pine,07030004,-92.765897,45.825384,Mercury,N,,,,,0.1,ug/L
1970-09-25,S000-128,07030004-587,Snake River,River/Stream,Pine,07030004,-92.765897,45.825384,Dissolved oxygen (DO),Y,10.5,10.5,mg/L,,,
1970-09-25,S000-128,07030004-587,Snake River,River/Stream,Pine,07030004,-92.765897,45.825384,pH,Y,8.2,8.2,None,,,
1970-09-25,S000-128,07030004-587,Snake River,River/Stream,Pine,07030004,-92.765897,45.825384,Total volatile solids,Y,82,82,mg/L,,,
1970-08-28,S000-128,07030004-587,Snake River,River/Stream,Pine,07030004,-92.765897,45.825384,Mercury,N,,,,,0.1,ug/L
1970-08-28,S000-128,07030004-587,Snake River,River/Stream,Pine,07030004,-92.765897,45.825384,Total volatile solids,Y,75,75,mg/L,,,
1970-08-28,S000-128,07030004-587,Snake River,River/Stream,Pine,07030004,-92.765897,45.825384,"Alkalinity, total",Y,110,110,mg/L,,,
1970-08-28,S000-128,07030004-587,Snake River,River/Stream,Pine,07030004,-92.765897,45.825384,Turbidity,Y,5.3,5.3,None,,,
1970-08-28,S000-128,07030004-587,Snake River,River/Stream,Pine,07030004,-92.765897,45.825384,Apparent color,Y,50,50,PCU,,,
1970-08-28,S000-128,07030004-587,Snake River,River/Stream,Pine,07030004,-92.765897,45.825384,Specific conductance,Y,240,240,uS/cm,,,
1970-08-28,S000-128,07030004-587,Snake River,River/Stream,Pine,07030004,-92.765897,45.825384,Organic Nitrogen,Y,1.2,1.2,mg/L,,,
1970-08-28,S000-128,07030004-587,Snake River,River/Stream,Pine,07030004,-92.765897,45.825384,Ammonia-nitrogen,N,,,,,0.2,mg/L
1970-08-28,S000-128,07030004-587,Snake River,River/Stream,Pine,07030004,-92.765897,45.825384,Nitrite,N,,,,,0.02,mg/L
1970-08-28,S000-128,07030004-587,Snake River,River/Stream,Pine,07030004,-92.765897,45.825384,Nitrate,Y,0.05,0.05,mg/L,,,
1970-08-28,S000-128,07030004-587,Snake River,River/Stream,Pine,07030004,-92.765897,45.825384,Phosphorus,Y,0.1,0.1,mg/L,,,
1970-08-28,S000-128,07030004-587,Snake River,River/Stream,Pine,07030004,-92.765897,45.825384,"Hardness, Ca, Mg",Y,110,110,mg/L,,,
1970-08-28,S000-128,07030004-587,Snake River,River/Stream,Pine,07030004,-92.765897,45.825384,Chloride,Y,4.4,4.4,mg/L,,,
1970-08-28,S000-128,07030004-587,Snake River,River/Stream,Pine,07030004,-92.765897,45.825384,Arsenic,N,,,,,10,ug/L
1970-08-28,S000-128,07030004-587,Snake River,River/Stream,Pine,07030004,-92.765897,45.825384,Cadmium,N,,,,,10,ug/L
1970-08-28,S000-128,07030004-587,Snake River,River/Stream,Pine,07030004,-92.765897,45.825384,Copper,N,,,,,10,ug/L
1970-08-28,S000-128,07030004-587,Snake River,River/Stream,Pine,07030004,-92.765897,45.825384,Iron,Y,16,16,ug/L,,,
1970-08-28,S000-128,07030004-587,Snake River,River/Stream,Pine,07030004,-92.765897,45.825384,Lead,N,,,,,10,ug/L
1970-08-28,S000-128,07030004-587,Snake River,River/Stream,Pine,07030004,-92.765897,45.825384,Dissolved oxygen (DO),Y,9.4,9.4,mg/L,,,
1970-08-28,S000-128,07030004-587,Snake River,River/Stream,Pine,07030004,-92.765897,45.825384,pH,Y,8.5,8.5,None,,,
1970-08-28,S000-128,07030004-587,Snake River,River/Stream,Pine,07030004,-92.765897,45.825384,"Temperature, water",Y,22.78,22.78,deg C,,,
1970-08-28,S000-128,07030004-587,Snake River,River/Stream,Pine,07030004,-92.765897,45.825384,Manganese,Y,120,120,ug/L,,,
1970-08-28,S000-128,07030004-587,Snake River,River/Stream,Pine,07030004,-92.765897,45.825384,Nickel,N,,,,,10,ug/L
1970-08-28,S000-128,07030004-587,Snake River,River/Stream,Pine,07030004,-92.765897,45.825384,Zinc,N,,,,,10,ug/L
1970-08-28,S000-128,07030004-587,Snake River,River/Stream,Pine,07030004,-92.765897,45.825384,Total Coliform,Y,790,790,/100mL,,,
1970-08-28,S000-128,07030004-587,Snake River,River/Stream,Pine,07030004,-92.765897,45.825384,Fecal Coliform,Y,50,50,/100mL,,,
1970-08-28,S000-128,07030004-587,Snake River,River/Stream,Pine,07030004,-92.765897,45.825384,MBAS,N,,,,,0.1,mg/L
1970-08-28,S000-128,07030004-587,Snake River,River/Stream,Pine,07030004,-92.765897,45.825384,Total solids,Y,140,140,mg/L,,,
1970-07-31,S000-128,07030004-587,Snake River,River/Stream,Pine,07030004,-92.765897,45.825384,Organic Nitrogen,Y,1.1,1.1,mg/L,,,
1970-07-31,S000-128,07030004-587,Snake River,River/Stream,Pine,07030004,-92.765897,45.825384,Ammonia-nitrogen,N,,,,,0.2,mg/L
1970-07-31,S000-128,07030004-587,Snake River,River/Stream,Pine,07030004,-92.765897,45.825384,Nitrite,Y,0.03,0.03,mg/L,,,
1970-07-31,S000-128,07030004-587,Snake River,River/Stream,Pine,07030004,-92.765897,45.825384,Nitrate,Y,0.07,0.07,mg/L,,,
1970-07-31,S000-128,07030004-587,Snake River,River/Stream,Pine,07030004,-92.765897,45.825384,Phosphorus,Y,0.09,0.09,mg/L,,,
1970-07-31,S000-128,07030004-587,Snake River,River/Stream,Pine,07030004,-92.765897,45.825384,"Hardness, Ca, Mg",Y,50,50,mg/L,,,
1970-07-31,S000-128,07030004-587,Snake River,River/Stream,Pine,07030004,-92.765897,45.825384,Chloride,Y,1,1,mg/L,,,
1970-07-31,S000-128,07030004-587,Snake River,River/Stream,Pine,07030004,-92.765897,45.825384,Cadmium,N,,,,,10,ug/L
1970-07-31,S000-128,07030004-587,Snake River,River/Stream,Pine,07030004,-92.765897,45.825384,Copper,N,,,,,10,ug/L
1970-07-31,S000-128,07030004-587,Snake River,River/Stream,Pine,07030004,-92.765897,45.825384,Iron,Y,200,200,ug/L,,,
1970-07-31,S000-128,07030004-587,Snake River,River/Stream,Pine,07030004,-92.765897,45.825384,Lead,N,,,,,10,ug/L
1970-07-31,S000-128,07030004-587,Snake River,River/Stream,Pine,07030004,-92.765897,45.825384,Manganese,Y,130,130,ug/L,,,
1970-07-31,S000-128,07030004-587,Snake River,River/Stream,Pine,07030004,-92.765897,45.825384,Nickel,N,,,,,10,ug/L
1970-07-31,S000-128,07030004-587,Snake River,River/Stream,Pine,07030004,-92.765897,45.825384,Zinc,N,,,,,10,ug/L
1970-07-31,S000-128,07030004-587,Snake River,River/Stream,Pine,07030004,-92.765897,45.825384,Total Coliform,Y,790,790,/100mL,,,
1970-07-31,S000-128,07030004-587,Snake River,River/Stream,Pine,07030004,-92.765897,45.825384,Fecal Coliform,Y,40,40,/100mL,,,
1970-07-31,S000-128,07030004-587,Snake River,River/Stream,Pine,07030004,-92.765897,45.825384,MBAS,N,,,,,0.1,mg/L
1970-07-31,S000-128,07030004-587,Snake River,River/Stream,Pine,07030004,-92.765897,45.825384,Mercury,N,,,,,0.1,ug/L
1970-07-31,S000-128,07030004-587,Snake River,River/Stream,Pine,07030004,-92.765897,45.825384,"Alkalinity, total",Y,92,92,mg/L,,,
1970-07-31,S000-128,07030004-587,Snake River,River/Stream,Pine,07030004,-92.765897,45.825384,Turbidity,Y,4.9,4.9,None,,,
1970-07-31,S000-128,07030004-587,Snake River,River/Stream,Pine,07030004,-92.765897,45.825384,Apparent color,Y,60,60,PCU,,,
1970-07-31,S000-128,07030004-587,Snake River,River/Stream,Pine,07030004,-92.765897,45.825384,Specific conductance,Y,130,130,uS/cm,,,
1970-07-31,S000-128,07030004-587,Snake River,River/Stream,Pine,07030004,-92.765897,45.825384,Total solids,Y,130,130,mg/L,,,
1970-07-31,S000-128,07030004-587,Snake River,River/Stream,Pine,07030004,-92.765897,45.825384,Total volatile solids,Y,66,66,mg/L,,,
1970-07-31,S000-128,07030004-587,Snake River,River/Stream,Pine,07030004,-92.765897,45.825384,Dissolved oxygen (DO),Y,7.8,7.8,mg/L,,,
1970-07-31,S000-128,07030004-587,Snake River,River/Stream,Pine,07030004,-92.765897,45.825384,pH,Y,8.2,8.2,None,,,
1970-07-31,S000-128,07030004-587,Snake River,River/Stream,Pine,07030004,-92.765897,45.825384,"Temperature, water",Y,27.22,27.22,deg C,,,
1970-06-26,S000-128,07030004-587,Snake River,River/Stream,Pine,07030004,-92.765897,45.825384,"Alkalinity, total",Y,76,76,mg/L,,,
1970-06-26,S000-128,07030004-587,Snake River,River/Stream,Pine,07030004,-92.765897,45.825384,"Temperature, water",Y,20.56,20.56,deg C,,,
1970-06-26,S000-128,07030004-587,Snake River,River/Stream,Pine,07030004,-92.765897,45.825384,Apparent color,Y,150,150,PCU,,,
1970-06-26,S000-128,07030004-587,Snake River,River/Stream,Pine,07030004,-92.765897,45.825384,Specific conductance,Y,97,97,uS/cm,,,
1970-06-26,S000-128,07030004-587,Snake River,River/Stream,Pine,07030004,-92.765897,45.825384,Total solids,Y,220,220,mg/L,,,
1970-06-26,S000-128,07030004-587,Snake River,River/Stream,Pine,07030004,-92.765897,45.825384,Total volatile solids,Y,160,160,mg/L,,,
1970-06-26,S000-128,07030004-587,Snake River,River/Stream,Pine,07030004,-92.765897,45.825384,Organic Nitrogen,Y,1.1,1.1,mg/L,,,
1970-06-26,S000-128,07030004-587,Snake River,River/Stream,Pine,07030004,-92.765897,45.825384,Ammonia-nitrogen,N,,,,,0.2,mg/L
1970-06-26,S000-128,07030004-587,Snake River,River/Stream,Pine,07030004,-92.765897,45.825384,Nitrite,Y,0.04,0.04,mg/L,,,
1970-06-26,S000-128,07030004-587,Snake River,River/Stream,Pine,07030004,-92.765897,45.825384,Nitrate,Y,0.2,0.2,mg/L,,,
1970-06-26,S000-128,07030004-587,Snake River,River/Stream,Pine,07030004,-92.765897,45.825384,Phosphorus,Y,0.15,0.15,mg/L,,,
1970-06-26,S000-128,07030004-587,Snake River,River/Stream,Pine,07030004,-92.765897,45.825384,"Hardness, Ca, Mg",Y,80,80,mg/L,,,
1970-06-26,S000-128,07030004-587,Snake River,River/Stream,Pine,07030004,-92.765897,45.825384,Chloride,Y,1,1,mg/L,,,
1970-06-26,S000-128,07030004-587,Snake River,River/Stream,Pine,07030004,-92.765897,45.825384,Cadmium,Y,10,10,ug/L,,,
1970-06-26,S000-128,07030004-587,Snake River,River/Stream,Pine,07030004,-92.765897,45.825384,Copper,N,,,,,10,ug/L
1970-06-26,S000-128,07030004-587,Snake River,River/Stream,Pine,07030004,-92.765897,45.825384,Iron,Y,850,850,ug/L,,,
1970-06-26,S000-128,07030004-587,Snake River,River/Stream,Pine,07030004,-92.765897,45.825384,Lead,N,,,,,10,ug/L
1970-06-26,S000-128,07030004-587,Snake River,River/Stream,Pine,07030004,-92.765897,45.825384,Manganese,Y,160,160,ug/L,,,
1970-06-26,S000-128,07030004-587,Snake River,River/Stream,Pine,07030004,-92.765897,45.825384,Nickel,N,,,,,10,ug/L
1970-06-26,S000-128,07030004-587,Snake River,River/Stream,Pine,07030004,-92.765897,45.825384,Zinc,N,,,,,10,ug/L
1970-06-26,S000-128,07030004-587,Snake River,River/Stream,Pine,07030004,-92.765897,45.825384,Total Coliform,Y,490,490,/100mL,,,
1970-06-26,S000-128,07030004-587,Snake River,River/Stream,Pine,07030004,-92.765897,45.825384,Fecal Coliform,Y,130,130,/100mL,,,
1970-06-26,S000-128,07030004-587,Snake River,River/Stream,Pine,07030004,-92.765897,45.825384,MBAS,N,,,,,0.1,mg/L
1970-06-26,S000-128,07030004-587,Snake River,River/Stream,Pine,07030004,-92.765897,45.825384,Dissolved oxygen (DO),Y,7.3,7.3,mg/L,,,
1970-06-26,S000-128,07030004-587,Snake River,River/Stream,Pine,07030004,-92.765897,45.825384,pH,Y,7.5,7.5,None,,,
1970-06-26,S000-128,07030004-587,Snake River,River/Stream,Pine,07030004,-92.765897,45.825384,Turbidity,Y,4.5,4.5,None,,,
1970-05-22,S000-128,07030004-587,Snake River,River/Stream,Pine,07030004,-92.765897,45.825384,Chloride,Y,3.2,3.2,mg/L,,,
1970-05-22,S000-128,07030004-587,Snake River,River/Stream,Pine,07030004,-92.765897,45.825384,"Temperature, water",Y,13.89,13.89,deg C,,,
1970-05-22,S000-128,07030004-587,Snake River,River/Stream,Pine,07030004,-92.765897,45.825384,Copper,N,,,,,10,ug/L
1970-05-22,S000-128,07030004-587,Snake River,River/Stream,Pine,07030004,-92.765897,45.825384,Iron,Y,370,370,ug/L,,,
1970-05-22,S000-128,07030004-587,Snake River,River/Stream,Pine,07030004,-92.765897,45.825384,Lead,N,,,,,10,ug/L
1970-05-22,S000-128,07030004-587,Snake River,River/Stream,Pine,07030004,-92.765897,45.825384,Manganese,Y,150,150,ug/L,,,
1970-05-22,S000-128,07030004-587,Snake River,River/Stream,Pine,07030004,-92.765897,45.825384,Nickel,Y,10,10,ug/L,,,
1970-05-22,S000-128,07030004-587,Snake River,River/Stream,Pine,07030004,-92.765897,45.825384,Total volatile solids,Y,61,61,mg/L,,,
1970-05-22,S000-128,07030004-587,Snake River,River/Stream,Pine,07030004,-92.765897,45.825384,Organic Nitrogen,Y,0.78,0.78,mg/L,,,
1970-05-22,S000-128,07030004-587,Snake River,River/Stream,Pine,07030004,-92.765897,45.825384,Ammonia-nitrogen,N,,,,,0.2,mg/L
1970-05-22,S000-128,07030004-587,Snake River,River/Stream,Pine,07030004,-92.765897,45.825384,Nitrite,Y,0.03,0.03,mg/L,,,
1970-05-22,S000-128,07030004-587,Snake River,River/Stream,Pine,07030004,-92.765897,45.825384,Nitrate,Y,0.1,0.1,mg/L,,,
1970-05-22,S000-128,07030004-587,Snake River,River/Stream,Pine,07030004,-92.765897,45.825384,Phosphorus,Y,0.08,0.08,mg/L,,,
1970-05-22,S000-128,07030004-587,Snake River,River/Stream,Pine,07030004,-92.765897,45.825384,"Hardness, Ca, Mg",Y,78,78,mg/L,,,
1970-05-22,S000-128,07030004-587,Snake River,River/Stream,Pine,07030004,-92.765897,45.825384,Zinc,Y,10,10,ug/L,,,
1970-05-22,S000-128,07030004-587,Snake River,River/Stream,Pine,07030004,-92.765897,45.825384,Total Coliform,Y,790,790,/100mL,,,
1970-05-22,S000-128,07030004-587,Snake River,River/Stream,Pine,07030004,-92.765897,45.825384,Fecal Coliform,N,,,,,20,/100mL
1970-05-22,S000-128,07030004-587,Snake River,River/Stream,Pine,07030004,-92.765897,45.825384,MBAS,N,,,,,0.1,mg/L
1970-05-22,S000-128,07030004-587,Snake River,River/Stream,Pine,07030004,-92.765897,45.825384,Turbidity,Y,2.5,2.5,None,,,
1970-05-22,S000-128,07030004-587,Snake River,River/Stream,Pine,07030004,-92.765897,45.825384,"Alkalinity, total",Y,72,72,mg/L,,,
1970-05-22,S000-128,07030004-587,Snake River,River/Stream,Pine,07030004,-92.765897,45.825384,Apparent color,Y,100,100,PCU,,,
1970-05-22,S000-128,07030004-587,Snake River,River/Stream,Pine,07030004,-92.765897,45.825384,Specific conductance,Y,120,120,uS/cm,,,
1970-05-22,S000-128,07030004-587,Snake River,River/Stream,Pine,07030004,-92.765897,45.825384,Total solids,Y,130,130,mg/L,,,
1970-05-22,S000-128,07030004-587,Snake River,River/Stream,Pine,07030004,-92.765897,45.825384,Dissolved oxygen (DO),Y,9.8,9.8,mg/L,,,
1970-05-22,S000-128,07030004-587,Snake River,River/Stream,Pine,07030004,-92.765897,45.825384,pH,Y,7.3,7.3,None,,,
1970-05-22,S000-128,07030004-587,Snake River,River/Stream,Pine,07030004,-92.765897,45.825384,Cadmium,N,,,,,10,ug/L
1970-02-27,S000-128,07030004-587,Snake River,River/Stream,Pine,07030004,-92.765897,45.825384,"Temperature, water",Y,0,0,deg C,,,
1970-02-27,S000-128,07030004-587,Snake River,River/Stream,Pine,07030004,-92.765897,45.825384,Organic Nitrogen,Y,0.71,0.71,mg/L,,,
1970-02-27,S000-128,07030004-587,Snake River,River/Stream,Pine,07030004,-92.765897,45.825384,Ammonia-nitrogen,N,,,,,0.2,mg/L
1970-02-27,S000-128,07030004-587,Snake River,River/Stream,Pine,07030004,-92.765897,45.825384,Nitrite,Y,0.02,0.02,mg/L,,,
1970-02-27,S000-128,07030004-587,Snake River,River/Stream,Pine,07030004,-92.765897,45.825384,Nitrate,Y,0.3,0.3,mg/L,,,
1970-02-27,S000-128,07030004-587,Snake River,River/Stream,Pine,07030004,-92.765897,45.825384,Phosphorus,Y,0.06,0.06,mg/L,,,
1970-02-27,S000-128,07030004-587,Snake River,River/Stream,Pine,07030004,-92.765897,45.825384,"Hardness, Ca, Mg",Y,160,160,mg/L,,,
1970-02-27,S000-128,07030004-587,Snake River,River/Stream,Pine,07030004,-92.765897,45.825384,Chloride,Y,4,4,mg/L,,,
1970-02-27,S000-128,07030004-587,Snake River,River/Stream,Pine,07030004,-92.765897,45.825384,Cadmium,N,,,,,10,ug/L
1970-02-27,S000-128,07030004-587,Snake River,River/Stream,Pine,07030004,-92.765897,45.825384,Copper,N,,,,,10,ug/L
1970-02-27,S000-128,07030004-587,Snake River,River/Stream,Pine,07030004,-92.765897,45.825384,Iron,Y,160,160,ug/L,,,
1970-02-27,S000-128,07030004-587,Snake River,River/Stream,Pine,07030004,-92.765897,45.825384,Lead,N,,,,,10,ug/L
1970-02-27,S000-128,07030004-587,Snake River,River/Stream,Pine,07030004,-92.765897,45.825384,Manganese,Y,70,70,ug/L,,,
1970-02-27,S000-128,07030004-587,Snake River,River/Stream,Pine,07030004,-92.765897,45.825384,"Alkalinity, total",Y,170,170,mg/L,,,
1970-02-27,S000-128,07030004-587,Snake River,River/Stream,Pine,07030004,-92.765897,45.825384,Turbidity,Y,3.3,3.3,None,,,
1970-02-27,S000-128,07030004-587,Snake River,River/Stream,Pine,07030004,-92.765897,45.825384,Apparent color,Y,25,25,PCU,,,
1970-02-27,S000-128,07030004-587,Snake River,River/Stream,Pine,07030004,-92.765897,45.825384,Specific conductance,Y,230,230,uS/cm,,,
1970-02-27,S000-128,07030004-587,Snake River,River/Stream,Pine,07030004,-92.765897,45.825384,Total solids,Y,160,160,mg/L,,,
1970-02-27,S000-128,07030004-587,Snake River,River/Stream,Pine,07030004,-92.765897,45.825384,Total volatile solids,Y,59,59,mg/L,,,
1970-02-27,S000-128,07030004-587,Snake River,River/Stream,Pine,07030004,-92.765897,45.825384,Nickel,N,,,,,10,ug/L
1970-02-27,S000-128,07030004-587,Snake River,River/Stream,Pine,07030004,-92.765897,45.825384,Zinc,Y,10,10,ug/L,,,
1970-02-27,S000-128,07030004-587,Snake River,River/Stream,Pine,07030004,-92.765897,45.825384,Total Coliform,Y,170,170,/100mL,,,
1970-02-27,S000-128,07030004-587,Snake River,River/Stream,Pine,07030004,-92.765897,45.825384,Fecal Coliform,Y,50,50,/100mL,,,
1970-02-27,S000-128,07030004-587,Snake River,River/Stream,Pine,07030004,-92.765897,45.825384,MBAS,N,,,,,0.1,mg/L
1970-02-27,S000-128,07030004-587,Snake River,River/Stream,Pine,07030004,-92.765897,45.825384,Dissolved oxygen (DO),Y,10.2,10.2,mg/L,,,
1970-02-27,S000-128,07030004-587,Snake River,River/Stream,Pine,07030004,-92.765897,45.825384,pH,Y,7.4,7.4,None,,,
1970-01-23,S000-128,07030004-587,Snake River,River/Stream,Pine,07030004,-92.765897,45.825384,"Temperature, water",Y,0,0,deg C,,,
1970-01-23,S000-128,07030004-587,Snake River,River/Stream,Pine,07030004,-92.765897,45.825384,Organic Nitrogen,Y,0.41,0.41,mg/L,,,
1970-01-23,S000-128,07030004-587,Snake River,River/Stream,Pine,07030004,-92.765897,45.825384,Ammonia-nitrogen,Y,0.25,0.25,mg/L,,,
1970-01-23,S000-128,07030004-587,Snake River,River/Stream,Pine,07030004,-92.765897,45.825384,"Hardness, Ca, Mg",Y,160,160,mg/L,,,
1970-01-23,S000-128,07030004-587,Snake River,River/Stream,Pine,07030004,-92.765897,45.825384,Nitrite,Y,0.04,0.04,mg/L,,,
1970-01-23,S000-128,07030004-587,Snake River,River/Stream,Pine,07030004,-92.765897,45.825384,Nitrate,Y,0.38,0.38,mg/L,,,
1970-01-23,S000-128,07030004-587,Snake River,River/Stream,Pine,07030004,-92.765897,45.825384,Phosphorus,Y,0.07,0.07,mg/L,,,
1970-01-23,S000-128,07030004-587,Snake River,River/Stream,Pine,07030004,-92.765897,45.825384,Chloride,Y,5.3,5.3,mg/L,,,
1970-01-23,S000-128,07030004-587,Snake River,River/Stream,Pine,07030004,-92.765897,45.825384,Cadmium,N,,,,,10,ug/L
1970-01-23,S000-128,07030004-587,Snake River,River/Stream,Pine,07030004,-92.765897,45.825384,Copper,N,,,,,10,ug/L
1970-01-23,S000-128,07030004-587,Snake River,River/Stream,Pine,07030004,-92.765897,45.825384,Iron,Y,100,100,ug/L,,,
1970-01-23,S000-128,07030004-587,Snake River,River/Stream,Pine,07030004,-92.765897,45.825384,Lead,N,,,,,10,ug/L
1970-01-23,S000-128,07030004-587,Snake River,River/Stream,Pine,07030004,-92.765897,45.825384,Manganese,Y,30,30,ug/L,,,
1970-01-23,S000-128,07030004-587,Snake River,River/Stream,Pine,07030004,-92.765897,45.825384,Nickel,N,,,,,10,ug/L
1970-01-23,S000-128,07030004-587,Snake River,River/Stream,Pine,07030004,-92.765897,45.825384,Zinc,N,,,,,10,ug/L
1970-01-23,S000-128,07030004-587,Snake River,River/Stream,Pine,07030004,-92.765897,45.825384,Total Coliform,Y,170,170,/100mL,,,
1970-01-23,S000-128,07030004-587,Snake River,River/Stream,Pine,07030004,-92.765897,45.825384,Fecal Coliform,Y,20,20,/100mL,,,
1970-01-23,S000-128,07030004-587,Snake River,River/Stream,Pine,07030004,-92.765897,45.825384,MBAS,Y,0.1,0.1,mg/L,,,
1970-01-23,S000-128,07030004-587,Snake River,River/Stream,Pine,07030004,-92.765897,45.825384,Apparent color,Y,20,20,PCU,,,
1970-01-23,S000-128,07030004-587,Snake River,River/Stream,Pine,07030004,-92.765897,45.825384,Specific conductance,Y,220,220,uS/cm,,,
1970-01-23,S000-128,07030004-587,Snake River,River/Stream,Pine,07030004,-92.765897,45.825384,"Alkalinity, total",Y,160,160,mg/L,,,
1970-01-23,S000-128,07030004-587,Snake River,River/Stream,Pine,07030004,-92.765897,45.825384,Turbidity,Y,2,2,None,,,
1970-01-23,S000-128,07030004-587,Snake River,River/Stream,Pine,07030004,-92.765897,45.825384,Total solids,Y,180,180,mg/L,,,
1970-01-23,S000-128,07030004-587,Snake River,River/Stream,Pine,07030004,-92.765897,45.825384,Total volatile solids,Y,72,72,mg/L,,,
1970-01-23,S000-128,07030004-587,Snake River,River/Stream,Pine,07030004,-92.765897,45.825384,Dissolved oxygen (DO),Y,8.1,8.1,mg/L,,,
1970-01-23,S000-128,07030004-587,Snake River,River/Stream,Pine,07030004,-92.765897,45.825384,pH,Y,7.5,7.5,None,,,
1969-12-23,S000-128,07030004-587,Snake River,River/Stream,Pine,07030004,-92.765897,45.825384,Chloride,Y,4.7,4.7,mg/L,,,
1969-12-23,S000-128,07030004-587,Snake River,River/Stream,Pine,07030004,-92.765897,45.825384,Total volatile solids,Y,72,72,mg/L,,,
1969-12-23,S000-128,07030004-587,Snake River,River/Stream,Pine,07030004,-92.765897,45.825384,Copper,Y,10,10,ug/L,,,
1969-12-23,S000-128,07030004-587,Snake River,River/Stream,Pine,07030004,-92.765897,45.825384,Iron,Y,700,700,ug/L,,,
1969-12-23,S000-128,07030004-587,Snake River,River/Stream,Pine,07030004,-92.765897,45.825384,Lead,N,,,,,10,ug/L
1969-12-23,S000-128,07030004-587,Snake River,River/Stream,Pine,07030004,-92.765897,45.825384,Manganese,Y,240,240,ug/L,,,
1969-12-23,S000-128,07030004-587,Snake River,River/Stream,Pine,07030004,-92.765897,45.825384,Nickel,N,,,,,10,ug/L
1969-12-23,S000-128,07030004-587,Snake River,River/Stream,Pine,07030004,-92.765897,45.825384,Zinc,Y,10,10,ug/L,,,
1969-12-23,S000-128,07030004-587,Snake River,River/Stream,Pine,07030004,-92.765897,45.825384,Total Coliform,Y,490,490,/100mL,,,
1969-12-23,S000-128,07030004-587,Snake River,River/Stream,Pine,07030004,-92.765897,45.825384,Fecal Coliform,N,,,,,20,/100mL
1969-12-23,S000-128,07030004-587,Snake River,River/Stream,Pine,07030004,-92.765897,45.825384,MBAS,Y,0.45,0.45,mg/L,,,
1969-12-23,S000-128,07030004-587,Snake River,River/Stream,Pine,07030004,-92.765897,45.825384,Organic Nitrogen,Y,1.1,1.1,mg/L,,,
1969-12-23,S000-128,07030004-587,Snake River,River/Stream,Pine,07030004,-92.765897,45.825384,Ammonia-nitrogen,N,,,,,0.2,mg/L
1969-12-23,S000-128,07030004-587,Snake River,River/Stream,Pine,07030004,-92.765897,45.825384,Nitrite,N,,,,,0.02,mg/L
1969-12-23,S000-128,07030004-587,Snake River,River/Stream,Pine,07030004,-92.765897,45.825384,Nitrate,Y,0.08,0.08,mg/L,,,
1969-12-23,S000-128,07030004-587,Snake River,River/Stream,Pine,07030004,-92.765897,45.825384,Phosphorus,Y,0.13,0.13,mg/L,,,
1969-12-23,S000-128,07030004-587,Snake River,River/Stream,Pine,07030004,-92.765897,45.825384,"Hardness, Ca, Mg",Y,150,150,mg/L,,,
1969-12-23,S000-128,07030004-587,Snake River,River/Stream,Pine,07030004,-92.765897,45.825384,Dissolved oxygen (DO),Y,12.2,12.2,mg/L,,,
1969-12-23,S000-128,07030004-587,Snake River,River/Stream,Pine,07030004,-92.765897,45.825384,pH,Y,7.7,7.7,None,,,
1969-12-23,S000-128,07030004-587,Snake River,River/Stream,Pine,07030004,-92.765897,45.825384,"Temperature, water",Y,0,0,deg C,,,
1969-12-23,S000-128,07030004-587,Snake River,River/Stream,Pine,07030004,-92.765897,45.825384,"Alkalinity, total",Y,150,150,mg/L,,,
1969-12-23,S000-128,07030004-587,Snake River,River/Stream,Pine,07030004,-92.765897,45.825384,Turbidity,Y,6.9,6.9,None,,,
1969-12-23,S000-128,07030004-587,Snake River,River/Stream,Pine,07030004,-92.765897,45.825384,Apparent color,Y,35,35,PCU,,,
1969-12-23,S000-128,07030004-587,Snake River,River/Stream,Pine,07030004,-92.765897,45.825384,Specific conductance,Y,290,290,uS/cm,,,
1969-12-23,S000-128,07030004-587,Snake River,River/Stream,Pine,07030004,-92.765897,45.825384,Total solids,Y,180,180,mg/L,,,
1969-12-23,S000-128,07030004-587,Snake River,River/Stream,Pine,07030004,-92.765897,45.825384,Cadmium,N,,,,,10,ug/L
1969-11-21,S000-128,07030004-587,Snake River,River/Stream,Pine,07030004,-92.765897,45.825384,Specific conductance,Y,270,270,uS/cm,,,
1969-11-21,S000-128,07030004-587,Snake River,River/Stream,Pine,07030004,-92.765897,45.825384,Fecal Coliform,N,,,,,20,/100mL
1969-11-21,S000-128,07030004-587,Snake River,River/Stream,Pine,07030004,-92.765897,45.825384,Total Coliform,Y,170,170,/100mL,,,
1969-11-21,S000-128,07030004-587,Snake River,River/Stream,Pine,07030004,-92.765897,45.825384,Zinc,N,,,,,10,ug/L
1969-11-21,S000-128,07030004-587,Snake River,River/Stream,Pine,07030004,-92.765897,45.825384,Nickel,N,,,,,10,ug/L
1969-11-21,S000-128,07030004-587,Snake River,River/Stream,Pine,07030004,-92.765897,45.825384,Manganese,Y,30,30,ug/L,,,
1969-11-21,S000-128,07030004-587,Snake River,River/Stream,Pine,07030004,-92.765897,45.825384,Lead,N,,,,,10,ug/L
1969-11-21,S000-128,07030004-587,Snake River,River/Stream,Pine,07030004,-92.765897,45.825384,Iron,Y,50,50,ug/L,,,
1969-11-21,S000-128,07030004-587,Snake River,River/Stream,Pine,07030004,-92.765897,45.825384,Copper,N,,,,,10,ug/L
1969-11-21,S000-128,07030004-587,Snake River,River/Stream,Pine,07030004,-92.765897,45.825384,Cadmium,N,,,,,10,ug/L
1969-11-21,S000-128,07030004-587,Snake River,River/Stream,Pine,07030004,-92.765897,45.825384,Chloride,Y,4.3,4.3,mg/L,,,
1969-11-21,S000-128,07030004-587,Snake River,River/Stream,Pine,07030004,-92.765897,45.825384,"Hardness, Ca, Mg",Y,140,140,mg/L,,,
1969-11-21,S000-128,07030004-587,Snake River,River/Stream,Pine,07030004,-92.765897,45.825384,Phosphorus,Y,0.04,0.04,mg/L,,,
1969-11-21,S000-128,07030004-587,Snake River,River/Stream,Pine,07030004,-92.765897,45.825384,Nitrate,N,,,,,0.02,mg/L
1969-11-21,S000-128,07030004-587,Snake River,River/Stream,Pine,07030004,-92.765897,45.825384,Nitrite,Y,0.02,0.02,mg/L,,,
1969-11-21,S000-128,07030004-587,Snake River,River/Stream,Pine,07030004,-92.765897,45.825384,Ammonia-nitrogen,N,,,,,0.2,mg/L
1969-11-21,S000-128,07030004-587,Snake River,River/Stream,Pine,07030004,-92.765897,45.825384,Organic Nitrogen,Y,1.4,1.4,mg/L,,,
1969-11-21,S000-128,07030004-587,Snake River,River/Stream,Pine,07030004,-92.765897,45.825384,pH,Y,8,8,None,,,
1969-11-21,S000-128,07030004-587,Snake River,River/Stream,Pine,07030004,-92.765897,45.825384,Dissolved oxygen (DO),Y,14.4,14.4,mg/L,,,
1969-11-21,S000-128,07030004-587,Snake River,River/Stream,Pine,07030004,-92.765897,45.825384,"Temperature, water",Y,0,0,deg C,,,
1969-11-21,S000-128,07030004-587,Snake River,River/Stream,Pine,07030004,-92.765897,45.825384,Total volatile solids,Y,69,69,mg/L,,,
1969-11-21,S000-128,07030004-587,Snake River,River/Stream,Pine,07030004,-92.765897,45.825384,Total solids,Y,150,150,mg/L,,,
1969-11-21,S000-128,07030004-587,Snake River,River/Stream,Pine,07030004,-92.765897,45.825384,MBAS,N,,,,,0.1,mg/L
1969-11-21,S000-128,07030004-587,Snake River,River/Stream,Pine,07030004,-92.765897,45.825384,Apparent color,Y,25,25,PCU,,,
1969-11-21,S000-128,07030004-587,Snake River,River/Stream,Pine,07030004,-92.765897,45.825384,"Alkalinity, total",Y,140,140,mg/L,,,
1969-11-21,S000-128,07030004-587,Snake River,River/Stream,Pine,07030004,-92.765897,45.825384,Turbidity,Y,2.5,2.5,None,,,
1969-11-04,S000-128,07030004-587,Snake River,River/Stream,Pine,07030004,-92.765897,45.825384,pH,Y,8.3,8.3,None,,,
1969-11-04,S000-128,07030004-587,Snake River,River/Stream,Pine,07030004,-92.765897,45.825384,Zinc,N,,,,,10,ug/L
1969-11-04,S000-128,07030004-587,Snake River,River/Stream,Pine,07030004,-92.765897,45.825384,Manganese,N,,,,,20,ug/L
1969-11-04,S000-128,07030004-587,Snake River,River/Stream,Pine,07030004,-92.765897,45.825384,Lead,N,,,,,10,ug/L
1969-11-04,S000-128,07030004-587,Snake River,River/Stream,Pine,07030004,-92.765897,45.825384,Copper,N,,,,,10,ug/L
1969-11-04,S000-128,07030004-587,Snake River,River/Stream,Pine,07030004,-92.765897,45.825384,Cadmium,N,,,,,10,ug/L
1969-11-04,S000-128,07030004-587,Snake River,River/Stream,Pine,07030004,-92.765897,45.825384,Chloride,Y,4.1,4.1,mg/L,,,
1969-11-04,S000-128,07030004-587,Snake River,River/Stream,Pine,07030004,-92.765897,45.825384,Iron,N,,,,,20,ug/L
1969-11-04,S000-128,07030004-587,Snake River,River/Stream,Pine,07030004,-92.765897,45.825384,"Hardness, Ca, Mg",Y,130,130,mg/L,,,
1969-11-04,S000-128,07030004-587,Snake River,River/Stream,Pine,07030004,-92.765897,45.825384,Phosphorus,Y,0.06,0.06,mg/L,,,
1969-11-04,S000-128,07030004-587,Snake River,River/Stream,Pine,07030004,-92.765897,45.825384,Nitrate,Y,0.08,0.08,mg/L,,,
1969-11-04,S000-128,07030004-587,Snake River,River/Stream,Pine,07030004,-92.765897,45.825384,Nitrite,N,,,,,0.02,mg/L
1969-11-04,S000-128,07030004-587,Snake River,River/Stream,Pine,07030004,-92.765897,45.825384,Ammonia-nitrogen,N,,,,,0.2,mg/L
1969-11-04,S000-128,07030004-587,Snake River,River/Stream,Pine,07030004,-92.765897,45.825384,Organic Nitrogen,Y,0.51,0.51,mg/L,,,
1969-11-04,S000-128,07030004-587,Snake River,River/Stream,Pine,07030004,-92.765897,45.825384,Total volatile solids,Y,120,120,mg/L,,,
1969-11-04,S000-128,07030004-587,Snake River,River/Stream,Pine,07030004,-92.765897,45.825384,Total solids,Y,150,150,mg/L,,,
1969-11-04,S000-128,07030004-587,Snake River,River/Stream,Pine,07030004,-92.765897,45.825384,Specific conductance,Y,230,230,uS/cm,,,
1969-11-04,S000-128,07030004-587,Snake River,River/Stream,Pine,07030004,-92.765897,45.825384,Apparent color,Y,25,25,PCU,,,
1969-11-04,S000-128,07030004-587,Snake River,River/Stream,Pine,07030004,-92.765897,45.825384,Turbidity,Y,3,3,None,,,
1969-11-04,S000-128,07030004-587,Snake River,River/Stream,Pine,07030004,-92.765897,45.825384,"Alkalinity, total",Y,130,130,mg/L,,,
1969-11-04,S000-128,07030004-587,Snake River,River/Stream,Pine,07030004,-92.765897,45.825384,Dissolved oxygen (DO),Y,13.3,13.3,mg/L,,,
1969-11-04,S000-128,07030004-587,Snake River,River/Stream,Pine,07030004,-92.765897,45.825384,"Temperature, water",Y,6.11,6.11,deg C,,,
1969-11-04,S000-128,07030004-587,Snake River,River/Stream,Pine,07030004,-92.765897,45.825384,MBAS,N,,,,,0.1,mg/L
1969-11-04,S000-128,07030004-587,Snake River,River/Stream,Pine,07030004,-92.765897,45.825384,Fecal Coliform,N,,,,,20,/100mL
1969-11-04,S000-128,07030004-587,Snake River,River/Stream,Pine,07030004,-92.765897,45.825384,Total Coliform,Y,110,110,/100mL,,,
1969-11-04,S000-128,07030004-587,Snake River,River/Stream,Pine,07030004,-92.765897,45.825384,Nickel,N,,,,,10,ug/L
1969-10-13,S000-128,07030004-587,Snake River,River/Stream,Pine,07030004,-92.765897,45.825384,Apparent color,Y,25,25,PCU,,,
1969-10-13,S000-128,07030004-587,Snake River,River/Stream,Pine,07030004,-92.765897,45.825384,"Temperature, water",Y,7.22,7.22,deg C,,,
1969-10-13,S000-128,07030004-587,Snake River,River/Stream,Pine,07030004,-92.765897,45.825384,"Alkalinity, total",Y,130,130,mg/L,,,
1969-10-13,S000-128,07030004-587,Snake River,River/Stream,Pine,07030004,-92.765897,45.825384,Turbidity,Y,3.4,3.4,None,,,
1969-10-13,S000-128,07030004-587,Snake River,River/Stream,Pine,07030004,-92.765897,45.825384,Nitrate,N,,,,,0.02,mg/L
1969-10-13,S000-128,07030004-587,Snake River,River/Stream,Pine,07030004,-92.765897,45.825384,Phosphorus,Y,0.05,0.05,mg/L,,,
1969-10-13,S000-128,07030004-587,Snake River,River/Stream,Pine,07030004,-92.765897,45.825384,"Hardness, Ca, Mg",Y,130,130,mg/L,,,
1969-10-13,S000-128,07030004-587,Snake River,River/Stream,Pine,07030004,-92.765897,45.825384,Chloride,Y,3.1,3.1,mg/L,,,
1969-10-13,S000-128,07030004-587,Snake River,River/Stream,Pine,07030004,-92.765897,45.825384,Cadmium,N,,,,,10,ug/L
1969-10-13,S000-128,07030004-587,Snake River,River/Stream,Pine,07030004,-92.765897,45.825384,Copper,Y,120,120,ug/L,,,
1969-10-13,S000-128,07030004-587,Snake River,River/Stream,Pine,07030004,-92.765897,45.825384,Iron,Y,50,50,ug/L,,,
1969-10-13,S000-128,07030004-587,Snake River,River/Stream,Pine,07030004,-92.765897,45.825384,Total solids,Y,120,120,mg/L,,,
1969-10-13,S000-128,07030004-587,Snake River,River/Stream,Pine,07030004,-92.765897,45.825384,Total volatile solids,Y,53,53,mg/L,,,
1969-10-13,S000-128,07030004-587,Snake River,River/Stream,Pine,07030004,-92.765897,45.825384,Organic Nitrogen,Y,0.6,0.6,mg/L,,,
1969-10-13,S000-128,07030004-587,Snake River,River/Stream,Pine,07030004,-92.765897,45.825384,Ammonia-nitrogen,N,,,,,0.2,mg/L
1969-10-13,S000-128,07030004-587,Snake River,River/Stream,Pine,07030004,-92.765897,45.825384,Nitrite,Y,0.02,0.02,mg/L,,,
1969-10-13,S000-128,07030004-587,Snake River,River/Stream,Pine,07030004,-92.765897,45.825384,Lead,Y,20,20,ug/L,,,
1969-10-13,S000-128,07030004-587,Snake River,River/Stream,Pine,07030004,-92.765897,45.825384,Manganese,Y,100,100,ug/L,,,
1969-10-13,S000-128,07030004-587,Snake River,River/Stream,Pine,07030004,-92.765897,45.825384,Nickel,N,,,,,10,ug/L
1969-10-13,S000-128,07030004-587,Snake River,River/Stream,Pine,07030004,-92.765897,45.825384,Zinc,N,,,,,10,ug/L
1969-10-13,S000-128,07030004-587,Snake River,River/Stream,Pine,07030004,-92.765897,45.825384,Total Coliform,Y,80,80,/100mL,,,
1969-10-13,S000-128,07030004-587,Snake River,River/Stream,Pine,07030004,-92.765897,45.825384,Fecal Coliform,Y,20,20,/100mL,,,
1969-10-13,S000-128,07030004-587,Snake River,River/Stream,Pine,07030004,-92.765897,45.825384,MBAS,N,,,,,0.1,mg/L
1969-10-13,S000-128,07030004-587,Snake River,River/Stream,Pine,07030004,-92.765897,45.825384,Dissolved oxygen (DO),Y,9.1,9.1,mg/L,,,
1969-10-13,S000-128,07030004-587,Snake River,River/Stream,Pine,07030004,-92.765897,45.825384,pH,Y,8.3,8.3,None,,,
1969-10-13,S000-128,07030004-587,Snake River,River/Stream,Pine,07030004,-92.765897,45.825384,Specific conductance,Y,230,230,uS/cm,,,
1969-09-24,S000-128,07030004-587,Snake River,River/Stream,Pine,07030004,-92.765897,45.825384,"Alkalinity, total",Y,120,120,mg/L,,,
1969-09-24,S000-128,07030004-587,Snake River,River/Stream,Pine,07030004,-92.765897,45.825384,"Temperature, water",Y,13.89,13.89,deg C,,,
1969-09-24,S000-128,07030004-587,Snake River,River/Stream,Pine,07030004,-92.765897,45.825384,Apparent color,Y,20,20,PCU,,,
1969-09-24,S000-128,07030004-587,Snake River,River/Stream,Pine,07030004,-92.765897,45.825384,Specific conductance,Y,260,260,uS/cm,,,
1969-09-24,S000-128,07030004-587,Snake River,River/Stream,Pine,07030004,-92.765897,45.825384,Total solids,Y,150,150,mg/L,,,
1969-09-24,S000-128,07030004-587,Snake River,River/Stream,Pine,07030004,-92.765897,45.825384,Total volatile solids,Y,130,130,mg/L,,,
1969-09-24,S000-128,07030004-587,Snake River,River/Stream,Pine,07030004,-92.765897,45.825384,Organic Nitrogen,Y,0.68,0.68,mg/L,,,
1969-09-24,S000-128,07030004-587,Snake River,River/Stream,Pine,07030004,-92.765897,45.825384,Ammonia-nitrogen,N,,,,,0.2,mg/L
1969-09-24,S000-128,07030004-587,Snake River,River/Stream,Pine,07030004,-92.765897,45.825384,Nitrite,N,,,,,0.02,mg/L
1969-09-24,S000-128,07030004-587,Snake River,River/Stream,Pine,07030004,-92.765897,45.825384,Nitrate,Y,0.06,0.06,mg/L,,,
1969-09-24,S000-128,07030004-587,Snake River,River/Stream,Pine,07030004,-92.765897,45.825384,Phosphorus,Y,0.16,0.16,mg/L,,,
1969-09-24,S000-128,07030004-587,Snake River,River/Stream,Pine,07030004,-92.765897,45.825384,"Hardness, Ca, Mg",Y,110,110,mg/L,,,
1969-09-24,S000-128,07030004-587,Snake River,River/Stream,Pine,07030004,-92.765897,45.825384,Chloride,Y,3,3,mg/L,,,
1969-09-24,S000-128,07030004-587,Snake River,River/Stream,Pine,07030004,-92.765897,45.825384,Cadmium,Y,10,10,ug/L,,,
1969-09-24,S000-128,07030004-587,Snake River,River/Stream,Pine,07030004,-92.765897,45.825384,Copper,N,,,,,10,ug/L
1969-09-24,S000-128,07030004-587,Snake River,River/Stream,Pine,07030004,-92.765897,45.825384,Iron,N,,,,,20,ug/L
1969-09-24,S000-128,07030004-587,Snake River,River/Stream,Pine,07030004,-92.765897,45.825384,Lead,N,,,,,10,ug/L
1969-09-24,S000-128,07030004-587,Snake River,River/Stream,Pine,07030004,-92.765897,45.825384,Manganese,Y,80,80,ug/L,,,
1969-09-24,S000-128,07030004-587,Snake River,River/Stream,Pine,07030004,-92.765897,45.825384,Nickel,N,,,,,10,ug/L
1969-09-24,S000-128,07030004-587,Snake River,River/Stream,Pine,07030004,-92.765897,45.825384,Zinc,Y,10,10,ug/L,,,
1969-09-24,S000-128,07030004-587,Snake River,River/Stream,Pine,07030004,-92.765897,45.825384,Total Coliform,Y,310,310,/100mL,,,
1969-09-24,S000-128,07030004-587,Snake River,River/Stream,Pine,07030004,-92.765897,45.825384,Fecal Coliform,Y,230,230,/100mL,,,
1969-09-24,S000-128,07030004-587,Snake River,River/Stream,Pine,07030004,-92.765897,45.825384,MBAS,N,,,,,0.1,mg/L
1969-09-24,S000-128,07030004-587,Snake River,River/Stream,Pine,07030004,-92.765897,45.825384,Dissolved oxygen (DO),Y,10.3,10.3,mg/L,,,
1969-09-24,S000-128,07030004-587,Snake River,River/Stream,Pine,07030004,-92.765897,45.825384,pH,Y,8.4,8.4,None,,,
1969-09-24,S000-128,07030004-587,Snake River,River/Stream,Pine,07030004,-92.765897,45.825384,Turbidity,Y,4.3,4.3,None,,,
1969-09-24,S000-128,07030004-587,Snake River,River/Stream,Pine,07030004,-92.765897,45.825384,Calcium,Y,72,72,mg/L,,,
1969-09-24,S000-128,07030004-587,Snake River,River/Stream,Pine,07030004,-92.765897,45.825384,Magnesium,Y,88,88,mg/L,,,
1969-09-24,S000-128,07030004-587,Snake River,River/Stream,Pine,07030004,-92.765897,45.825384,Sodium,Y,5.4,5.4,mg/L,,,
1969-09-24,S000-128,07030004-587,Snake River,River/Stream,Pine,07030004,-92.765897,45.825384,Potassium,N,,,,,1,mg/L
1969-09-24,S000-128,07030004-587,Snake River,River/Stream,Pine,07030004,-92.765897,45.825384,Sulfate,Y,9,9,mg/L,,,
1969-09-24,S000-128,07030004-587,Snake River,River/Stream,Pine,07030004,-92.765897,45.825384,Fluoride,Y,0.18,0.18,mg/L,,,
1969-09-24,S000-128,07030004-587,Snake River,River/Stream,Pine,07030004,-92.765897,45.825384,Silica,Y,2.5,2.5,mg/L,,,
1969-09-24,S000-128,07030004-587,Snake River,River/Stream,Pine,07030004,-92.765897,45.825384,Barium,N,,,,,50,ug/L
1969-09-24,S000-128,07030004-587,Snake River,River/Stream,Pine,07030004,-92.765897,45.825384,Boron,Y,20,20,ug/L,,,
1969-09-24,S000-128,07030004-587,Snake River,River/Stream,Pine,07030004,-92.765897,45.825384,Chromium(VI),N,,,,,20,ug/L
1969-09-24,S000-128,07030004-587,Snake River,River/Stream,Pine,07030004,-92.765897,45.825384,Chromium,N,,,,,20,ug/L
1969-09-24,S000-128,07030004-587,Snake River,River/Stream,Pine,07030004,-92.765897,45.825384,Silver,N,,,,,2,ug/L
1969-09-24,S000-128,07030004-587,Snake River,River/Stream,Pine,07030004,-92.765897,45.825384,Selenium,N,,,,,5,ug/L
1969-09-24,S000-128,07030004-587,Snake River,River/Stream,Pine,07030004,-92.765897,45.825384,Petroleum phenols,N,,,,,10,ug/L
1969-09-24,S000-128,07030004-587,Snake River,River/Stream,Pine,07030004,-92.765897,45.825384,"p,p'-DDT",N,,,,,0.001,ug/L
1969-09-24,S000-128,07030004-587,Snake River,River/Stream,Pine,07030004,-92.765897,45.825384,Bicarbonate,Y,120,120,mg/L,,,
1969-09-24,S000-128,07030004-587,Snake River,River/Stream,Pine,07030004,-92.765897,45.825384,Oil and Grease,N,,,,,0.3,mg/L
1969-09-24,S000-128,07030004-587,Snake River,River/Stream,Pine,07030004,-92.765897,45.825384,Cyanide,N,,,,,0.05,mg/L
1969-09-24,S000-128,07030004-587,Snake River,River/Stream,Pine,07030004,-92.765897,45.825384,Sulfide,N,,,,,0.01,mg/L
1969-08-20,S000-128,07030004-587,Snake River,River/Stream,Pine,07030004,-92.765897,45.825384,"Alkalinity, total",Y,110,110,mg/L,,,
1969-08-20,S000-128,07030004-587,Snake River,River/Stream,Pine,07030004,-92.765897,45.825384,"Temperature, water",Y,23.89,23.89,deg C,,,
1969-08-20,S000-128,07030004-587,Snake River,River/Stream,Pine,07030004,-92.765897,45.825384,Apparent color,Y,25,25,PCU,,,
1969-08-20,S000-128,07030004-587,Snake River,River/Stream,Pine,07030004,-92.765897,45.825384,Specific conductance,Y,220,220,uS/cm,,,
1969-08-20,S000-128,07030004-587,Snake River,River/Stream,Pine,07030004,-92.765897,45.825384,Total solids,Y,110,110,mg/L,,,
1969-08-20,S000-128,07030004-587,Snake River,River/Stream,Pine,07030004,-92.765897,45.825384,Total volatile solids,Y,17,17,mg/L,,,
1969-08-20,S000-128,07030004-587,Snake River,River/Stream,Pine,07030004,-92.765897,45.825384,Organic Nitrogen,Y,0.76,0.76,mg/L,,,
1969-08-20,S000-128,07030004-587,Snake River,River/Stream,Pine,07030004,-92.765897,45.825384,Ammonia-nitrogen,N,,,,,0.2,mg/L
1969-08-20,S000-128,07030004-587,Snake River,River/Stream,Pine,07030004,-92.765897,45.825384,Nitrite,N,,,,,0.02,mg/L
1969-08-20,S000-128,07030004-587,Snake River,River/Stream,Pine,07030004,-92.765897,45.825384,Nitrate,Y,0.3,0.3,mg/L,,,
1969-08-20,S000-128,07030004-587,Snake River,River/Stream,Pine,07030004,-92.765897,45.825384,Phosphorus,Y,0.11,0.11,mg/L,,,
1969-08-20,S000-128,07030004-587,Snake River,River/Stream,Pine,07030004,-92.765897,45.825384,"Hardness, Ca, Mg",Y,120,120,mg/L,,,
1969-08-20,S000-128,07030004-587,Snake River,River/Stream,Pine,07030004,-92.765897,45.825384,Chloride,Y,4.2,4.2,mg/L,,,
1969-08-20,S000-128,07030004-587,Snake River,River/Stream,Pine,07030004,-92.765897,45.825384,Cadmium,N,,,,,10,ug/L
1969-08-20,S000-128,07030004-587,Snake River,River/Stream,Pine,07030004,-92.765897,45.825384,Copper,N,,,,,10,ug/L
1969-08-20,S000-128,07030004-587,Snake River,River/Stream,Pine,07030004,-92.765897,45.825384,Iron,Y,60,60,ug/L,,,
1969-08-20,S000-128,07030004-587,Snake River,River/Stream,Pine,07030004,-92.765897,45.825384,Lead,N,,,,,10,ug/L
1969-08-20,S000-128,07030004-587,Snake River,River/Stream,Pine,07030004,-92.765897,45.825384,Manganese,Y,160,160,ug/L,,,
1969-08-20,S000-128,07030004-587,Snake River,River/Stream,Pine,07030004,-92.765897,45.825384,Nickel,N,,,,,10,ug/L
1969-08-20,S000-128,07030004-587,Snake River,River/Stream,Pine,07030004,-92.765897,45.825384,Zinc,N,,,,,10,ug/L
1969-08-20,S000-128,07030004-587,Snake River,River/Stream,Pine,07030004,-92.765897,45.825384,Total Coliform,Y,170,170,/100mL,,,
1969-08-20,S000-128,07030004-587,Snake River,River/Stream,Pine,07030004,-92.765897,45.825384,Fecal Coliform,N,,,,,20,/100mL
1969-08-20,S000-128,07030004-587,Snake River,River/Stream,Pine,07030004,-92.765897,45.825384,MBAS,N,,,,,0.1,mg/L
1969-08-20,S000-128,07030004-587,Snake River,River/Stream,Pine,07030004,-92.765897,45.825384,Dissolved oxygen (DO),Y,9.8,9.8,mg/L,,,
1969-08-20,S000-128,07030004-587,Snake River,River/Stream,Pine,07030004,-92.765897,45.825384,pH,Y,8.3,8.3,None,,,
1969-08-20,S000-128,07030004-587,Snake River,River/Stream,Pine,07030004,-92.765897,45.825384,Turbidity,Y,2.3,2.3,None,,,
1969-07-23,S000-128,07030004-587,Snake River,River/Stream,Pine,07030004,-92.765897,45.825384,Iron,N,,,,,20,ug/L
1969-07-23,S000-128,07030004-587,Snake River,River/Stream,Pine,07030004,-92.765897,45.825384,"Temperature, water",Y,23.33,23.33,deg C,,,
1969-07-23,S000-128,07030004-587,Snake River,River/Stream,Pine,07030004,-92.765897,45.825384,Manganese,Y,70,70,ug/L,,,
1969-07-23,S000-128,07030004-587,Snake River,River/Stream,Pine,07030004,-92.765897,45.825384,Nickel,N,,,,,10,ug/L
1969-07-23,S000-128,07030004-587,Snake River,River/Stream,Pine,07030004,-92.765897,45.825384,Zinc,N,,,,,10,ug/L
1969-07-23,S000-128,07030004-587,Snake River,River/Stream,Pine,07030004,-92.765897,45.825384,Total Coliform,Y,80,80,/100mL,,,
1969-07-23,S000-128,07030004-587,Snake River,River/Stream,Pine,07030004,-92.765897,45.825384,Fecal Coliform,N,,,,,20,/100mL
1969-07-23,S000-128,07030004-587,Snake River,River/Stream,Pine,07030004,-92.765897,45.825384,MBAS,Y,0.19,0.19,mg/L,,,
1969-07-23,S000-128,07030004-587,Snake River,River/Stream,Pine,07030004,-92.765897,45.825384,"Alkalinity, total",Y,100,100,mg/L,,,
1969-07-23,S000-128,07030004-587,Snake River,River/Stream,Pine,07030004,-92.765897,45.825384,Turbidity,Y,1.7,1.7,None,,,
1969-07-23,S000-128,07030004-587,Snake River,River/Stream,Pine,07030004,-92.765897,45.825384,Apparent color,Y,40,40,PCU,,,
1969-07-23,S000-128,07030004-587,Snake River,River/Stream,Pine,07030004,-92.765897,45.825384,Specific conductance,Y,210,210,uS/cm,,,
1969-07-23,S000-128,07030004-587,Snake River,River/Stream,Pine,07030004,-92.765897,45.825384,Total solids,Y,150,150,mg/L,,,
1969-07-23,S000-128,07030004-587,Snake River,River/Stream,Pine,07030004,-92.765897,45.825384,Total volatile solids,Y,100,100,mg/L,,,
1969-07-23,S000-128,07030004-587,Snake River,River/Stream,Pine,07030004,-92.765897,45.825384,Organic Nitrogen,Y,1,1,mg/L,,,
1969-07-23,S000-128,07030004-587,Snake River,River/Stream,Pine,07030004,-92.765897,45.825384,Ammonia-nitrogen,N,,,,,0.2,mg/L
1969-07-23,S000-128,07030004-587,Snake River,River/Stream,Pine,07030004,-92.765897,45.825384,Nitrite,N,,,,,0.02,mg/L
1969-07-23,S000-128,07030004-587,Snake River,River/Stream,Pine,07030004,-92.765897,45.825384,Nitrate,Y,0.12,0.12,mg/L,,,
1969-07-23,S000-128,07030004-587,Snake River,River/Stream,Pine,07030004,-92.765897,45.825384,Phosphorus,Y,0.09,0.09,mg/L,,,
1969-07-23,S000-128,07030004-587,Snake River,River/Stream,Pine,07030004,-92.765897,45.825384,"Hardness, Ca, Mg",Y,100,100,mg/L,,,
1969-07-23,S000-128,07030004-587,Snake River,River/Stream,Pine,07030004,-92.765897,45.825384,Chloride,Y,7.6,7.6,mg/L,,,
1969-07-23,S000-128,07030004-587,Snake River,River/Stream,Pine,07030004,-92.765897,45.825384,Cadmium,N,,,,,10,ug/L
1969-07-23,S000-128,07030004-587,Snake River,River/Stream,Pine,07030004,-92.765897,45.825384,Copper,N,,,,,10,ug/L
1969-07-23,S000-128,07030004-587,Snake River,River/Stream,Pine,07030004,-92.765897,45.825384,Dissolved oxygen (DO),Y,8.5,8.5,mg/L,,,
1969-07-23,S000-128,07030004-587,Snake River,River/Stream,Pine,07030004,-92.765897,45.825384,pH,Y,8.1,8.1,None,,,
1969-07-23,S000-128,07030004-587,Snake River,River/Stream,Pine,07030004,-92.765897,45.825384,Lead,N,,,,,10,ug/L
1969-06-18,S000-128,07030004-587,Snake River,River/Stream,Pine,07030004,-92.765897,45.825384,Apparent color,Y,80,80,PCU,,,
1969-06-18,S000-128,07030004-587,Snake River,River/Stream,Pine,07030004,-92.765897,45.825384,pH,Y,8.4,8.4,None,,,
1969-06-18,S000-128,07030004-587,Snake River,River/Stream,Pine,07030004,-92.765897,45.825384,"Alkalinity, total",Y,82,82,mg/L,,,
1969-06-18,S000-128,07030004-587,Snake River,River/Stream,Pine,07030004,-92.765897,45.825384,Turbidity,Y,2.8,2.8,None,,,
1969-06-18,S000-128,07030004-587,Snake River,River/Stream,Pine,07030004,-92.765897,45.825384,Total solids,Y,130,130,mg/L,,,
1969-06-18,S000-128,07030004-587,Snake River,River/Stream,Pine,07030004,-92.765897,45.825384,Total volatile solids,Y,74,74,mg/L,,,
1969-06-18,S000-128,07030004-587,Snake River,River/Stream,Pine,07030004,-92.765897,45.825384,Organic Nitrogen,Y,0.6,0.6,mg/L,,,
1969-06-18,S000-128,07030004-587,Snake River,River/Stream,Pine,07030004,-92.765897,45.825384,Ammonia-nitrogen,N,,,,,0.2,mg/L
1969-06-18,S000-128,07030004-587,Snake River,River/Stream,Pine,07030004,-92.765897,45.825384,Nitrite,N,,,,,0.02,mg/L
1969-06-18,S000-128,07030004-587,Snake River,River/Stream,Pine,07030004,-92.765897,45.825384,Nitrate,N,,,,,0.02,mg/L
1969-06-18,S000-128,07030004-587,Snake River,River/Stream,Pine,07030004,-92.765897,45.825384,Phosphorus,Y,0.06,0.06,mg/L,,,
1969-06-18,S000-128,07030004-587,Snake River,River/Stream,Pine,07030004,-92.765897,45.825384,"Hardness, Ca, Mg",Y,92,92,mg/L,,,
1969-06-18,S000-128,07030004-587,Snake River,River/Stream,Pine,07030004,-92.765897,45.825384,Chloride,Y,2.8,2.8,mg/L,,,
1969-06-18,S000-128,07030004-587,Snake River,River/Stream,Pine,07030004,-92.765897,45.825384,Cadmium,N,,,,,10,ug/L
1969-06-18,S000-128,07030004-587,Snake River,River/Stream,Pine,07030004,-92.765897,45.825384,Copper,N,,,,,10,ug/L
1969-06-18,S000-128,07030004-587,Snake River,River/Stream,Pine,07030004,-92.765897,45.825384,Iron,Y,260,260,ug/L,,,
1969-06-18,S000-128,07030004-587,Snake River,River/Stream,Pine,07030004,-92.765897,45.825384,Zinc,N,,,,,10,ug/L
1969-06-18,S000-128,07030004-587,Snake River,River/Stream,Pine,07030004,-92.765897,45.825384,Lead,N,,,,,10,ug/L
1969-06-18,S000-128,07030004-587,Snake River,River/Stream,Pine,07030004,-92.765897,45.825384,Manganese,Y,70,70,ug/L,,,
1969-06-18,S000-128,07030004-587,Snake River,River/Stream,Pine,07030004,-92.765897,45.825384,Nickel,N,,,,,10,ug/L
1969-06-18,S000-128,07030004-587,Snake River,River/Stream,Pine,07030004,-92.765897,45.825384,Total Coliform,Y,130,130,/100mL,,,
1969-06-18,S000-128,07030004-587,Snake River,River/Stream,Pine,07030004,-92.765897,45.825384,Fecal Coliform,N,,,,,20,/100mL
1969-06-18,S000-128,07030004-587,Snake River,River/Stream,Pine,07030004,-92.765897,45.825384,MBAS,Y,0.11,0.11,mg/L,,,
1969-06-18,S000-128,07030004-587,Snake River,River/Stream,Pine,07030004,-92.765897,45.825384,"Temperature, water",Y,23.33,23.33,deg C,,,
1969-06-18,S000-128,07030004-587,Snake River,River/Stream,Pine,07030004,-92.765897,45.825384,Dissolved oxygen (DO),Y,9.4,9.4,mg/L,,,
1969-06-18,S000-128,07030004-587,Snake River,River/Stream,Pine,07030004,-92.765897,45.825384,Specific conductance,Y,170,170,uS/cm,,,
1969-05-19,S000-128,07030004-587,Snake River,River/Stream,Pine,07030004,-92.765897,45.825384,Nitrate,Y,0.11,0.11,mg/L,,,
1969-05-19,S000-128,07030004-587,Snake River,River/Stream,Pine,07030004,-92.765897,45.825384,"Temperature, water",Y,16.11,16.11,deg C,,,
1969-05-19,S000-128,07030004-587,Snake River,River/Stream,Pine,07030004,-92.765897,45.825384,"Hardness, Ca, Mg",Y,86,86,mg/L,,,
1969-05-19,S000-128,07030004-587,Snake River,River/Stream,Pine,07030004,-92.765897,45.825384,Chloride,Y,3.2,3.2,mg/L,,,
1969-05-19,S000-128,07030004-587,Snake River,River/Stream,Pine,07030004,-92.765897,45.825384,Cadmium,N,,,,,10,ug/L
1969-05-19,S000-128,07030004-587,Snake River,River/Stream,Pine,07030004,-92.765897,45.825384,Copper,N,,,,,10,ug/L
1969-05-19,S000-128,07030004-587,Snake River,River/Stream,Pine,07030004,-92.765897,45.825384,Iron,Y,860,860,ug/L,,,
1969-05-19,S000-128,07030004-587,Snake River,River/Stream,Pine,07030004,-92.765897,45.825384,"Alkalinity, total",Y,74,74,mg/L,,,
1969-05-19,S000-128,07030004-587,Snake River,River/Stream,Pine,07030004,-92.765897,45.825384,Turbidity,Y,5.2,5.2,None,,,
1969-05-19,S000-128,07030004-587,Snake River,River/Stream,Pine,07030004,-92.765897,45.825384,Apparent color,Y,90,90,PCU,,,
1969-05-19,S000-128,07030004-587,Snake River,River/Stream,Pine,07030004,-92.765897,45.825384,Specific conductance,Y,140,140,uS/cm,,,
1969-05-19,S000-128,07030004-587,Snake River,River/Stream,Pine,07030004,-92.765897,45.825384,Total solids,Y,150,150,mg/L,,,
1969-05-19,S000-128,07030004-587,Snake River,River/Stream,Pine,07030004,-92.765897,45.825384,Total volatile solids,Y,81,81,mg/L,,,
1969-05-19,S000-128,07030004-587,Snake River,River/Stream,Pine,07030004,-92.765897,45.825384,Organic Nitrogen,Y,0.85,0.85,mg/L,,,
1969-05-19,S000-128,07030004-587,Snake River,River/Stream,Pine,07030004,-92.765897,45.825384,Ammonia-nitrogen,N,,,,,0.2,mg/L
1969-05-19,S000-128,07030004-587,Snake River,River/Stream,Pine,07030004,-92.765897,45.825384,Nitrite,N,,,,,0.02,mg/L
1969-05-19,S000-128,07030004-587,Snake River,River/Stream,Pine,07030004,-92.765897,45.825384,Lead,N,,,,,10,ug/L
1969-05-19,S000-128,07030004-587,Snake River,River/Stream,Pine,07030004,-92.765897,45.825384,Manganese,Y,100,100,ug/L,,,
1969-05-19,S000-128,07030004-587,Snake River,River/Stream,Pine,07030004,-92.765897,45.825384,Nickel,Y,20,20,ug/L,,,
1969-05-19,S000-128,07030004-587,Snake River,River/Stream,Pine,07030004,-92.765897,45.825384,Zinc,N,,,,,10,ug/L
1969-05-19,S000-128,07030004-587,Snake River,River/Stream,Pine,07030004,-92.765897,45.825384,Total Coliform,Y,330,330,/100mL,,,
1969-05-19,S000-128,07030004-587,Snake River,River/Stream,Pine,07030004,-92.765897,45.825384,Fecal Coliform,N,,,,,20,/100mL
1969-05-19,S000-128,07030004-587,Snake River,River/Stream,Pine,07030004,-92.765897,45.825384,MBAS,Y,0.46,0.46,mg/L,,,
1969-05-19,S000-128,07030004-587,Snake River,River/Stream,Pine,07030004,-92.765897,45.825384,Dissolved oxygen (DO),Y,8.9,8.9,mg/L,,,
1969-05-19,S000-128,07030004-587,Snake River,River/Stream,Pine,07030004,-92.765897,45.825384,pH,Y,7.4,7.4,None,,,
1969-05-19,S000-128,07030004-587,Snake River,River/Stream,Pine,07030004,-92.765897,45.825384,Phosphorus,Y,0.06,0.06,mg/L,,,
1969-04-21,S000-128,07030004-587,Snake River,River/Stream,Pine,07030004,-92.765897,45.825384,Total volatile solids,Y,48,48,mg/L,,,
1969-04-21,S000-128,07030004-587,Snake River,River/Stream,Pine,07030004,-92.765897,45.825384,"Temperature, water",Y,10,10,deg C,,,
1969-04-21,S000-128,07030004-587,Snake River,River/Stream,Pine,07030004,-92.765897,45.825384,Organic Nitrogen,Y,0.73,0.73,mg/L,,,
1969-04-21,S000-128,07030004-587,Snake River,River/Stream,Pine,07030004,-92.765897,45.825384,Ammonia-nitrogen,N,,,,,0.2,mg/L
1969-04-21,S000-128,07030004-587,Snake River,River/Stream,Pine,07030004,-92.765897,45.825384,Nitrite,N,,,,,0.02,mg/L
1969-04-21,S000-128,07030004-587,Snake River,River/Stream,Pine,07030004,-92.765897,45.825384,Nitrate,Y,0.09,0.09,mg/L,,,
1969-04-21,S000-128,07030004-587,Snake River,River/Stream,Pine,07030004,-92.765897,45.825384,Phosphorus,Y,0.09,0.09,mg/L,,,
1969-04-21,S000-128,07030004-587,Snake River,River/Stream,Pine,07030004,-92.765897,45.825384,"Hardness, Ca, Mg",Y,48,48,mg/L,,,
1969-04-21,S000-128,07030004-587,Snake River,River/Stream,Pine,07030004,-92.765897,45.825384,Chloride,N,,,,,1,mg/L
1969-04-21,S000-128,07030004-587,Snake River,River/Stream,Pine,07030004,-92.765897,45.825384,Cadmium,N,,,,,10,ug/L
1969-04-21,S000-128,07030004-587,Snake River,River/Stream,Pine,07030004,-92.765897,45.825384,Copper,Y,20,20,ug/L,,,
1969-04-21,S000-128,07030004-587,Snake River,River/Stream,Pine,07030004,-92.765897,45.825384,Iron,Y,540,540,ug/L,,,
1969-04-21,S000-128,07030004-587,Snake River,River/Stream,Pine,07030004,-92.765897,45.825384,Lead,N,,,,,10,ug/L
1969-04-21,S000-128,07030004-587,Snake River,River/Stream,Pine,07030004,-92.765897,45.825384,Manganese,Y,60,60,ug/L,,,
1969-04-21,S000-128,07030004-587,Snake River,River/Stream,Pine,07030004,-92.765897,45.825384,Nickel,N,,,,,10,ug/L
1969-04-21,S000-128,07030004-587,Snake River,River/Stream,Pine,07030004,-92.765897,45.825384,Zinc,Y,10,10,ug/L,,,
1969-04-21,S000-128,07030004-587,Snake River,River/Stream,Pine,07030004,-92.765897,45.825384,Total Coliform,Y,790,790,/100mL,,,
1969-04-21,S000-128,07030004-587,Snake River,River/Stream,Pine,07030004,-92.765897,45.825384,Fecal Coliform,Y,110,110,/100mL,,,
1969-04-21,S000-128,07030004-587,Snake River,River/Stream,Pine,07030004,-92.765897,45.825384,MBAS,Y,0.15,0.15,mg/L,,,
1969-04-21,S000-128,07030004-587,Snake River,River/Stream,Pine,07030004,-92.765897,45.825384,"Alkalinity, total",Y,38,38,mg/L,,,
1969-04-21,S000-128,07030004-587,Snake River,River/Stream,Pine,07030004,-92.765897,45.825384,Turbidity,Y,6.3,6.3,None,,,
1969-04-21,S000-128,07030004-587,Snake River,River/Stream,Pine,07030004,-92.765897,45.825384,Apparent color,Y,90,90,PCU,,,
1969-04-21,S000-128,07030004-587,Snake River,River/Stream,Pine,07030004,-92.765897,45.825384,Specific conductance,Y,93,93,uS/cm,,,
1969-04-21,S000-128,07030004-587,Snake River,River/Stream,Pine,07030004,-92.765897,45.825384,Total solids,Y,110,110,mg/L,,,
1969-04-21,S000-128,07030004-587,Snake River,River/Stream,Pine,07030004,-92.765897,45.825384,Dissolved oxygen (DO),Y,9.3,9.3,mg/L,,,
1969-04-21,S000-128,07030004-587,Snake River,River/Stream,Pine,07030004,-92.765897,45.825384,pH,Y,7.5,7.5,None,,,
1968-12-19,S000-128,07030004-587,Snake River,River/Stream,Pine,07030004,-92.765897,45.825384,Turbidity,Y,7.5,7.5,JCU,,,
1968-12-19,S000-128,07030004-587,Snake River,River/Stream,Pine,07030004,-92.765897,45.825384,"Temperature, water",Y,0,0,deg C,,,
1968-12-19,S000-128,07030004-587,Snake River,River/Stream,Pine,07030004,-92.765897,45.825384,Specific conductance,Y,200,200,uS/cm,,,
1968-12-19,S000-128,07030004-587,Snake River,River/Stream,Pine,07030004,-92.765897,45.825384,Total solids,Y,240,240,mg/L,,,
1968-12-19,S000-128,07030004-587,Snake River,River/Stream,Pine,07030004,-92.765897,45.825384,"Alkalinity, total",Y,90,90,mg/L,,,
1968-12-19,S000-128,07030004-587,Snake River,River/Stream,Pine,07030004,-92.765897,45.825384,Total volatile solids,Y,52,52,mg/L,,,
1968-12-19,S000-128,07030004-587,Snake River,River/Stream,Pine,07030004,-92.765897,45.825384,Organic Nitrogen,Y,1.1,1.1,mg/L,,,
1968-12-19,S000-128,07030004-587,Snake River,River/Stream,Pine,07030004,-92.765897,45.825384,Ammonia-nitrogen,N,,,,,0.2,mg/L
1968-12-19,S000-128,07030004-587,Snake River,River/Stream,Pine,07030004,-92.765897,45.825384,"Hardness, Ca, Mg",Y,120,120,mg/L,,,
1968-12-19,S000-128,07030004-587,Snake River,River/Stream,Pine,07030004,-92.765897,45.825384,Nitrite,Y,0.02,0.02,mg/L,,,
1968-12-19,S000-128,07030004-587,Snake River,River/Stream,Pine,07030004,-92.765897,45.825384,Nitrate,Y,0.25,0.25,mg/L,,,
1968-12-19,S000-128,07030004-587,Snake River,River/Stream,Pine,07030004,-92.765897,45.825384,Phosphorus,Y,0.16,0.16,mg/L,,,
1968-12-19,S000-128,07030004-587,Snake River,River/Stream,Pine,07030004,-92.765897,45.825384,Chloride,Y,1.9,1.9,mg/L,,,
1968-12-19,S000-128,07030004-587,Snake River,River/Stream,Pine,07030004,-92.765897,45.825384,Cadmium,N,,,,,10,ug/L
1968-12-19,S000-128,07030004-587,Snake River,River/Stream,Pine,07030004,-92.765897,45.825384,Copper,Y,10,10,ug/L,,,
1968-12-19,S000-128,07030004-587,Snake River,River/Stream,Pine,07030004,-92.765897,45.825384,Iron,Y,710,710,ug/L,,,
1968-12-19,S000-128,07030004-587,Snake River,River/Stream,Pine,07030004,-92.765897,45.825384,Lead,Y,20,20,ug/L,,,
1968-12-19,S000-128,07030004-587,Snake River,River/Stream,Pine,07030004,-92.765897,45.825384,Manganese,Y,40,40,ug/L,,,
1968-12-19,S000-128,07030004-587,Snake River,River/Stream,Pine,07030004,-92.765897,45.825384,Nickel,N,,,,,10,ug/L
1968-12-19,S000-128,07030004-587,Snake River,River/Stream,Pine,07030004,-92.765897,45.825384,Zinc,Y,10,10,ug/L,,,
1968-12-19,S000-128,07030004-587,Snake River,River/Stream,Pine,07030004,-92.765897,45.825384,Total Coliform,Y,1300,1300,/100mL,,,
1968-12-19,S000-128,07030004-587,Snake River,River/Stream,Pine,07030004,-92.765897,45.825384,Fecal Coliform,Y,20,20,/100mL,,,
1968-12-19,S000-128,07030004-587,Snake River,River/Stream,Pine,07030004,-92.765897,45.825384,MBAS,Y,0.21,0.21,mg/L,,,
1968-12-19,S000-128,07030004-587,Snake River,River/Stream,Pine,07030004,-92.765897,45.825384,Dissolved oxygen (DO),Y,13.2,13.2,mg/L,,,
1968-12-19,S000-128,07030004-587,Snake River,River/Stream,Pine,07030004,-92.765897,45.825384,pH,Y,7.5,7.5,None,,,
1968-12-19,S000-128,07030004-587,Snake River,River/Stream,Pine,07030004,-92.765897,45.825384,Apparent color,Y,130,130,PCU,,,
1968-11-14,S000-128,07030004-587,Snake River,River/Stream,Pine,07030004,-92.765897,45.825384,Manganese,Y,30,30,ug/L,,,
1968-11-14,S000-128,07030004-587,Snake River,River/Stream,Pine,07030004,-92.765897,45.825384,Nickel,N,,,,,10,ug/L
1968-11-14,S000-128,07030004-587,Snake River,River/Stream,Pine,07030004,-92.765897,45.825384,Zinc,Y,40,40,ug/L,,,
1968-11-14,S000-128,07030004-587,Snake River,River/Stream,Pine,07030004,-92.765897,45.825384,Total Coliform,Y,490,490,/100mL,,,
1968-11-14,S000-128,07030004-587,Snake River,River/Stream,Pine,07030004,-92.765897,45.825384,Fecal Coliform,Y,20,20,/100mL,,,
1968-11-14,S000-128,07030004-587,Snake River,River/Stream,Pine,07030004,-92.765897,45.825384,MBAS,Y,0.06,0.06,mg/L,,,
1968-11-14,S000-128,07030004-587,Snake River,River/Stream,Pine,07030004,-92.765897,45.825384,Lead,Y,20,20,ug/L,,,
1968-11-14,S000-128,07030004-587,Snake River,River/Stream,Pine,07030004,-92.765897,45.825384,Dissolved oxygen (DO),Y,12.5,12.5,mg/L,,,
1968-11-14,S000-128,07030004-587,Snake River,River/Stream,Pine,07030004,-92.765897,45.825384,pH,Y,7.4,7.4,None,,,
1968-11-14,S000-128,07030004-587,Snake River,River/Stream,Pine,07030004,-92.765897,45.825384,"Temperature, water",Y,0.56,0.56,deg C,,,
1968-11-14,S000-128,07030004-587,Snake River,River/Stream,Pine,07030004,-92.765897,45.825384,"Alkalinity, total",Y,72,72,mg/L,,,
1968-11-14,S000-128,07030004-587,Snake River,River/Stream,Pine,07030004,-92.765897,45.825384,Turbidity,Y,2.1,2.1,JCU,,,
1968-11-14,S000-128,07030004-587,Snake River,River/Stream,Pine,07030004,-92.765897,45.825384,Apparent color,Y,130,130,PCU,,,
1968-11-14,S000-128,07030004-587,Snake River,River/Stream,Pine,07030004,-92.765897,45.825384,Specific conductance,Y,150,150,uS/cm,,,
1968-11-14,S000-128,07030004-587,Snake River,River/Stream,Pine,07030004,-92.765897,45.825384,Total solids,Y,140,140,mg/L,,,
1968-11-14,S000-128,07030004-587,Snake River,River/Stream,Pine,07030004,-92.765897,45.825384,Total volatile solids,Y,67,67,mg/L,,,
1968-11-14,S000-128,07030004-587,Snake River,River/Stream,Pine,07030004,-92.765897,45.825384,Organic Nitrogen,Y,0.96,0.96,mg/L,,,
1968-11-14,S000-128,07030004-587,Snake River,River/Stream,Pine,07030004,-92.765897,45.825384,Ammonia-nitrogen,N,,,,,0.2,mg/L
1968-11-14,S000-128,07030004-587,Snake River,River/Stream,Pine,07030004,-92.765897,45.825384,Nitrite,N,,,,,0.02,mg/L
1968-11-14,S000-128,07030004-587,Snake River,River/Stream,Pine,07030004,-92.765897,45.825384,Nitrate,Y,0.13,0.13,mg/L,,,
1968-11-14,S000-128,07030004-587,Snake River,River/Stream,Pine,07030004,-92.765897,45.825384,Cadmium,N,,,,,10,ug/L
1968-11-14,S000-128,07030004-587,Snake River,River/Stream,Pine,07030004,-92.765897,45.825384,Phosphorus,Y,0.1,0.1,mg/L,,,
1968-11-14,S000-128,07030004-587,Snake River,River/Stream,Pine,07030004,-92.765897,45.825384,"Hardness, Ca, Mg",Y,80,80,mg/L,,,
1968-11-14,S000-128,07030004-587,Snake River,River/Stream,Pine,07030004,-92.765897,45.825384,Chloride,Y,1,1,mg/L,,,
1968-11-14,S000-128,07030004-587,Snake River,River/Stream,Pine,07030004,-92.765897,45.825384,Copper,Y,70,70,ug/L,,,
1968-11-14,S000-128,07030004-587,Snake River,River/Stream,Pine,07030004,-92.765897,45.825384,Iron,Y,770,770,ug/L,,,
1968-10-30,S000-128,07030004-587,Snake River,River/Stream,Pine,07030004,-92.765897,45.825384,"Alkalinity, total",Y,46,46,mg/L,,,
1968-10-30,S000-128,07030004-587,Snake River,River/Stream,Pine,07030004,-92.765897,45.825384,Turbidity,Y,9,9,JCU,,,
1968-10-30,S000-128,07030004-587,Snake River,River/Stream,Pine,07030004,-92.765897,45.825384,Apparent color,Y,140,140,PCU,,,
1968-10-30,S000-128,07030004-587,Snake River,River/Stream,Pine,07030004,-92.765897,45.825384,MBAS,N,,,,,0.1,mg/L
1968-10-30,S000-128,07030004-587,Snake River,River/Stream,Pine,07030004,-92.765897,45.825384,"Temperature, water",Y,6.67,6.67,deg C,,,
1968-10-30,S000-128,07030004-587,Snake River,River/Stream,Pine,07030004,-92.765897,45.825384,pH,Y,7.1,7.1,None,,,
1968-10-30,S000-128,07030004-587,Snake River,River/Stream,Pine,07030004,-92.765897,45.825384,Dissolved oxygen (DO),Y,9.9,9.9,mg/L,,,
1968-10-30,S000-128,07030004-587,Snake River,River/Stream,Pine,07030004,-92.765897,45.825384,Fecal Coliform,Y,70,70,/100mL,,,
1968-10-30,S000-128,07030004-587,Snake River,River/Stream,Pine,07030004,-92.765897,45.825384,Total Coliform,Y,3300,3300,/100mL,,,
1968-10-30,S000-128,07030004-587,Snake River,River/Stream,Pine,07030004,-92.765897,45.825384,Chloride,N,,,,,1,mg/L
1968-10-30,S000-128,07030004-587,Snake River,River/Stream,Pine,07030004,-92.765897,45.825384,"Hardness, Ca, Mg",Y,58,58,mg/L,,,
1968-10-30,S000-128,07030004-587,Snake River,River/Stream,Pine,07030004,-92.765897,45.825384,Phosphorus,Y,0.13,0.13,mg/L,,,
1968-10-30,S000-128,07030004-587,Snake River,River/Stream,Pine,07030004,-92.765897,45.825384,Nitrate,Y,0.07,0.07,mg/L,,,
1968-10-30,S000-128,07030004-587,Snake River,River/Stream,Pine,07030004,-92.765897,45.825384,Nitrite,Y,0.03,0.03,mg/L,,,
1968-10-30,S000-128,07030004-587,Snake River,River/Stream,Pine,07030004,-92.765897,45.825384,Ammonia-nitrogen,N,,,,,0.2,mg/L
1968-10-30,S000-128,07030004-587,Snake River,River/Stream,Pine,07030004,-92.765897,45.825384,Organic Nitrogen,Y,0.88,0.88,mg/L,,,
1968-10-30,S000-128,07030004-587,Snake River,River/Stream,Pine,07030004,-92.765897,45.825384,Total volatile solids,Y,76,76,mg/L,,,
1968-10-30,S000-128,07030004-587,Snake River,River/Stream,Pine,07030004,-92.765897,45.825384,Total solids,Y,120,120,mg/L,,,
1968-10-30,S000-128,07030004-587,Snake River,River/Stream,Pine,07030004,-92.765897,45.825384,Specific conductance,Y,110,110,uS/cm,,,
1968-10-02,S000-128,07030004-587,Snake River,River/Stream,Pine,07030004,-92.765897,45.825384,Fecal Coliform,Y,20,20,/100mL,,,
1968-10-02,S000-128,07030004-587,Snake River,River/Stream,Pine,07030004,-92.765897,45.825384,Total Coliform,Y,3300,3300,/100mL,,,
1968-10-02,S000-128,07030004-587,Snake River,River/Stream,Pine,07030004,-92.765897,45.825384,Chloride,Y,3.2,3.2,mg/L,,,
1968-10-02,S000-128,07030004-587,Snake River,River/Stream,Pine,07030004,-92.765897,45.825384,"Hardness, Ca, Mg",Y,74,74,mg/L,,,
1968-10-02,S000-128,07030004-587,Snake River,River/Stream,Pine,07030004,-92.765897,45.825384,"Temperature, water",Y,14.44,14.44,deg C,,,
1968-10-02,S000-128,07030004-587,Snake River,River/Stream,Pine,07030004,-92.765897,45.825384,pH,Y,7.6,7.6,None,,,
1968-10-02,S000-128,07030004-587,Snake River,River/Stream,Pine,07030004,-92.765897,45.825384,Dissolved oxygen (DO),Y,8.1,8.1,mg/L,,,
1968-10-02,S000-128,07030004-587,Snake River,River/Stream,Pine,07030004,-92.765897,45.825384,Phosphorus,Y,0.1,0.1,mg/L,,,
1968-10-02,S000-128,07030004-587,Snake River,River/Stream,Pine,07030004,-92.765897,45.825384,Nitrate,Y,0.15,0.15,mg/L,,,
1968-10-02,S000-128,07030004-587,Snake River,River/Stream,Pine,07030004,-92.765897,45.825384,Nitrite,Y,0.02,0.02,mg/L,,,
1968-10-02,S000-128,07030004-587,Snake River,River/Stream,Pine,07030004,-92.765897,45.825384,Ammonia-nitrogen,N,,,,,0.2,mg/L
1968-10-02,S000-128,07030004-587,Snake River,River/Stream,Pine,07030004,-92.765897,45.825384,Organic Nitrogen,Y,1.3,1.3,mg/L,,,
1968-10-02,S000-128,07030004-587,Snake River,River/Stream,Pine,07030004,-92.765897,45.825384,Total volatile solids,Y,90,90,mg/L,,,
1968-10-02,S000-128,07030004-587,Snake River,River/Stream,Pine,07030004,-92.765897,45.825384,Total solids,Y,150,150,mg/L,,,
1968-10-02,S000-128,07030004-587,Snake River,River/Stream,Pine,07030004,-92.765897,45.825384,MBAS,N,,,,,0.1,mg/L
1968-10-02,S000-128,07030004-587,Snake River,River/Stream,Pine,07030004,-92.765897,45.825384,Apparent color,Y,90,90,PCU,,,
1968-10-02,S000-128,07030004-587,Snake River,River/Stream,Pine,07030004,-92.765897,45.825384,Turbidity,Y,14,14,JCU,,,
1968-10-02,S000-128,07030004-587,Snake River,River/Stream,Pine,07030004,-92.765897,45.825384,"Alkalinity, total",Y,74,74,mg/L,,,
1968-10-02,S000-128,07030004-587,Snake River,River/Stream,Pine,07030004,-92.765897,45.825384,Specific conductance,Y,150,150,uS/cm,,,
1968-09-11,S000-128,07030004-587,Snake River,River/Stream,Pine,07030004,-92.765897,45.825384,Specific conductance,Y,200,200,uS/cm,,,
1968-09-11,S000-128,07030004-587,Snake River,River/Stream,Pine,07030004,-92.765897,45.825384,"Temperature, water",Y,18.33,18.33,deg C,,,
1968-09-11,S000-128,07030004-587,Snake River,River/Stream,Pine,07030004,-92.765897,45.825384,Total solids,Y,150,150,mg/L,,,
1968-09-11,S000-128,07030004-587,Snake River,River/Stream,Pine,07030004,-92.765897,45.825384,Total volatile solids,Y,50,50,mg/L,,,
1968-09-11,S000-128,07030004-587,Snake River,River/Stream,Pine,07030004,-92.765897,45.825384,Organic Nitrogen,Y,0.91,0.91,mg/L,,,
1968-09-11,S000-128,07030004-587,Snake River,River/Stream,Pine,07030004,-92.765897,45.825384,Ammonia-nitrogen,N,,,,,0.2,mg/L
1968-09-11,S000-128,07030004-587,Snake River,River/Stream,Pine,07030004,-92.765897,45.825384,Nitrite,Y,0.03,0.03,mg/L,,,
1968-09-11,S000-128,07030004-587,Snake River,River/Stream,Pine,07030004,-92.765897,45.825384,Nitrate,Y,0.09,0.09,mg/L,,,
1968-09-11,S000-128,07030004-587,Snake River,River/Stream,Pine,07030004,-92.765897,45.825384,Phosphorus,Y,0.1,0.1,mg/L,,,
1968-09-11,S000-128,07030004-587,Snake River,River/Stream,Pine,07030004,-92.765897,45.825384,"Hardness, Ca, Mg",Y,100,100,mg/L,,,
1968-09-11,S000-128,07030004-587,Snake River,River/Stream,Pine,07030004,-92.765897,45.825384,Chloride,Y,1.9,1.9,mg/L,,,
1968-09-11,S000-128,07030004-587,Snake River,River/Stream,Pine,07030004,-92.765897,45.825384,Total Coliform,Y,130,130,/100mL,,,
1968-09-11,S000-128,07030004-587,Snake River,River/Stream,Pine,07030004,-92.765897,45.825384,Fecal Coliform,Y,50,50,/100mL,,,
1968-09-11,S000-128,07030004-587,Snake River,River/Stream,Pine,07030004,-92.765897,45.825384,MBAS,Y,0.1,0.1,mg/L,,,
1968-09-11,S000-128,07030004-587,Snake River,River/Stream,Pine,07030004,-92.765897,45.825384,"Alkalinity, total",Y,86,86,mg/L,,,
1968-09-11,S000-128,07030004-587,Snake River,River/Stream,Pine,07030004,-92.765897,45.825384,Turbidity,Y,14,14,JCU,,,
1968-09-11,S000-128,07030004-587,Snake River,River/Stream,Pine,07030004,-92.765897,45.825384,Apparent color,Y,100,100,PCU,,,
1968-09-11,S000-128,07030004-587,Snake River,River/Stream,Pine,07030004,-92.765897,45.825384,Dissolved oxygen (DO),Y,9.8,9.8,mg/L,,,
1968-09-11,S000-128,07030004-587,Snake River,River/Stream,Pine,07030004,-92.765897,45.825384,pH,Y,7.1,7.1,None,,,
1968-08-07,S000-128,07030004-587,Snake River,River/Stream,Pine,07030004,-92.765897,45.825384,Turbidity,Y,10,10,JCU,,,
1968-08-07,S000-128,07030004-587,Snake River,River/Stream,Pine,07030004,-92.765897,45.825384,"Temperature, water",Y,25,25,deg C,,,
1968-08-07,S000-128,07030004-587,Snake River,River/Stream,Pine,07030004,-92.765897,45.825384,Apparent color,Y,200,200,PCU,,,
1968-08-07,S000-128,07030004-587,Snake River,River/Stream,Pine,07030004,-92.765897,45.825384,Specific conductance,Y,180,180,uS/cm,,,
1968-08-07,S000-128,07030004-587,Snake River,River/Stream,Pine,07030004,-92.765897,45.825384,Total solids,Y,190,190,mg/L,,,
1968-08-07,S000-128,07030004-587,Snake River,River/Stream,Pine,07030004,-92.765897,45.825384,Total volatile solids,Y,120,120,mg/L,,,
1968-08-07,S000-128,07030004-587,Snake River,River/Stream,Pine,07030004,-92.765897,45.825384,Phosphorus,Y,0.13,0.13,mg/L,,,
1968-08-07,S000-128,07030004-587,Snake River,River/Stream,Pine,07030004,-92.765897,45.825384,"Hardness, Ca, Mg",Y,94,94,mg/L,,,
1968-08-07,S000-128,07030004-587,Snake River,River/Stream,Pine,07030004,-92.765897,45.825384,Chloride,N,,,,,1,mg/L
1968-08-07,S000-128,07030004-587,Snake River,River/Stream,Pine,07030004,-92.765897,45.825384,Total Coliform,Y,790,790,/100mL,,,
1968-08-07,S000-128,07030004-587,Snake River,River/Stream,Pine,07030004,-92.765897,45.825384,Fecal Coliform,N,,,,,20,/100mL
1968-08-07,S000-128,07030004-587,Snake River,River/Stream,Pine,07030004,-92.765897,45.825384,MBAS,N,,,,,0.1,mg/L
1968-08-07,S000-128,07030004-587,Snake River,River/Stream,Pine,07030004,-92.765897,45.825384,Organic Nitrogen,Y,1.4,1.4,mg/L,,,
1968-08-07,S000-128,07030004-587,Snake River,River/Stream,Pine,07030004,-92.765897,45.825384,Ammonia-nitrogen,N,,,,,0.2,mg/L
1968-08-07,S000-128,07030004-587,Snake River,River/Stream,Pine,07030004,-92.765897,45.825384,Nitrite,N,,,,,0.02,mg/L
1968-08-07,S000-128,07030004-587,Snake River,River/Stream,Pine,07030004,-92.765897,45.825384,Nitrate,Y,0.51,0.51,mg/L,,,
1968-08-07,S000-128,07030004-587,Snake River,River/Stream,Pine,07030004,-92.765897,45.825384,Dissolved oxygen (DO),Y,7.5,7.5,mg/L,,,
1968-08-07,S000-128,07030004-587,Snake River,River/Stream,Pine,07030004,-92.765897,45.825384,pH,Y,7.3,7.3,None,,,
1968-08-07,S000-128,07030004-587,Snake River,River/Stream,Pine,07030004,-92.765897,45.825384,"Alkalinity, total",Y,78,78,mg/L,,,
1968-07-10,S000-128,07030004-587,Snake River,River/Stream,Pine,07030004,-92.765897,45.825384,Specific conductance,Y,140,140,uS/cm,,,
1968-07-10,S000-128,07030004-587,Snake River,River/Stream,Pine,07030004,-92.765897,45.825384,"Temperature, water",Y,22.78,22.78,deg C,,,
1968-07-10,S000-128,07030004-587,Snake River,River/Stream,Pine,07030004,-92.765897,45.825384,Turbidity,Y,10,10,JCU,,,
1968-07-10,S000-128,07030004-587,Snake River,River/Stream,Pine,07030004,-92.765897,45.825384,Apparent color,Y,140,140,PCU,,,
1968-07-10,S000-128,07030004-587,Snake River,River/Stream,Pine,07030004,-92.765897,45.825384,Total solids,Y,140,140,mg/L,,,
1968-07-10,S000-128,07030004-587,Snake River,River/Stream,Pine,07030004,-92.765897,45.825384,Total volatile solids,Y,99,99,mg/L,,,
1968-07-10,S000-128,07030004-587,Snake River,River/Stream,Pine,07030004,-92.765897,45.825384,Organic Nitrogen,Y,1.2,1.2,mg/L,,,
1968-07-10,S000-128,07030004-587,Snake River,River/Stream,Pine,07030004,-92.765897,45.825384,Ammonia-nitrogen,N,,,,,0.2,mg/L
1968-07-10,S000-128,07030004-587,Snake River,River/Stream,Pine,07030004,-92.765897,45.825384,Nitrite,Y,0.02,0.02,mg/L,,,
1968-07-10,S000-128,07030004-587,Snake River,River/Stream,Pine,07030004,-92.765897,45.825384,Nitrate,Y,0.1,0.1,mg/L,,,
1968-07-10,S000-128,07030004-587,Snake River,River/Stream,Pine,07030004,-92.765897,45.825384,Phosphorus,Y,0.19,0.19,mg/L,,,
1968-07-10,S000-128,07030004-587,Snake River,River/Stream,Pine,07030004,-92.765897,45.825384,"Hardness, Ca, Mg",Y,74,74,mg/L,,,
1968-07-10,S000-128,07030004-587,Snake River,River/Stream,Pine,07030004,-92.765897,45.825384,Chloride,N,,,,,1,mg/L
1968-07-10,S000-128,07030004-587,Snake River,River/Stream,Pine,07030004,-92.765897,45.825384,Total Coliform,Y,220,220,/100mL,,,
1968-07-10,S000-128,07030004-587,Snake River,River/Stream,Pine,07030004,-92.765897,45.825384,Fecal Coliform,Y,20,20,/100mL,,,
1968-07-10,S000-128,07030004-587,Snake River,River/Stream,Pine,07030004,-92.765897,45.825384,MBAS,N,,,,,0.1,mg/L
1968-07-10,S000-128,07030004-587,Snake River,River/Stream,Pine,07030004,-92.765897,45.825384,Dissolved oxygen (DO),Y,7.3,7.3,mg/L,,,
1968-07-10,S000-128,07030004-587,Snake River,River/Stream,Pine,07030004,-92.765897,45.825384,pH,Y,7.4,7.4,None,,,
1968-07-10,S000-128,07030004-587,Snake River,River/Stream,Pine,07030004,-92.765897,45.825384,"Alkalinity, total",Y,68,68,mg/L,,,
1968-06-05,S000-128,07030004-587,Snake River,River/Stream,Pine,07030004,-92.765897,45.825384,Total volatile solids,Y,69,69,mg/L,,,
1968-06-05,S000-128,07030004-587,Snake River,River/Stream,Pine,07030004,-92.765897,45.825384,"Temperature, water",Y,22.22,22.22,deg C,,,
1968-06-05,S000-128,07030004-587,Snake River,River/Stream,Pine,07030004,-92.765897,45.825384,Organic Nitrogen,Y,1.1,1.1,mg/L,,,
1968-06-05,S000-128,07030004-587,Snake River,River/Stream,Pine,07030004,-92.765897,45.825384,Ammonia-nitrogen,N,,,,,0.2,mg/L
1968-06-05,S000-128,07030004-587,Snake River,River/Stream,Pine,07030004,-92.765897,45.825384,Nitrite,Y,0.02,0.02,mg/L,,,
1968-06-05,S000-128,07030004-587,Snake River,River/Stream,Pine,07030004,-92.765897,45.825384,Nitrate,Y,0.46,0.46,mg/L,,,
1968-06-05,S000-128,07030004-587,Snake River,River/Stream,Pine,07030004,-92.765897,45.825384,Phosphorus,Y,0.08,0.08,mg/L,,,
1968-06-05,S000-128,07030004-587,Snake River,River/Stream,Pine,07030004,-92.765897,45.825384,"Hardness, Ca, Mg",Y,110,110,mg/L,,,
1968-06-05,S000-128,07030004-587,Snake River,River/Stream,Pine,07030004,-92.765897,45.825384,Chloride,N,,,,,1,mg/L
1968-06-05,S000-128,07030004-587,Snake River,River/Stream,Pine,07030004,-92.765897,45.825384,Total Coliform,Y,330,330,/100mL,,,
1968-06-05,S000-128,07030004-587,Snake River,River/Stream,Pine,07030004,-92.765897,45.825384,Fecal Coliform,Y,20,20,/100mL,,,
1968-06-05,S000-128,07030004-587,Snake River,River/Stream,Pine,07030004,-92.765897,45.825384,MBAS,N,,,,,0.1,mg/L
1968-06-05,S000-128,07030004-587,Snake River,River/Stream,Pine,07030004,-92.765897,45.825384,"Alkalinity, total",Y,58,58,mg/L,,,
1968-06-05,S000-128,07030004-587,Snake River,River/Stream,Pine,07030004,-92.765897,45.825384,Turbidity,Y,11,11,JCU,,,
1968-06-05,S000-128,07030004-587,Snake River,River/Stream,Pine,07030004,-92.765897,45.825384,Apparent color,Y,100,100,PCU,,,
1968-06-05,S000-128,07030004-587,Snake River,River/Stream,Pine,07030004,-92.765897,45.825384,Specific conductance,Y,150,150,uS/cm,,,
1968-06-05,S000-128,07030004-587,Snake River,River/Stream,Pine,07030004,-92.765897,45.825384,Total solids,Y,150,150,mg/L,,,
1968-06-05,S000-128,07030004-587,Snake River,River/Stream,Pine,07030004,-92.765897,45.825384,Dissolved oxygen (DO),Y,7.5,7.5,mg/L,,,
1968-06-05,S000-128,07030004-587,Snake River,River/Stream,Pine,07030004,-92.765897,45.825384,pH,Y,7.1,7.1,None,,,
1968-04-09,S000-128,07030004-587,Snake River,River/Stream,Pine,07030004,-92.765897,45.825384,"Temperature, water",Y,4.44,4.44,deg C,,,
1968-04-09,S000-128,07030004-587,Snake River,River/Stream,Pine,07030004,-92.765897,45.825384,Ammonia-nitrogen,N,,,,,0.2,mg/L
1968-04-09,S000-128,07030004-587,Snake River,River/Stream,Pine,07030004,-92.765897,45.825384,Nitrite,N,,,,,0.02,mg/L
1968-04-09,S000-128,07030004-587,Snake River,River/Stream,Pine,07030004,-92.765897,45.825384,Nitrate,Y,0.09,0.09,mg/L,,,
1968-04-09,S000-128,07030004-587,Snake River,River/Stream,Pine,07030004,-92.765897,45.825384,Phosphorus,Y,0.09,0.09,mg/L,,,
1968-04-09,S000-128,07030004-587,Snake River,River/Stream,Pine,07030004,-92.765897,45.825384,"Hardness, Ca, Mg",Y,110,110,mg/L,,,
1968-04-09,S000-128,07030004-587,Snake River,River/Stream,Pine,07030004,-92.765897,45.825384,Chloride,Y,2.2,2.2,mg/L,,,
1968-04-09,S000-128,07030004-587,Snake River,River/Stream,Pine,07030004,-92.765897,45.825384,Total Coliform,Y,40,40,/100mL,,,
1968-04-09,S000-128,07030004-587,Snake River,River/Stream,Pine,07030004,-92.765897,45.825384,Fecal Coliform,N,,,,,20,/100mL
1968-04-09,S000-128,07030004-587,Snake River,River/Stream,Pine,07030004,-92.765897,45.825384,MBAS,N,,,,,0.1,mg/L
1968-04-09,S000-128,07030004-587,Snake River,River/Stream,Pine,07030004,-92.765897,45.825384,Apparent color,Y,35,35,PCU,,,
1968-04-09,S000-128,07030004-587,Snake River,River/Stream,Pine,07030004,-92.765897,45.825384,Specific conductance,Y,210,210,uS/cm,,,
1968-04-09,S000-128,07030004-587,Snake River,River/Stream,Pine,07030004,-92.765897,45.825384,"Alkalinity, total",Y,100,100,mg/L,,,
1968-04-09,S000-128,07030004-587,Snake River,River/Stream,Pine,07030004,-92.765897,45.825384,Turbidity,Y,9,9,JCU,,,
1968-04-09,S000-128,07030004-587,Snake River,River/Stream,Pine,07030004,-92.765897,45.825384,Total solids,Y,150,150,mg/L,,,
1968-04-09,S000-128,07030004-587,Snake River,River/Stream,Pine,07030004,-92.765897,45.825384,Total volatile solids,Y,44,44,mg/L,,,
1968-04-09,S000-128,07030004-587,Snake River,River/Stream,Pine,07030004,-92.765897,45.825384,Dissolved oxygen (DO),Y,13,13,mg/L,,,
1968-04-09,S000-128,07030004-587,Snake River,River/Stream,Pine,07030004,-92.765897,45.825384,pH,Y,7.8,7.8,None,,,
1968-04-09,S000-128,07030004-587,Snake River,River/Stream,Pine,07030004,-92.765897,45.825384,Organic Nitrogen,Y,1.2,1.2,mg/L,,,
1968-02-20,S000-128,07030004-587,Snake River,River/Stream,Pine,07030004,-92.765897,45.825384,Fecal Coliform,N,,,,,20,/100mL
1968-02-20,S000-128,07030004-587,Snake River,River/Stream,Pine,07030004,-92.765897,45.825384,"Temperature, water",Y,0,0,deg C,,,
1968-02-20,S000-128,07030004-587,Snake River,River/Stream,Pine,07030004,-92.765897,45.825384,"Alkalinity, total",Y,170,170,mg/L,,,
1968-02-20,S000-128,07030004-587,Snake River,River/Stream,Pine,07030004,-92.765897,45.825384,Turbidity,Y,15,15,JCU,,,
1968-02-20,S000-128,07030004-587,Snake River,River/Stream,Pine,07030004,-92.765897,45.825384,Apparent color,Y,10,10,PCU,,,
1968-02-20,S000-128,07030004-587,Snake River,River/Stream,Pine,07030004,-92.765897,45.825384,Specific conductance,Y,330,330,uS/cm,,,
1968-02-20,S000-128,07030004-587,Snake River,River/Stream,Pine,07030004,-92.765897,45.825384,Total solids,Y,240,240,mg/L,,,
1968-02-20,S000-128,07030004-587,Snake River,River/Stream,Pine,07030004,-92.765897,45.825384,Total volatile solids,Y,67,67,mg/L,,,
1968-02-20,S000-128,07030004-587,Snake River,River/Stream,Pine,07030004,-92.765897,45.825384,Organic Nitrogen,Y,0.49,0.49,mg/L,,,
1968-02-20,S000-128,07030004-587,Snake River,River/Stream,Pine,07030004,-92.765897,45.825384,Ammonia-nitrogen,Y,0.22,0.22,mg/L,,,
1968-02-20,S000-128,07030004-587,Snake River,River/Stream,Pine,07030004,-92.765897,45.825384,Nitrite,N,,,,,0.02,mg/L
1968-02-20,S000-128,07030004-587,Snake River,River/Stream,Pine,07030004,-92.765897,45.825384,Nitrate,Y,0.68,0.68,mg/L,,,
1968-02-20,S000-128,07030004-587,Snake River,River/Stream,Pine,07030004,-92.765897,45.825384,Phosphorus,Y,0.04,0.04,mg/L,,,
1968-02-20,S000-128,07030004-587,Snake River,River/Stream,Pine,07030004,-92.765897,45.825384,"Hardness, Ca, Mg",Y,180,180,mg/L,,,
1968-02-20,S000-128,07030004-587,Snake River,River/Stream,Pine,07030004,-92.765897,45.825384,Chloride,Y,4.1,4.1,mg/L,,,
1968-02-20,S000-128,07030004-587,Snake River,River/Stream,Pine,07030004,-92.765897,45.825384,Total Coliform,Y,20,20,/100mL,,,
1968-02-20,S000-128,07030004-587,Snake River,River/Stream,Pine,07030004,-92.765897,45.825384,Dissolved oxygen (DO),Y,10.5,10.5,mg/L,,,
1968-02-20,S000-128,07030004-587,Snake River,River/Stream,Pine,07030004,-92.765897,45.825384,pH,Y,7.5,7.5,None,,,
1968-02-20,S000-128,07030004-587,Snake River,River/Stream,Pine,07030004,-92.765897,45.825384,MBAS,N,,,,,0.1,mg/L
1967-12-11,S000-128,07030004-587,Snake River,River/Stream,Pine,07030004,-92.765897,45.825384,"Alkalinity, total",Y,130,130,mg/L,,,
1967-12-11,S000-128,07030004-587,Snake River,River/Stream,Pine,07030004,-92.765897,45.825384,"p,p'-DDT",Y,0.001,0.001,ug/L,,,
1967-12-11,S000-128,07030004-587,Snake River,River/Stream,Pine,07030004,-92.765897,45.825384,Apparent color,Y,20,20,PCU,,,
1967-12-11,S000-128,07030004-587,Snake River,River/Stream,Pine,07030004,-92.765897,45.825384,Specific conductance,Y,250,250,uS/cm,,,
1967-12-11,S000-128,07030004-587,Snake River,River/Stream,Pine,07030004,-92.765897,45.825384,Total solids,Y,170,170,mg/L,,,
1967-12-11,S000-128,07030004-587,Snake River,River/Stream,Pine,07030004,-92.765897,45.825384,Dissolved oxygen (DO),Y,12.8,12.8,mg/L,,,
1967-12-11,S000-128,07030004-587,Snake River,River/Stream,Pine,07030004,-92.765897,45.825384,pH,Y,8.2,8.2,None,,,
1967-12-11,S000-128,07030004-587,Snake River,River/Stream,Pine,07030004,-92.765897,45.825384,"Temperature, water",Y,-1.11,-1.11,deg C,,,
1967-12-11,S000-128,07030004-587,Snake River,River/Stream,Pine,07030004,-92.765897,45.825384,Total volatile solids,Y,43,43,mg/L,,,
1967-12-11,S000-128,07030004-587,Snake River,River/Stream,Pine,07030004,-92.765897,45.825384,Organic Nitrogen,Y,0.87,0.87,mg/L,,,
1967-12-11,S000-128,07030004-587,Snake River,River/Stream,Pine,07030004,-92.765897,45.825384,Ammonia-nitrogen,N,,,,,0.2,mg/L
1967-12-11,S000-128,07030004-587,Snake River,River/Stream,Pine,07030004,-92.765897,45.825384,Nitrite,Y,0.02,0.02,mg/L,,,
1967-12-11,S000-128,07030004-587,Snake River,River/Stream,Pine,07030004,-92.765897,45.825384,Nitrate,Y,0.4,0.4,mg/L,,,
1967-12-11,S000-128,07030004-587,Snake River,River/Stream,Pine,07030004,-92.765897,45.825384,Phosphorus,Y,0.1,0.1,mg/L,,,
1967-12-11,S000-128,07030004-587,Snake River,River/Stream,Pine,07030004,-92.765897,45.825384,"Hardness, Ca, Mg",Y,130,130,mg/L,,,
1967-12-11,S000-128,07030004-587,Snake River,River/Stream,Pine,07030004,-92.765897,45.825384,Chloride,Y,3.1,3.1,mg/L,,,
1967-12-11,S000-128,07030004-587,Snake River,River/Stream,Pine,07030004,-92.765897,45.825384,Total Coliform,Y,110,110,/100mL,,,
1967-12-11,S000-128,07030004-587,Snake River,River/Stream,Pine,07030004,-92.765897,45.825384,Fecal Coliform,N,,,,,20,/100mL
1967-12-11,S000-128,07030004-587,Snake River,River/Stream,Pine,07030004,-92.765897,45.825384,MBAS,N,,,,,0.1,mg/L
1967-12-11,S000-128,07030004-587,Snake River,River/Stream,Pine,07030004,-92.765897,45.825384,Turbidity,Y,6,6,JCU,,,
1967-10-11,S000-128,07030004-587,Snake River,River/Stream,Pine,07030004,-92.765897,45.825384,Chloride,Y,2.8,2.8,mg/L,,,
1967-10-11,S000-128,07030004-587,Snake River,River/Stream,Pine,07030004,-92.765897,45.825384,Total Coliform,Y,170,170,/100mL,,,
1967-10-11,S000-128,07030004-587,Snake River,River/Stream,Pine,07030004,-92.765897,45.825384,Fecal Coliform,Y,50,50,/100mL,,,
1967-10-11,S000-128,07030004-587,Snake River,River/Stream,Pine,07030004,-92.765897,45.825384,MBAS,N,,,,,0.1,mg/L
1967-10-11,S000-128,07030004-587,Snake River,River/Stream,Pine,07030004,-92.765897,45.825384,"Temperature, water",Y,7.22,7.22,deg C,,,
1967-10-11,S000-128,07030004-587,Snake River,River/Stream,Pine,07030004,-92.765897,45.825384,Dissolved oxygen (DO),Y,9.4,9.4,mg/L,,,
1967-10-11,S000-128,07030004-587,Snake River,River/Stream,Pine,07030004,-92.765897,45.825384,pH,Y,8.3,8.3,None,,,
1967-10-11,S000-128,07030004-587,Snake River,River/Stream,Pine,07030004,-92.765897,45.825384,Turbidity,Y,1,1,JCU,,,
1967-10-11,S000-128,07030004-587,Snake River,River/Stream,Pine,07030004,-92.765897,45.825384,"Alkalinity, total",Y,110,110,mg/L,,,
1967-10-11,S000-128,07030004-587,Snake River,River/Stream,Pine,07030004,-92.765897,45.825384,Apparent color,Y,30,30,PCU,,,
1967-10-11,S000-128,07030004-587,Snake River,River/Stream,Pine,07030004,-92.765897,45.825384,Specific conductance,Y,220,220,uS/cm,,,
1967-10-11,S000-128,07030004-587,Snake River,River/Stream,Pine,07030004,-92.765897,45.825384,Total solids,Y,160,160,mg/L,,,
1967-10-11,S000-128,07030004-587,Snake River,River/Stream,Pine,07030004,-92.765897,45.825384,Total volatile solids,Y,38,38,mg/L,,,
1967-10-11,S000-128,07030004-587,Snake River,River/Stream,Pine,07030004,-92.765897,45.825384,Organic Nitrogen,Y,0.55,0.55,mg/L,,,
1967-10-11,S000-128,07030004-587,Snake River,River/Stream,Pine,07030004,-92.765897,45.825384,Ammonia-nitrogen,N,,,,,0.2,mg/L
1967-10-11,S000-128,07030004-587,Snake River,River/Stream,Pine,07030004,-92.765897,45.825384,Nitrite,N,,,,,0.02,mg/L
1967-10-11,S000-128,07030004-587,Snake River,River/Stream,Pine,07030004,-92.765897,45.825384,Nitrate,Y,0.5,0.5,mg/L,,,
1967-10-11,S000-128,07030004-587,Snake River,River/Stream,Pine,07030004,-92.765897,45.825384,Phosphorus,Y,0.03,0.03,mg/L,,,
1967-10-11,S000-128,07030004-587,Snake River,River/Stream,Pine,07030004,-92.765897,45.825384,"Hardness, Ca, Mg",Y,120,120,mg/L,,,
1967-08-15,S000-128,07030004-587,Snake River,River/Stream,Pine,07030004,-92.765897,45.825384,Dissolved oxygen (DO),Y,8.2,8.2,mg/L,,,
1967-08-15,S000-128,07030004-587,Snake River,River/Stream,Pine,07030004,-92.765897,45.825384,Nitrite,N,,,,,0.02,mg/L
1967-08-15,S000-128,07030004-587,Snake River,River/Stream,Pine,07030004,-92.765897,45.825384,Organic Nitrogen,Y,1.1,1.1,mg/L,,,
1967-08-15,S000-128,07030004-587,Snake River,River/Stream,Pine,07030004,-92.765897,45.825384,Ammonia-nitrogen,N,,,,,0.2,mg/L
1967-08-15,S000-128,07030004-587,Snake River,River/Stream,Pine,07030004,-92.765897,45.825384,Total volatile solids,Y,76,76,mg/L,,,
1967-08-15,S000-128,07030004-587,Snake River,River/Stream,Pine,07030004,-92.765897,45.825384,Total solids,Y,170,170,mg/L,,,
1967-08-15,S000-128,07030004-587,Snake River,River/Stream,Pine,07030004,-92.765897,45.825384,Specific conductance,Y,200,200,uS/cm,,,
1967-08-15,S000-128,07030004-587,Snake River,River/Stream,Pine,07030004,-92.765897,45.825384,Apparent color,Y,80,80,PCU,,,
1967-08-15,S000-128,07030004-587,Snake River,River/Stream,Pine,07030004,-92.765897,45.825384,Turbidity,Y,10,10,JCU,,,
1967-08-15,S000-128,07030004-587,Snake River,River/Stream,Pine,07030004,-92.765897,45.825384,"Alkalinity, total",Y,80,80,mg/L,,,
1967-08-15,S000-128,07030004-587,Snake River,River/Stream,Pine,07030004,-92.765897,45.825384,MBAS,N,,,,,0.1,mg/L
1967-08-15,S000-128,07030004-587,Snake River,River/Stream,Pine,07030004,-92.765897,45.825384,Fecal Coliform,Y,20,20,/100mL,,,
1967-08-15,S000-128,07030004-587,Snake River,River/Stream,Pine,07030004,-92.765897,45.825384,Total Coliform,Y,110,110,/100mL,,,
1967-08-15,S000-128,07030004-587,Snake River,River/Stream,Pine,07030004,-92.765897,45.825384,Chloride,Y,4.7,4.7,mg/L,,,
1967-08-15,S000-128,07030004-587,Snake River,River/Stream,Pine,07030004,-92.765897,45.825384,"Hardness, Ca, Mg",Y,100,100,mg/L,,,
1967-08-15,S000-128,07030004-587,Snake River,River/Stream,Pine,07030004,-92.765897,45.825384,Phosphorus,Y,0.1,0.1,mg/L,,,
1967-08-15,S000-128,07030004-587,Snake River,River/Stream,Pine,07030004,-92.765897,45.825384,"Temperature, water",Y,26.11,26.11,deg C,,,
1967-08-15,S000-128,07030004-587,Snake River,River/Stream,Pine,07030004,-92.765897,45.825384,pH,Y,8.7,8.7,None,,,
1967-08-15,S000-128,07030004-587,Snake River,River/Stream,Pine,07030004,-92.765897,45.825384,Nitrate,Y,1,1,mg/L,,,
1967-06-12,S000-128,07030004-587,Snake River,River/Stream,Pine,07030004,-92.765897,45.825384,MBAS,N,,,,,0.1,mg/L
1967-06-12,S000-128,07030004-587,Snake River,River/Stream,Pine,07030004,-92.765897,45.825384,Turbidity,Y,10,10,JCU,,,
1967-06-12,S000-128,07030004-587,Snake River,River/Stream,Pine,07030004,-92.765897,45.825384,pH,Y,7.8,7.8,None,,,
1967-06-12,S000-128,07030004-587,Snake River,River/Stream,Pine,07030004,-92.765897,45.825384,Dissolved oxygen (DO),Y,9,9,mg/L,,,
1967-06-12,S000-128,07030004-587,Snake River,River/Stream,Pine,07030004,-92.765897,45.825384,Fecal Coliform,Y,230,230,/100mL,,,
1967-06-12,S000-128,07030004-587,Snake River,River/Stream,Pine,07030004,-92.765897,45.825384,Total Coliform,Y,3500,3500,/100mL,,,
1967-06-12,S000-128,07030004-587,Snake River,River/Stream,Pine,07030004,-92.765897,45.825384,Chloride,Y,2.5,2.5,mg/L,,,
1967-06-12,S000-128,07030004-587,Snake River,River/Stream,Pine,07030004,-92.765897,45.825384,"Hardness, Ca, Mg",Y,74,74,mg/L,,,
1967-06-12,S000-128,07030004-587,Snake River,River/Stream,Pine,07030004,-92.765897,45.825384,Phosphorus,Y,0.11,0.11,mg/L,,,
1967-06-12,S000-128,07030004-587,Snake River,River/Stream,Pine,07030004,-92.765897,45.825384,Nitrate,Y,0.4,0.4,mg/L,,,
1967-06-12,S000-128,07030004-587,Snake River,River/Stream,Pine,07030004,-92.765897,45.825384,Nitrite,N,,,,,0.02,mg/L
1967-06-12,S000-128,07030004-587,Snake River,River/Stream,Pine,07030004,-92.765897,45.825384,Ammonia-nitrogen,N,,,,,0.2,mg/L
1967-06-12,S000-128,07030004-587,Snake River,River/Stream,Pine,07030004,-92.765897,45.825384,Organic Nitrogen,Y,1.1,1.1,mg/L,,,
1967-06-12,S000-128,07030004-587,Snake River,River/Stream,Pine,07030004,-92.765897,45.825384,Total solids,Y,160,160,mg/L,,,
1967-06-12,S000-128,07030004-587,Snake River,River/Stream,Pine,07030004,-92.765897,45.825384,"Alkalinity, total",Y,82,82,mg/L,,,
1967-06-12,S000-128,07030004-587,Snake River,River/Stream,Pine,07030004,-92.765897,45.825384,Total volatile solids,Y,93,93,mg/L,,,
1967-06-12,S000-128,07030004-587,Snake River,River/Stream,Pine,07030004,-92.765897,45.825384,Specific conductance,Y,170,170,uS/cm,,,
1967-06-12,S000-128,07030004-587,Snake River,River/Stream,Pine,07030004,-92.765897,45.825384,Apparent color,Y,60,60,PCU,,,
1967-06-12,S000-128,07030004-587,Snake River,River/Stream,Pine,07030004,-92.765897,45.825384,"Temperature, water",Y,17.22,17.22,deg C,,,
2018-09-05,S001-727,07030004-508,Snake River,River/Stream,Aitkin,07030004,-93.240806,46.217,Phosphorus,Y,0.056,0.056,mg/L,0.003,0.001,mg/L
2018-09-05,S001-727,07030004-508,Snake River,River/Stream,Aitkin,07030004,-93.240806,46.217,"Temperature, water",Y,18.2,18.2,deg C,,,
2018-09-05,S001-727,07030004-508,Snake River,River/Stream,Aitkin,07030004,-93.240806,46.217,Dissolved oxygen (DO),Y,7.78,7.78,mg/L,,,
2018-09-05,S001-727,07030004-508,Snake River,River/Stream,Aitkin,07030004,-93.240806,46.217,pH,Y,7.23,7.23,None,,,
2018-09-05,S001-727,07030004-508,Snake River,River/Stream,Aitkin,07030004,-93.240806,46.217,Specific conductance,Y,95.6,95.6,uS/cm,,,
2018-08-07,S001-727,07030004-508,Snake River,River/Stream,Aitkin,07030004,-93.240806,46.217,"Temperature, water",Y,19.2,19.2,deg C,,,
2018-08-07,S001-727,07030004-508,Snake River,River/Stream,Aitkin,07030004,-93.240806,46.217,Phosphorus,Y,0.054,0.054,mg/L,0.003,0.001,mg/L
2018-08-07,S001-727,07030004-508,Snake River,River/Stream,Aitkin,07030004,-93.240806,46.217,pH,Y,6.82,6.82,None,,,
2018-08-07,S001-727,07030004-508,Snake River,River/Stream,Aitkin,07030004,-93.240806,46.217,Dissolved oxygen (DO),Y,7.49,7.49,mg/L,,,
2018-08-07,S001-727,07030004-508,Snake River,River/Stream,Aitkin,07030004,-93.240806,46.217,Specific conductance,Y,79.6,79.6,uS/cm,,,
2018-07-11,S001-727,07030004-508,Snake River,River/Stream,Aitkin,07030004,-93.240806,46.217,Specific conductance,Y,96.9,96.9,uS/cm,,,
2018-07-11,S001-727,07030004-508,Snake River,River/Stream,Aitkin,07030004,-93.240806,46.217,pH,Y,6.9,6.90,None,,,
2018-07-11,S001-727,07030004-508,Snake River,River/Stream,Aitkin,07030004,-93.240806,46.217,Dissolved oxygen (DO),Y,6.84,6.84,mg/L,,,
2018-07-11,S001-727,07030004-508,Snake River,River/Stream,Aitkin,07030004,-93.240806,46.217,Phosphorus,Y,0.067,0.067,mg/L,0.003,0.001,mg/L
2018-07-11,S001-727,07030004-508,Snake River,River/Stream,Aitkin,07030004,-93.240806,46.217,"Temperature, water",Y,21.9,21.9,deg C,,,
2018-06-05,S001-727,07030004-508,Snake River,River/Stream,Aitkin,07030004,-93.240806,46.217,pH,Y,6.54,6.54,None,,,
2018-06-05,S001-727,07030004-508,Snake River,River/Stream,Aitkin,07030004,-93.240806,46.217,Phosphorus,Y,0.032,0.032,mg/L,0.003,0.001,mg/L
2018-06-05,S001-727,07030004-508,Snake River,River/Stream,Aitkin,07030004,-93.240806,46.217,Dissolved oxygen (DO),Y,7.18,7.18,mg/L,,,
2018-06-05,S001-727,07030004-508,Snake River,River/Stream,Aitkin,07030004,-93.240806,46.217,Specific conductance,Y,54.6,54.6,uS/cm,,,
2018-06-05,S001-727,07030004-508,Snake River,River/Stream,Aitkin,07030004,-93.240806,46.217,"Temperature, water",Y,15.3,15.3,deg C,,,
2018-05-09,S001-727,07030004-508,Snake River,River/Stream,Aitkin,07030004,-93.240806,46.217,Phosphorus,Y,0.029,0.029,mg/L,0.003,0.001,mg/L
2018-05-09,S001-727,07030004-508,Snake River,River/Stream,Aitkin,07030004,-93.240806,46.217,"Hardness, carbonate",Y,27,27.0,mg/L,5,2.13,mg/L
2018-05-09,S001-727,07030004-508,Snake River,River/Stream,Aitkin,07030004,-93.240806,46.217,Specific conductance,Y,57.6,57.6,uS/cm,,,
2018-05-09,S001-727,07030004-508,Snake River,River/Stream,Aitkin,07030004,-93.240806,46.217,pH,Y,6.78,6.78,None,,,
2018-05-09,S001-727,07030004-508,Snake River,River/Stream,Aitkin,07030004,-93.240806,46.217,"Temperature, water",Y,9.2,9.2,deg C,,,
2018-05-09,S001-727,07030004-508,Snake River,River/Stream,Aitkin,07030004,-93.240806,46.217,Chloride,Y,2.53,2.53,mg/L,0.5,0.15,mg/L
2018-05-09,S001-727,07030004-508,Snake River,River/Stream,Aitkin,07030004,-93.240806,46.217,Dissolved oxygen (DO),Y,9.18,9.18,mg/L,,,
2017-09-13,S001-727,07030004-508,Snake River,River/Stream,Aitkin,07030004,-93.240806,46.217,Phosphorus,Y,0.04,0.04,mg/L,0.003,0.001,mg/L
2017-09-13,S001-727,07030004-508,Snake River,River/Stream,Aitkin,07030004,-93.240806,46.217,"Temperature, water",Y,18.5,18.50,deg C,,,
2017-09-13,S001-727,07030004-508,Snake River,River/Stream,Aitkin,07030004,-93.240806,46.217,pH,Y,7.3,7.30,None,,,
2017-09-13,S001-727,07030004-508,Snake River,River/Stream,Aitkin,07030004,-93.240806,46.217,Specific conductance,Y,95.9,95.9,uS/cm,,,
2017-09-13,S001-727,07030004-508,Snake River,River/Stream,Aitkin,07030004,-93.240806,46.217,Dissolved oxygen (DO),Y,8.08,8.08,mg/L,,,
2017-08-09,S001-727,07030004-508,Snake River,River/Stream,Aitkin,07030004,-93.240806,46.217,"Temperature, water",Y,19.1,19.10,deg C,,,
2017-08-09,S001-727,07030004-508,Snake River,River/Stream,Aitkin,07030004,-93.240806,46.217,Phosphorus,Y,0.047,0.047,mg/L,0.003,0.001,mg/L
2017-08-09,S001-727,07030004-508,Snake River,River/Stream,Aitkin,07030004,-93.240806,46.217,Specific conductance,Y,82.3,82.3,uS/cm,,,
2017-08-09,S001-727,07030004-508,Snake River,River/Stream,Aitkin,07030004,-93.240806,46.217,pH,Y,7.23,7.23,None,,,
2017-08-09,S001-727,07030004-508,Snake River,River/Stream,Aitkin,07030004,-93.240806,46.217,Dissolved oxygen (DO),Y,7.79,7.79,mg/L,,,
2017-07-06,S001-727,07030004-508,Snake River,River/Stream,Aitkin,07030004,-93.240806,46.217,Specific conductance,Y,81,81,uS/cm,,,
2017-07-06,S001-727,07030004-508,Snake River,River/Stream,Aitkin,07030004,-93.240806,46.217,"Temperature, water",Y,19.54,19.54,deg C,,,
2017-07-06,S001-727,07030004-508,Snake River,River/Stream,Aitkin,07030004,-93.240806,46.217,Phosphorus,Y,0.12,0.12,mg/L,0.003,0.001,mg/L
2017-07-06,S001-727,07030004-508,Snake River,River/Stream,Aitkin,07030004,-93.240806,46.217,Dissolved oxygen (DO),Y,6.92,6.92,mg/L,,,
2017-07-06,S001-727,07030004-508,Snake River,River/Stream,Aitkin,07030004,-93.240806,46.217,pH,Y,7.76,7.76,None,,,
2017-07-06,S001-727,07030004-508,Snake River,River/Stream,Aitkin,07030004,-93.240806,46.217,Phosphorus,Y,0.12,0.12,mg/L,0.003,0.001,mg/L
2017-06-06,S001-727,07030004-508,Snake River,River/Stream,Aitkin,07030004,-93.240806,46.217,Phosphorus,Y,0.036,0.036,mg/L,0.003,0.001,mg/L
2017-06-06,S001-727,07030004-508,Snake River,River/Stream,Aitkin,07030004,-93.240806,46.217,Dissolved oxygen (DO),Y,7.87,7.87,mg/L,,,
2017-06-06,S001-727,07030004-508,Snake River,River/Stream,Aitkin,07030004,-93.240806,46.217,pH,Y,7.37,7.37,None,,,
2017-06-06,S001-727,07030004-508,Snake River,River/Stream,Aitkin,07030004,-93.240806,46.217,Specific conductance,Y,69.2,69.2,uS/cm,,,
2017-06-06,S001-727,07030004-508,Snake River,River/Stream,Aitkin,07030004,-93.240806,46.217,"Temperature, water",Y,18.3,18.30,deg C,,,
2017-05-09,S001-727,07030004-508,Snake River,River/Stream,Aitkin,07030004,-93.240806,46.217,Chloride,Y,1.84,1.84,mg/L,0.5,0.166,mg/L
2017-05-09,S001-727,07030004-508,Snake River,River/Stream,Aitkin,07030004,-93.240806,46.217,"Hardness, carbonate",Y,25.6,25.6,mg/L,5,2.26,mg/L
2017-05-09,S001-727,07030004-508,Snake River,River/Stream,Aitkin,07030004,-93.240806,46.217,Dissolved oxygen (DO),Y,9.28,9.28,mg/L,,,
2017-05-09,S001-727,07030004-508,Snake River,River/Stream,Aitkin,07030004,-93.240806,46.217,Specific conductance,Y,49.9,49.9,uS/cm,,,
2017-05-09,S001-727,07030004-508,Snake River,River/Stream,Aitkin,07030004,-93.240806,46.217,Phosphorus,Y,0.021,0.021,mg/L,0.003,0.001,mg/L
2017-05-09,S001-727,07030004-508,Snake River,River/Stream,Aitkin,07030004,-93.240806,46.217,"Temperature, water",Y,12.2,12.20,deg C,,,
2010-10-26,S001-727,07030004-508,Snake River,River/Stream,Aitkin,07030004,-93.240806,46.217,Chloride,Y,5,5,mg/L,,,
2010-10-26,S001-727,07030004-508,Snake River,River/Stream,Aitkin,07030004,-93.240806,46.217,Orthophosphate,Y,0.03,0.030,mg/L,0.002,0.001,mg/L
2010-10-26,S001-727,07030004-508,Snake River,River/Stream,Aitkin,07030004,-93.240806,46.217,Kjeldahl nitrogen,Y,1.3,1.3,mg/L,0.6,0.2,mg/L
2010-10-26,S001-727,07030004-508,Snake River,River/Stream,Aitkin,07030004,-93.240806,46.217,Stream stage,Y,17.45,17.45,ft,,,
2010-10-26,S001-727,07030004-508,Snake River,River/Stream,Aitkin,07030004,-93.240806,46.217,"Temperature, water",Y,9.88,9.88,deg C,,,
2010-10-26,S001-727,07030004-508,Snake River,River/Stream,Aitkin,07030004,-93.240806,46.217,Specific conductance,Y,98,98,uS/cm,,,
2010-10-26,S001-727,07030004-508,Snake River,River/Stream,Aitkin,07030004,-93.240806,46.217,pH,Y,6.87,6.87,None,,,
2010-10-26,S001-727,07030004-508,Snake River,River/Stream,Aitkin,07030004,-93.240806,46.217,Dissolved oxygen (DO),Y,8.69,8.69,mg/L,,,
2010-10-26,S001-727,07030004-508,Snake River,River/Stream,Aitkin,07030004,-93.240806,46.217,Phosphorus,Y,0.125,0.125,mg/L,0.007,0.002,mg/L
2010-10-12,S001-727,07030004-508,Snake River,River/Stream,Aitkin,07030004,-93.240806,46.217,Chloride,Y,1.8,1.8,mg/L,,,
2010-10-12,S001-727,07030004-508,Snake River,River/Stream,Aitkin,07030004,-93.240806,46.217,Phosphorus,Y,0.04,0.040,mg/L,0.007,0.002,mg/L
2010-10-12,S001-727,07030004-508,Snake River,River/Stream,Aitkin,07030004,-93.240806,46.217,Orthophosphate,Y,0.013,0.013,mg/L,0.002,0.001,mg/L
2010-10-12,S001-727,07030004-508,Snake River,River/Stream,Aitkin,07030004,-93.240806,46.217,Stream stage,Y,18.9,18.9,ft,,,
2010-10-12,S001-727,07030004-508,Snake River,River/Stream,Aitkin,07030004,-93.240806,46.217,"Temperature, water",Y,11.75,11.75,deg C,,,
2010-10-12,S001-727,07030004-508,Snake River,River/Stream,Aitkin,07030004,-93.240806,46.217,Kjeldahl nitrogen,Y,1.5,1.5,mg/L,0.6,0.2,mg/L
2010-10-12,S001-727,07030004-508,Snake River,River/Stream,Aitkin,07030004,-93.240806,46.217,Specific conductance,Y,104,104,uS/cm,,,
2010-10-12,S001-727,07030004-508,Snake River,River/Stream,Aitkin,07030004,-93.240806,46.217,Dissolved oxygen (DO),Y,8.98,8.98,mg/L,,,
2010-10-12,S001-727,07030004-508,Snake River,River/Stream,Aitkin,07030004,-93.240806,46.217,pH,Y,7.08,7.08,None,,,
2010-09-28,S001-727,07030004-508,Snake River,River/Stream,Aitkin,07030004,-93.240806,46.217,Chloride,Y,1.8,1.8,mg/L,,,
2010-09-28,S001-727,07030004-508,Snake River,River/Stream,Aitkin,07030004,-93.240806,46.217,Orthophosphate,Y,0.011,0.011,mg/L,0.002,0.001,mg/L
2010-09-28,S001-727,07030004-508,Snake River,River/Stream,Aitkin,07030004,-93.240806,46.217,Kjeldahl nitrogen,Y,1.5,1.5,mg/L,0.6,0.2,mg/L
2010-09-28,S001-727,07030004-508,Snake River,River/Stream,Aitkin,07030004,-93.240806,46.217,Stream stage,Y,18.45,18.45,ft,,,
2010-09-28,S001-727,07030004-508,Snake River,River/Stream,Aitkin,07030004,-93.240806,46.217,"Temperature, water",Y,10.97,10.97,deg C,,,
2010-09-28,S001-727,07030004-508,Snake River,River/Stream,Aitkin,07030004,-93.240806,46.217,Specific conductance,Y,86,86,uS/cm,,,
2010-09-28,S001-727,07030004-508,Snake River,River/Stream,Aitkin,07030004,-93.240806,46.217,pH,Y,6.62,6.62,None,,,
2010-09-28,S001-727,07030004-508,Snake River,River/Stream,Aitkin,07030004,-93.240806,46.217,Dissolved oxygen (DO),Y,9.3,9.30,mg/L,,,
2010-09-28,S001-727,07030004-508,Snake River,River/Stream,Aitkin,07030004,-93.240806,46.217,Phosphorus,Y,0.036,0.036,mg/L,0.007,0.002,mg/L
2010-09-14,S001-727,07030004-508,Snake River,River/Stream,Aitkin,07030004,-93.240806,46.217,Chloride,Y,2.2,2.2,mg/L,,,
2010-09-14,S001-727,07030004-508,Snake River,River/Stream,Aitkin,07030004,-93.240806,46.217,Phosphorus,Y,0.053,0.053,mg/L,0.007,0.002,mg/L
2010-09-14,S001-727,07030004-508,Snake River,River/Stream,Aitkin,07030004,-93.240806,46.217,Orthophosphate,Y,0.022,0.022,mg/L,0.002,0.001,mg/L
2010-09-14,S001-727,07030004-508,Snake River,River/Stream,Aitkin,07030004,-93.240806,46.217,Kjeldahl nitrogen,Y,1.8,1.8,mg/L,0.6,0.2,mg/L
2010-09-14,S001-727,07030004-508,Snake River,River/Stream,Aitkin,07030004,-93.240806,46.217,Stream stage,Y,18.75,18.75,ft,,,
2010-09-14,S001-727,07030004-508,Snake River,River/Stream,Aitkin,07030004,-93.240806,46.217,"Temperature, water",Y,13.82,13.82,deg C,,,
2010-09-14,S001-727,07030004-508,Snake River,River/Stream,Aitkin,07030004,-93.240806,46.217,Specific conductance,Y,106,106,uS/cm,,,
2010-09-14,S001-727,07030004-508,Snake River,River/Stream,Aitkin,07030004,-93.240806,46.217,Dissolved oxygen (DO),Y,8.57,8.57,mg/L,,,
2010-09-14,S001-727,07030004-508,Snake River,River/Stream,Aitkin,07030004,-93.240806,46.217,pH,Y,7.08,7.08,None,,,
2010-08-31,S001-727,07030004-508,Snake River,River/Stream,Aitkin,07030004,-93.240806,46.217,Phosphorus,Y,0.08,0.080,mg/L,0.007,0.002,mg/L
2010-08-31,S001-727,07030004-508,Snake River,River/Stream,Aitkin,07030004,-93.240806,46.217,Orthophosphate,Y,0.038,0.038,mg/L,0.002,0.001,mg/L
2010-08-31,S001-727,07030004-508,Snake River,River/Stream,Aitkin,07030004,-93.240806,46.217,Chloride,Y,2,2,mg/L,,,
2010-08-31,S001-727,07030004-508,Snake River,River/Stream,Aitkin,07030004,-93.240806,46.217,Kjeldahl nitrogen,Y,2.7,2.7,mg/L,0.6,0.2,mg/L
2010-08-31,S001-727,07030004-508,Snake River,River/Stream,Aitkin,07030004,-93.240806,46.217,Dissolved oxygen (DO),Y,6.29,6.29,mg/L,,,
2010-08-31,S001-727,07030004-508,Snake River,River/Stream,Aitkin,07030004,-93.240806,46.217,pH,Y,6.85,6.85,None,,,
2010-08-31,S001-727,07030004-508,Snake River,River/Stream,Aitkin,07030004,-93.240806,46.217,Specific conductance,Y,113,113,uS/cm,,,
2010-08-31,S001-727,07030004-508,Snake River,River/Stream,Aitkin,07030004,-93.240806,46.217,"Temperature, water",Y,21.91,21.91,deg C,,,
2010-08-31,S001-727,07030004-508,Snake River,River/Stream,Aitkin,07030004,-93.240806,46.217,Stream stage,Y,18.6,18.6,ft,,,
2010-08-17,S001-727,07030004-508,Snake River,River/Stream,Aitkin,07030004,-93.240806,46.217,Kjeldahl nitrogen,Y,1.5,1.5,mg/L,0.6,0.2,mg/L
2010-08-17,S001-727,07030004-508,Snake River,River/Stream,Aitkin,07030004,-93.240806,46.217,Chloride,Y,2.8,2.8,mg/L,,,
2010-08-17,S001-727,07030004-508,Snake River,River/Stream,Aitkin,07030004,-93.240806,46.217,Phosphorus,Y,0.067,0.067,mg/L,0.007,0.002,mg/L
2010-08-17,S001-727,07030004-508,Snake River,River/Stream,Aitkin,07030004,-93.240806,46.217,Orthophosphate,Y,0.029,0.029,mg/L,0.002,0.001,mg/L
2010-08-17,S001-727,07030004-508,Snake River,River/Stream,Aitkin,07030004,-93.240806,46.217,"Temperature, water",Y,16.72,16.72,deg C,,,
2010-08-17,S001-727,07030004-508,Snake River,River/Stream,Aitkin,07030004,-93.240806,46.217,Stream stage,Y,19,19,ft,,,
2010-08-17,S001-727,07030004-508,Snake River,River/Stream,Aitkin,07030004,-93.240806,46.217,Kjeldahl nitrogen,Y,1.7,1.7,mg/L,0.6,0.2,mg/L
2010-08-17,S001-727,07030004-508,Snake River,River/Stream,Aitkin,07030004,-93.240806,46.217,Orthophosphate,Y,0.045,0.045,mg/L,0.002,0.001,mg/L
2010-08-17,S001-727,07030004-508,Snake River,River/Stream,Aitkin,07030004,-93.240806,46.217,Phosphorus,Y,0.068,0.068,mg/L,0.007,0.002,mg/L
2010-08-17,S001-727,07030004-508,Snake River,River/Stream,Aitkin,07030004,-93.240806,46.217,Chloride,Y,2.9,2.9,mg/L,,,
2010-08-17,S001-727,07030004-508,Snake River,River/Stream,Aitkin,07030004,-93.240806,46.217,Dissolved oxygen (DO),Y,7.8,7.80,mg/L,,,
2010-08-17,S001-727,07030004-508,Snake River,River/Stream,Aitkin,07030004,-93.240806,46.217,pH,Y,6.98,6.98,None,,,
2010-08-17,S001-727,07030004-508,Snake River,River/Stream,Aitkin,07030004,-93.240806,46.217,Specific conductance,Y,103,103,uS/cm,,,
2010-08-03,S001-727,07030004-508,Snake River,River/Stream,Aitkin,07030004,-93.240806,46.217,Orthophosphate,Y,0.025,0.025,mg/L,0.002,0.001,mg/L
2010-08-03,S001-727,07030004-508,Snake River,River/Stream,Aitkin,07030004,-93.240806,46.217,Phosphorus,Y,0.059,0.059,mg/L,0.007,0.002,mg/L
2010-08-03,S001-727,07030004-508,Snake River,River/Stream,Aitkin,07030004,-93.240806,46.217,Chloride,Y,6,6,mg/L,,,
2010-08-03,S001-727,07030004-508,Snake River,River/Stream,Aitkin,07030004,-93.240806,46.217,Dissolved oxygen (DO),Y,6.24,6.24,mg/L,,,
2010-08-03,S001-727,07030004-508,Snake River,River/Stream,Aitkin,07030004,-93.240806,46.217,pH,Y,8.42,8.42,None,,,
2010-08-03,S001-727,07030004-508,Snake River,River/Stream,Aitkin,07030004,-93.240806,46.217,Specific conductance,Y,153,153,uS/cm,,,
2010-08-03,S001-727,07030004-508,Snake River,River/Stream,Aitkin,07030004,-93.240806,46.217,"Temperature, water",Y,22.82,22.82,deg C,,,
2010-08-03,S001-727,07030004-508,Snake River,River/Stream,Aitkin,07030004,-93.240806,46.217,Stream stage,Y,19.2,19.2,ft,,,
2010-08-03,S001-727,07030004-508,Snake River,River/Stream,Aitkin,07030004,-93.240806,46.217,Kjeldahl nitrogen,Y,1.5,1.5,mg/L,0.6,0.2,mg/L
2010-07-20,S001-727,07030004-508,Snake River,River/Stream,Aitkin,07030004,-93.240806,46.217,Orthophosphate,Y,0.024,0.024,mg/L,0.002,0.001,mg/L
2010-07-20,S001-727,07030004-508,Snake River,River/Stream,Aitkin,07030004,-93.240806,46.217,Specific conductance,Y,134,134,uS/cm,,,
2010-07-20,S001-727,07030004-508,Snake River,River/Stream,Aitkin,07030004,-93.240806,46.217,pH,Y,7.52,7.52,None,,,
2010-07-20,S001-727,07030004-508,Snake River,River/Stream,Aitkin,07030004,-93.240806,46.217,Dissolved oxygen (DO),Y,6.09,6.09,mg/L,,,
2010-07-20,S001-727,07030004-508,Snake River,River/Stream,Aitkin,07030004,-93.240806,46.217,Chloride,Y,6,6,mg/L,,,
2010-07-20,S001-727,07030004-508,Snake River,River/Stream,Aitkin,07030004,-93.240806,46.217,Phosphorus,Y,0.067,0.067,mg/L,0.007,0.002,mg/L
2010-07-20,S001-727,07030004-508,Snake River,River/Stream,Aitkin,07030004,-93.240806,46.217,"Temperature, water",Y,20.64,20.64,deg C,,,
2010-07-20,S001-727,07030004-508,Snake River,River/Stream,Aitkin,07030004,-93.240806,46.217,Kjeldahl nitrogen,Y,1.8,1.8,mg/L,0.6,0.2,mg/L
2010-07-20,S001-727,07030004-508,Snake River,River/Stream,Aitkin,07030004,-93.240806,46.217,Stream stage,Y,19.3,19.3,ft,,,
2010-07-06,S001-727,07030004-508,Snake River,River/Stream,Aitkin,07030004,-93.240806,46.217,Chloride,Y,4,4,mg/L,,,
2010-07-06,S001-727,07030004-508,Snake River,River/Stream,Aitkin,07030004,-93.240806,46.217,Orthophosphate,Y,0.046,0.046,mg/L,0.002,0.001,mg/L
2010-07-06,S001-727,07030004-508,Snake River,River/Stream,Aitkin,07030004,-93.240806,46.217,Kjeldahl nitrogen,Y,2.7,2.7,mg/L,0.6,0.2,mg/L
2010-07-06,S001-727,07030004-508,Snake River,River/Stream,Aitkin,07030004,-93.240806,46.217,Stream stage,Y,19.2,19.2,ft,,,
2010-07-06,S001-727,07030004-508,Snake River,River/Stream,Aitkin,07030004,-93.240806,46.217,"Temperature, water",Y,24.25,24.25,deg C,,,
2010-07-06,S001-727,07030004-508,Snake River,River/Stream,Aitkin,07030004,-93.240806,46.217,pH,Y,7.2,7.20,None,,,
2010-07-06,S001-727,07030004-508,Snake River,River/Stream,Aitkin,07030004,-93.240806,46.217,Dissolved oxygen (DO),Y,5.62,5.62,mg/L,,,
2010-07-06,S001-727,07030004-508,Snake River,River/Stream,Aitkin,07030004,-93.240806,46.217,Specific conductance,Y,129,129,uS/cm,,,
2010-07-06,S001-727,07030004-508,Snake River,River/Stream,Aitkin,07030004,-93.240806,46.217,Phosphorus,Y,0.081,0.081,mg/L,0.007,0.002,mg/L
2010-06-22,S001-727,07030004-508,Snake River,River/Stream,Aitkin,07030004,-93.240806,46.217,"Temperature, water",Y,20.3,20.30,deg C,,,
2010-06-22,S001-727,07030004-508,Snake River,River/Stream,Aitkin,07030004,-93.240806,46.217,Specific conductance,Y,98,98,uS/cm,,,
2010-06-22,S001-727,07030004-508,Snake River,River/Stream,Aitkin,07030004,-93.240806,46.217,pH,Y,6.76,6.76,None,,,
2010-06-22,S001-727,07030004-508,Snake River,River/Stream,Aitkin,07030004,-93.240806,46.217,Dissolved oxygen (DO),Y,6.91,6.91,mg/L,,,
2010-06-22,S001-727,07030004-508,Snake River,River/Stream,Aitkin,07030004,-93.240806,46.217,Chloride,Y,4,4,mg/L,,,
2010-06-22,S001-727,07030004-508,Snake River,River/Stream,Aitkin,07030004,-93.240806,46.217,Phosphorus,Y,0.068,0.068,mg/L,0.007,0.002,mg/L
2010-06-22,S001-727,07030004-508,Snake River,River/Stream,Aitkin,07030004,-93.240806,46.217,Orthophosphate,Y,0.031,0.031,mg/L,0.002,0.001,mg/L
2010-06-22,S001-727,07030004-508,Snake River,River/Stream,Aitkin,07030004,-93.240806,46.217,Kjeldahl nitrogen,Y,1.7,1.7,mg/L,0.6,0.2,mg/L
2010-06-22,S001-727,07030004-508,Snake River,River/Stream,Aitkin,07030004,-93.240806,46.217,Stream stage,Y,18.8,18.8,ft,,,
2010-06-08,S001-727,07030004-508,Snake River,River/Stream,Aitkin,07030004,-93.240806,46.217,Dissolved oxygen (DO),Y,7.82,7.82,mg/L,,,
2010-06-08,S001-727,07030004-508,Snake River,River/Stream,Aitkin,07030004,-93.240806,46.217,Phosphorus,Y,0.059,0.059,mg/L,0.007,0.002,mg/L
2010-06-08,S001-727,07030004-508,Snake River,River/Stream,Aitkin,07030004,-93.240806,46.217,Orthophosphate,Y,0.042,0.042,mg/L,0.002,0.001,mg/L
2010-06-08,S001-727,07030004-508,Snake River,River/Stream,Aitkin,07030004,-93.240806,46.217,Kjeldahl nitrogen,Y,1.9,1.9,mg/L,0.6,0.2,mg/L
2010-06-08,S001-727,07030004-508,Snake River,River/Stream,Aitkin,07030004,-93.240806,46.217,Stream stage,Y,18.75,18.75,ft,,,
2010-06-08,S001-727,07030004-508,Snake River,River/Stream,Aitkin,07030004,-93.240806,46.217,"Temperature, water",Y,16.9,16.90,deg C,,,
2010-06-08,S001-727,07030004-508,Snake River,River/Stream,Aitkin,07030004,-93.240806,46.217,Specific conductance,Y,97,97,uS/cm,,,
2010-06-08,S001-727,07030004-508,Snake River,River/Stream,Aitkin,07030004,-93.240806,46.217,pH,Y,7.16,7.16,None,,,
2010-06-08,S001-727,07030004-508,Snake River,River/Stream,Aitkin,07030004,-93.240806,46.217,Chloride,Y,3.3,3.3,mg/L,,,
2010-05-25,S001-727,07030004-508,Snake River,River/Stream,Aitkin,07030004,-93.240806,46.217,"Temperature, water",Y,20.16,20.16,deg C,,,
2010-05-25,S001-727,07030004-508,Snake River,River/Stream,Aitkin,07030004,-93.240806,46.217,Stream stage,Y,17,17,ft,,,
2010-05-25,S001-727,07030004-508,Snake River,River/Stream,Aitkin,07030004,-93.240806,46.217,Kjeldahl nitrogen,Y,1.6,1.6,mg/L,0.6,0.2,mg/L
2010-05-25,S001-727,07030004-508,Snake River,River/Stream,Aitkin,07030004,-93.240806,46.217,Orthophosphate,Y,0.04,0.040,mg/L,0.002,0.001,mg/L
2010-05-25,S001-727,07030004-508,Snake River,River/Stream,Aitkin,07030004,-93.240806,46.217,Dissolved oxygen (DO),Y,5.34,5.34,mg/L,,,
2010-05-25,S001-727,07030004-508,Snake River,River/Stream,Aitkin,07030004,-93.240806,46.217,pH,Y,6.44,6.44,None,,,
2010-05-25,S001-727,07030004-508,Snake River,River/Stream,Aitkin,07030004,-93.240806,46.217,Specific conductance,Y,62,62,uS/cm,,,
2010-05-25,S001-727,07030004-508,Snake River,River/Stream,Aitkin,07030004,-93.240806,46.217,Phosphorus,Y,0.052,0.052,mg/L,0.007,0.002,mg/L
2010-05-25,S001-727,07030004-508,Snake River,River/Stream,Aitkin,07030004,-93.240806,46.217,Chloride,Y,1,1,mg/L,,,
2010-05-11,S001-727,07030004-508,Snake River,River/Stream,Aitkin,07030004,-93.240806,46.217,"Temperature, water",Y,8.1,8.10,deg C,,,
2010-05-11,S001-727,07030004-508,Snake River,River/Stream,Aitkin,07030004,-93.240806,46.217,Orthophosphate,Y,0.008,0.008,mg/L,0.002,0.001,mg/L
2010-05-11,S001-727,07030004-508,Snake River,River/Stream,Aitkin,07030004,-93.240806,46.217,Phosphorus,Y,0.033,0.033,mg/L,0.007,0.002,mg/L
2010-05-11,S001-727,07030004-508,Snake River,River/Stream,Aitkin,07030004,-93.240806,46.217,Chloride,Y,4,4,mg/L,,,
2010-05-11,S001-727,07030004-508,Snake River,River/Stream,Aitkin,07030004,-93.240806,46.217,Dissolved oxygen (DO),Y,10.42,10.42,mg/L,,,
2010-05-11,S001-727,07030004-508,Snake River,River/Stream,Aitkin,07030004,-93.240806,46.217,pH,Y,6.23,6.23,None,,,
2010-05-11,S001-727,07030004-508,Snake River,River/Stream,Aitkin,07030004,-93.240806,46.217,Specific conductance,Y,75,75,uS/cm,,,
2010-05-11,S001-727,07030004-508,Snake River,River/Stream,Aitkin,07030004,-93.240806,46.217,Stream stage,Y,18.15,18.15,ft,,,
2010-05-11,S001-727,07030004-508,Snake River,River/Stream,Aitkin,07030004,-93.240806,46.217,Kjeldahl nitrogen,Y,1.1,1.1,mg/L,0.6,0.2,mg/L
2010-04-27,S001-727,07030004-508,Snake River,River/Stream,Aitkin,07030004,-93.240806,46.217,Chloride,Y,3,3,mg/L,,,
2010-04-27,S001-727,07030004-508,Snake River,River/Stream,Aitkin,07030004,-93.240806,46.217,Phosphorus,Y,0.026,0.026,mg/L,0.007,0.002,mg/L
2010-04-27,S001-727,07030004-508,Snake River,River/Stream,Aitkin,07030004,-93.240806,46.217,Orthophosphate,Y,0.005,0.005,mg/L,0.002,0.001,mg/L
2010-04-27,S001-727,07030004-508,Snake River,River/Stream,Aitkin,07030004,-93.240806,46.217,Kjeldahl nitrogen,Y,1.3,1.3,mg/L,0.6,0.2,mg/L
2010-04-27,S001-727,07030004-508,Snake River,River/Stream,Aitkin,07030004,-93.240806,46.217,Stream stage,Y,18.9,18.9,ft,,,
2010-04-27,S001-727,07030004-508,Snake River,River/Stream,Aitkin,07030004,-93.240806,46.217,"Temperature, water",Y,9.28,9.28,deg C,,,
2010-04-27,S001-727,07030004-508,Snake River,River/Stream,Aitkin,07030004,-93.240806,46.217,pH,Y,6.88,6.88,None,,,
2010-04-27,S001-727,07030004-508,Snake River,River/Stream,Aitkin,07030004,-93.240806,46.217,Dissolved oxygen (DO),Y,9.59,9.59,mg/L,,,
2010-04-27,S001-727,07030004-508,Snake River,River/Stream,Aitkin,07030004,-93.240806,46.217,Specific conductance,Y,68,68,uS/cm,,,
2010-04-13,S001-727,07030004-508,Snake River,River/Stream,Aitkin,07030004,-93.240806,46.217,Phosphorus,Y,0.024,0.024,mg/L,0.007,0.002,mg/L
2010-04-13,S001-727,07030004-508,Snake River,River/Stream,Aitkin,07030004,-93.240806,46.217,Chloride,Y,2,2,mg/L,,,
2010-04-13,S001-727,07030004-508,Snake River,River/Stream,Aitkin,07030004,-93.240806,46.217,Kjeldahl nitrogen,Y,1,1.0,mg/L,0.6,0.2,mg/L
2010-04-13,S001-727,07030004-508,Snake River,River/Stream,Aitkin,07030004,-93.240806,46.217,Turbidity,Y,0.4,0.4,FNU,,,
2010-04-13,S001-727,07030004-508,Snake River,River/Stream,Aitkin,07030004,-93.240806,46.217,Stream stage,Y,18.75,18.75,ft,,,
2010-04-13,S001-727,07030004-508,Snake River,River/Stream,Aitkin,07030004,-93.240806,46.217,"Temperature, water",Y,8.15,8.15,deg C,,,
2010-04-13,S001-727,07030004-508,Snake River,River/Stream,Aitkin,07030004,-93.240806,46.217,Specific conductance,Y,64,64,uS/cm,,,
2010-04-13,S001-727,07030004-508,Snake River,River/Stream,Aitkin,07030004,-93.240806,46.217,pH,Y,7.09,7.09,None,,,
2010-04-13,S001-727,07030004-508,Snake River,River/Stream,Aitkin,07030004,-93.240806,46.217,Dissolved oxygen (DO),Y,10.54,10.54,mg/L,,,
2010-04-13,S001-727,07030004-508,Snake River,River/Stream,Aitkin,07030004,-93.240806,46.217,Orthophosphate,Y,0.003,0.003,mg/L,0.002,0.001,mg/L
2009-10-07,S001-727,07030004-508,Snake River,River/Stream,Aitkin,07030004,-93.240806,46.217,Kjeldahl nitrogen,Y,1.5,1.5,mg/L,0.6,0.2,mg/L
2009-10-07,S001-727,07030004-508,Snake River,River/Stream,Aitkin,07030004,-93.240806,46.217,Specific conductance,Y,123,123,uS/cm,,,
2009-10-07,S001-727,07030004-508,Snake River,River/Stream,Aitkin,07030004,-93.240806,46.217,Orthophosphate,Y,0.049,0.049,mg/L,0.002,0.001,mg/L
2009-10-07,S001-727,07030004-508,Snake River,River/Stream,Aitkin,07030004,-93.240806,46.217,Phosphorus,Y,0.059,0.059,mg/L,0.007,0.002,mg/L
2009-10-07,S001-727,07030004-508,Snake River,River/Stream,Aitkin,07030004,-93.240806,46.217,Chloride,Y,8.1,8.1,mg/L,,,
2009-10-07,S001-727,07030004-508,Snake River,River/Stream,Aitkin,07030004,-93.240806,46.217,"Temperature, water",Y,7.57,7.57,deg C,,,
2009-10-07,S001-727,07030004-508,Snake River,River/Stream,Aitkin,07030004,-93.240806,46.217,Stream stage,Y,18.8,18.8,ft,,,
2009-10-07,S001-727,07030004-508,Snake River,River/Stream,Aitkin,07030004,-93.240806,46.217,Dissolved oxygen (DO),Y,10.24,10.24,mg/L,,,
2009-10-07,S001-727,07030004-508,Snake River,River/Stream,Aitkin,07030004,-93.240806,46.217,pH,Y,7.07,7.07,None,,,
2009-09-23,S001-727,07030004-508,Snake River,River/Stream,Aitkin,07030004,-93.240806,46.217,Orthophosphate,Y,0.007,0.007,mg/L,0.002,0.001,mg/L
2009-09-23,S001-727,07030004-508,Snake River,River/Stream,Aitkin,07030004,-93.240806,46.217,Chloride,Y,9,9,mg/L,,,
2009-09-23,S001-727,07030004-508,Snake River,River/Stream,Aitkin,07030004,-93.240806,46.217,Phosphorus,Y,0.036,0.036,mg/L,0.007,0.002,mg/L
2009-09-23,S001-727,07030004-508,Snake River,River/Stream,Aitkin,07030004,-93.240806,46.217,Kjeldahl nitrogen,Y,0.7,0.7,mg/L,0.6,0.2,mg/L
2009-09-23,S001-727,07030004-508,Snake River,River/Stream,Aitkin,07030004,-93.240806,46.217,Dissolved oxygen (DO),Y,5.26,5.26,mg/L,,,
2009-09-23,S001-727,07030004-508,Snake River,River/Stream,Aitkin,07030004,-93.240806,46.217,pH,Y,6.59,6.59,None,,,
2009-09-23,S001-727,07030004-508,Snake River,River/Stream,Aitkin,07030004,-93.240806,46.217,Specific conductance,Y,465,465,uS/cm,,,
2009-09-23,S001-727,07030004-508,Snake River,River/Stream,Aitkin,07030004,-93.240806,46.217,"Temperature, water",Y,17.57,17.57,deg C,,,
2009-09-23,S001-727,07030004-508,Snake River,River/Stream,Aitkin,07030004,-93.240806,46.217,Stream stage,Y,19.5,19.5,ft,,,
2009-09-09,S001-727,07030004-508,Snake River,River/Stream,Aitkin,07030004,-93.240806,46.217,Kjeldahl nitrogen,Y,1,1.0,mg/L,0.6,0.2,mg/L
2009-09-09,S001-727,07030004-508,Snake River,River/Stream,Aitkin,07030004,-93.240806,46.217,Orthophosphate,Y,0.021,0.021,mg/L,0.002,0.001,mg/L
2009-09-09,S001-727,07030004-508,Snake River,River/Stream,Aitkin,07030004,-93.240806,46.217,Phosphorus,Y,0.044,0.044,mg/L,0.007,0.002,mg/L
2009-09-09,S001-727,07030004-508,Snake River,River/Stream,Aitkin,07030004,-93.240806,46.217,Chloride,Y,6,6,mg/L,,,
2009-09-09,S001-727,07030004-508,Snake River,River/Stream,Aitkin,07030004,-93.240806,46.217,Dissolved oxygen (DO),Y,5.74,5.74,mg/L,,,
2009-09-09,S001-727,07030004-508,Snake River,River/Stream,Aitkin,07030004,-93.240806,46.217,pH,Y,7.22,7.22,None,,,
2009-09-09,S001-727,07030004-508,Snake River,River/Stream,Aitkin,07030004,-93.240806,46.217,Specific conductance,Y,119,119,uS/cm,,,
2009-09-09,S001-727,07030004-508,Snake River,River/Stream,Aitkin,07030004,-93.240806,46.217,"Temperature, water",Y,18.69,18.69,deg C,,,
2009-09-09,S001-727,07030004-508,Snake River,River/Stream,Aitkin,07030004,-93.240806,46.217,Stream stage,Y,19.55,19.55,ft,,,
2009-08-26,S001-727,07030004-508,Snake River,River/Stream,Aitkin,07030004,-93.240806,46.217,Orthophosphate,Y,0.02,0.020,mg/L,0.002,0.001,mg/L
2009-08-26,S001-727,07030004-508,Snake River,River/Stream,Aitkin,07030004,-93.240806,46.217,"Temperature, water",Y,18.84,18.84,deg C,,,
2009-08-26,S001-727,07030004-508,Snake River,River/Stream,Aitkin,07030004,-93.240806,46.217,pH,Y,7.35,7.35,None,,,
2009-08-26,S001-727,07030004-508,Snake River,River/Stream,Aitkin,07030004,-93.240806,46.217,Dissolved oxygen (DO),Y,6.89,6.89,mg/L,,,
2009-08-26,S001-727,07030004-508,Snake River,River/Stream,Aitkin,07030004,-93.240806,46.217,Stream stage,Y,19.3,19.3,ft,,,
2009-08-26,S001-727,07030004-508,Snake River,River/Stream,Aitkin,07030004,-93.240806,46.217,Chloride,Y,4,4,mg/L,,,
2009-08-26,S001-727,07030004-508,Snake River,River/Stream,Aitkin,07030004,-93.240806,46.217,Phosphorus,Y,0.049,0.049,mg/L,0.007,0.002,mg/L
2009-08-26,S001-727,07030004-508,Snake River,River/Stream,Aitkin,07030004,-93.240806,46.217,Kjeldahl nitrogen,Y,1,1.0,mg/L,0.6,0.2,mg/L
2009-08-26,S001-727,07030004-508,Snake River,River/Stream,Aitkin,07030004,-93.240806,46.217,Specific conductance,Y,123,123,uS/cm,,,
2009-08-20,S001-727,07030004-508,Snake River,River/Stream,Aitkin,07030004,-93.240806,46.217,"Temperature, water",Y,17.68,17.68,deg C,,,
2009-08-20,S001-727,07030004-508,Snake River,River/Stream,Aitkin,07030004,-93.240806,46.217,Specific conductance,Y,147,147,uS/cm,,,
2009-08-20,S001-727,07030004-508,Snake River,River/Stream,Aitkin,07030004,-93.240806,46.217,pH,Y,7.63,7.63,None,,,
2009-08-20,S001-727,07030004-508,Snake River,River/Stream,Aitkin,07030004,-93.240806,46.217,Dissolved oxygen (DO),Y,8.27,8.27,mg/L,,,
2009-08-20,S001-727,07030004-508,Snake River,River/Stream,Aitkin,07030004,-93.240806,46.217,Chloride,Y,5,5,mg/L,,,
2009-08-20,S001-727,07030004-508,Snake River,River/Stream,Aitkin,07030004,-93.240806,46.217,Phosphorus,Y,0.057,0.057,mg/L,0.007,0.002,mg/L
2009-08-20,S001-727,07030004-508,Snake River,River/Stream,Aitkin,07030004,-93.240806,46.217,Orthophosphate,Y,0.026,0.026,mg/L,0.002,0.001,mg/L
2009-08-20,S001-727,07030004-508,Snake River,River/Stream,Aitkin,07030004,-93.240806,46.217,Kjeldahl nitrogen,Y,1.1,1.1,mg/L,0.6,0.2,mg/L
2009-08-20,S001-727,07030004-508,Snake River,River/Stream,Aitkin,07030004,-93.240806,46.217,Stream stage,Y,19.03,19.03,ft,,,
2009-08-12,S001-727,07030004-508,Snake River,River/Stream,Aitkin,07030004,-93.240806,46.217,Phosphorus,Y,0.053,0.053,mg/L,0.007,0.002,mg/L
2009-08-12,S001-727,07030004-508,Snake River,River/Stream,Aitkin,07030004,-93.240806,46.217,Dissolved oxygen (DO),Y,8.61,8.61,mg/L,,,
2009-08-12,S001-727,07030004-508,Snake River,River/Stream,Aitkin,07030004,-93.240806,46.217,pH,Y,7.6,7.60,None,,,
2009-08-12,S001-727,07030004-508,Snake River,River/Stream,Aitkin,07030004,-93.240806,46.217,Specific conductance,Y,140,140,uS/cm,,,
2009-08-12,S001-727,07030004-508,Snake River,River/Stream,Aitkin,07030004,-93.240806,46.217,"Temperature, water",Y,26.16,26.16,deg C,,,
2009-08-12,S001-727,07030004-508,Snake River,River/Stream,Aitkin,07030004,-93.240806,46.217,Stream stage,Y,19.4,19.4,ft,,,
2009-08-12,S001-727,07030004-508,Snake River,River/Stream,Aitkin,07030004,-93.240806,46.217,Kjeldahl nitrogen,Y,0.9,0.9,mg/L,0.6,0.2,mg/L
2009-08-12,S001-727,07030004-508,Snake River,River/Stream,Aitkin,07030004,-93.240806,46.217,Orthophosphate,Y,0.022,0.022,mg/L,0.002,0.001,mg/L
2009-08-12,S001-727,07030004-508,Snake River,River/Stream,Aitkin,07030004,-93.240806,46.217,Chloride,Y,5,5,mg/L,,,
2009-07-29,S001-727,07030004-508,Snake River,River/Stream,Aitkin,07030004,-93.240806,46.217,Specific conductance,Y,97,97,uS/cm,,,
2009-07-29,S001-727,07030004-508,Snake River,River/Stream,Aitkin,07030004,-93.240806,46.217,pH,Y,7.43,7.43,None,,,
2009-07-29,S001-727,07030004-508,Snake River,River/Stream,Aitkin,07030004,-93.240806,46.217,"Temperature, water",Y,17.53,17.53,deg C,,,
2009-07-29,S001-727,07030004-508,Snake River,River/Stream,Aitkin,07030004,-93.240806,46.217,Stream stage,Y,19.1,19.1,ft,,,
2009-07-29,S001-727,07030004-508,Snake River,River/Stream,Aitkin,07030004,-93.240806,46.217,Chloride,Y,3,3,mg/L,,,
2009-07-29,S001-727,07030004-508,Snake River,River/Stream,Aitkin,07030004,-93.240806,46.217,Phosphorus,Y,0.053,0.053,mg/L,0.007,0.002,mg/L
2009-07-29,S001-727,07030004-508,Snake River,River/Stream,Aitkin,07030004,-93.240806,46.217,Orthophosphate,Y,0.021,0.021,mg/L,0.002,0.001,mg/L
2009-07-29,S001-727,07030004-508,Snake River,River/Stream,Aitkin,07030004,-93.240806,46.217,Kjeldahl nitrogen,Y,1.4,1.4,mg/L,0.6,0.2,mg/L
2009-07-29,S001-727,07030004-508,Snake River,River/Stream,Aitkin,07030004,-93.240806,46.217,Dissolved oxygen (DO),Y,7.55,7.55,mg/L,,,
2009-07-21,S001-727,07030004-508,Snake River,River/Stream,Aitkin,07030004,-93.240806,46.217,Dissolved oxygen (DO),Y,8.04,8.04,mg/L,,,
2009-07-21,S001-727,07030004-508,Snake River,River/Stream,Aitkin,07030004,-93.240806,46.217,Specific conductance,Y,127,127,uS/cm,,,
2009-07-21,S001-727,07030004-508,Snake River,River/Stream,Aitkin,07030004,-93.240806,46.217,Orthophosphate,Y,0.034,0.034,mg/L,0.002,0.001,mg/L
2009-07-21,S001-727,07030004-508,Snake River,River/Stream,Aitkin,07030004,-93.240806,46.217,Kjeldahl nitrogen,Y,1,1.0,mg/L,0.6,0.2,mg/L
2009-07-21,S001-727,07030004-508,Snake River,River/Stream,Aitkin,07030004,-93.240806,46.217,Chloride,Y,12,12,mg/L,,,
2009-07-21,S001-727,07030004-508,Snake River,River/Stream,Aitkin,07030004,-93.240806,46.217,"Temperature, water",Y,19.43,19.43,deg C,,,
2009-07-21,S001-727,07030004-508,Snake River,River/Stream,Aitkin,07030004,-93.240806,46.217,Stream stage,Y,18.8,18.8,ft,,,
2009-07-21,S001-727,07030004-508,Snake River,River/Stream,Aitkin,07030004,-93.240806,46.217,pH,Y,7.55,7.55,None,,,
2009-07-21,S001-727,07030004-508,Snake River,River/Stream,Aitkin,07030004,-93.240806,46.217,Phosphorus,Y,0.06,0.060,mg/L,0.007,0.002,mg/L
2009-07-15,S001-727,07030004-508,Snake River,River/Stream,Aitkin,07030004,-93.240806,46.217,Stream stage,Y,19.35,19.35,ft,,,
2009-07-15,S001-727,07030004-508,Snake River,River/Stream,Aitkin,07030004,-93.240806,46.217,"Temperature, water",Y,18.27,18.27,deg C,,,
2009-07-15,S001-727,07030004-508,Snake River,River/Stream,Aitkin,07030004,-93.240806,46.217,Phosphorus,Y,0.058,0.058,mg/L,0.007,0.002,mg/L
2009-07-15,S001-727,07030004-508,Snake River,River/Stream,Aitkin,07030004,-93.240806,46.217,Chloride,Y,6,6,mg/L,,,
2009-07-15,S001-727,07030004-508,Snake River,River/Stream,Aitkin,07030004,-93.240806,46.217,Orthophosphate,Y,0.119,0.119,mg/L,0.002,0.001,mg/L
2009-07-15,S001-727,07030004-508,Snake River,River/Stream,Aitkin,07030004,-93.240806,46.217,Kjeldahl nitrogen,Y,1.1,1.1,mg/L,0.6,0.2,mg/L
2009-07-15,S001-727,07030004-508,Snake River,River/Stream,Aitkin,07030004,-93.240806,46.217,Specific conductance,Y,145,145,uS/cm,,,
2009-07-15,S001-727,07030004-508,Snake River,River/Stream,Aitkin,07030004,-93.240806,46.217,pH,Y,7.36,7.36,None,,,
2009-07-15,S001-727,07030004-508,Snake River,River/Stream,Aitkin,07030004,-93.240806,46.217,Dissolved oxygen (DO),Y,6.75,6.75,mg/L,,,
2009-07-01,S001-727,07030004-508,Snake River,River/Stream,Aitkin,07030004,-93.240806,46.217,Dissolved oxygen (DO),Y,7.73,7.73,mg/L,,,
2009-07-01,S001-727,07030004-508,Snake River,River/Stream,Aitkin,07030004,-93.240806,46.217,Specific conductance,Y,125,125,uS/cm,,,
2009-07-01,S001-727,07030004-508,Snake River,River/Stream,Aitkin,07030004,-93.240806,46.217,"Temperature, water",Y,16.32,16.32,deg C,,,
2009-07-01,S001-727,07030004-508,Snake River,River/Stream,Aitkin,07030004,-93.240806,46.217,Stream stage,Y,19.35,19.35,ft,,,
2009-07-01,S001-727,07030004-508,Snake River,River/Stream,Aitkin,07030004,-93.240806,46.217,Kjeldahl nitrogen,Y,1.5,1.5,mg/L,0.6,0.2,mg/L
2009-07-01,S001-727,07030004-508,Snake River,River/Stream,Aitkin,07030004,-93.240806,46.217,Orthophosphate,Y,0.039,0.039,mg/L,0.002,0.001,mg/L
2009-07-01,S001-727,07030004-508,Snake River,River/Stream,Aitkin,07030004,-93.240806,46.217,Phosphorus,Y,0.07,0.070,mg/L,0.007,0.002,mg/L
2009-07-01,S001-727,07030004-508,Snake River,River/Stream,Aitkin,07030004,-93.240806,46.217,Chloride,Y,4.1,4.1,mg/L,,,
2009-07-01,S001-727,07030004-508,Snake River,River/Stream,Aitkin,07030004,-93.240806,46.217,pH,Y,7.41,7.41,None,,,
2009-06-29,S001-727,07030004-508,Snake River,River/Stream,Aitkin,07030004,-93.240806,46.217,Turbidity,Y,3.8,3.8,FNU,,,
2009-06-29,S001-727,07030004-508,Snake River,River/Stream,Aitkin,07030004,-93.240806,46.217,pH,Y,7.47,7.47,None,,,
2009-06-29,S001-727,07030004-508,Snake River,River/Stream,Aitkin,07030004,-93.240806,46.217,Dissolved oxygen (DO),Y,7.72,7.72,mg/L,,,
2009-06-29,S001-727,07030004-508,Snake River,River/Stream,Aitkin,07030004,-93.240806,46.217,"Temperature, water",Y,19.9,19.90,deg C,,,
2009-06-29,S001-727,07030004-508,Snake River,River/Stream,Aitkin,07030004,-93.240806,46.217,Specific conductance,Y,128,128,uS/cm,,,
2009-06-17,S001-727,07030004-508,Snake River,River/Stream,Aitkin,07030004,-93.240806,46.217,"Temperature, water",Y,19.03,19.03,deg C,,,
2009-06-17,S001-727,07030004-508,Snake River,River/Stream,Aitkin,07030004,-93.240806,46.217,Stream stage,Y,19.25,19.25,ft,,,
2009-06-17,S001-727,07030004-508,Snake River,River/Stream,Aitkin,07030004,-93.240806,46.217,Chloride,Y,5,5,mg/L,,,
2009-06-17,S001-727,07030004-508,Snake River,River/Stream,Aitkin,07030004,-93.240806,46.217,Kjeldahl nitrogen,Y,1.1,1.1,mg/L,0.6,0.2,mg/L
2009-06-17,S001-727,07030004-508,Snake River,River/Stream,Aitkin,07030004,-93.240806,46.217,Orthophosphate,Y,0.02,0.020,mg/L,0.002,0.001,mg/L
2009-06-17,S001-727,07030004-508,Snake River,River/Stream,Aitkin,07030004,-93.240806,46.217,Phosphorus,Y,0.038,0.038,mg/L,0.007,0.002,mg/L
2009-06-17,S001-727,07030004-508,Snake River,River/Stream,Aitkin,07030004,-93.240806,46.217,Specific conductance,Y,111,111,uS/cm,,,
2009-06-17,S001-727,07030004-508,Snake River,River/Stream,Aitkin,07030004,-93.240806,46.217,pH,Y,7.29,7.29,None,,,
2009-06-17,S001-727,07030004-508,Snake River,River/Stream,Aitkin,07030004,-93.240806,46.217,Dissolved oxygen (DO),Y,7.15,7.15,mg/L,,,
2009-06-08,S001-727,07030004-508,Snake River,River/Stream,Aitkin,07030004,-93.240806,46.217,Stream stage,Y,18.9,18.9,ft,,,
2009-06-08,S001-727,07030004-508,Snake River,River/Stream,Aitkin,07030004,-93.240806,46.217,"Temperature, water",Y,12.24,12.24,deg C,,,
2009-06-08,S001-727,07030004-508,Snake River,River/Stream,Aitkin,07030004,-93.240806,46.217,Specific conductance,Y,89,89,uS/cm,,,
2009-06-08,S001-727,07030004-508,Snake River,River/Stream,Aitkin,07030004,-93.240806,46.217,pH,Y,7.47,7.47,None,,,
2009-06-08,S001-727,07030004-508,Snake River,River/Stream,Aitkin,07030004,-93.240806,46.217,Chloride,Y,11,11,mg/L,,,
2009-06-08,S001-727,07030004-508,Snake River,River/Stream,Aitkin,07030004,-93.240806,46.217,Phosphorus,Y,0.043,0.043,mg/L,0.007,0.002,mg/L
2009-06-08,S001-727,07030004-508,Snake River,River/Stream,Aitkin,07030004,-93.240806,46.217,Orthophosphate,Y,0.016,0.016,mg/L,0.002,0.001,mg/L
2009-06-08,S001-727,07030004-508,Snake River,River/Stream,Aitkin,07030004,-93.240806,46.217,Kjeldahl nitrogen,Y,1.1,1.1,mg/L,0.6,0.2,mg/L
2009-06-08,S001-727,07030004-508,Snake River,River/Stream,Aitkin,07030004,-93.240806,46.217,Dissolved oxygen (DO),Y,10.07,10.07,mg/L,,,
2009-06-03,S001-727,07030004-508,Snake River,River/Stream,Aitkin,07030004,-93.240806,46.217,Stream stage,Y,19.23,19.23,ft,,,
2009-06-03,S001-727,07030004-508,Snake River,River/Stream,Aitkin,07030004,-93.240806,46.217,Dissolved oxygen (DO),Y,8.16,8.16,mg/L,,,
2009-06-03,S001-727,07030004-508,Snake River,River/Stream,Aitkin,07030004,-93.240806,46.217,pH,Y,7.29,7.29,None,,,
2009-06-03,S001-727,07030004-508,Snake River,River/Stream,Aitkin,07030004,-93.240806,46.217,Specific conductance,Y,92,92,uS/cm,,,
2009-06-03,S001-727,07030004-508,Snake River,River/Stream,Aitkin,07030004,-93.240806,46.217,Chloride,Y,3.3,3.3,mg/L,,,
2009-06-03,S001-727,07030004-508,Snake River,River/Stream,Aitkin,07030004,-93.240806,46.217,Phosphorus,Y,0.046,0.046,mg/L,0.007,0.002,mg/L
2009-06-03,S001-727,07030004-508,Snake River,River/Stream,Aitkin,07030004,-93.240806,46.217,Orthophosphate,Y,0.015,0.015,mg/L,0.002,0.001,mg/L
2009-06-03,S001-727,07030004-508,Snake River,River/Stream,Aitkin,07030004,-93.240806,46.217,Kjeldahl nitrogen,Y,1.5,1.5,mg/L,0.6,0.2,mg/L
2009-06-03,S001-727,07030004-508,Snake River,River/Stream,Aitkin,07030004,-93.240806,46.217,"Temperature, water",Y,14.64,14.64,deg C,,,
2009-05-20,S001-727,07030004-508,Snake River,River/Stream,Aitkin,07030004,-93.240806,46.217,Chloride,Y,2.5,2.5,mg/L,,,
2009-05-20,S001-727,07030004-508,Snake River,River/Stream,Aitkin,07030004,-93.240806,46.217,Orthophosphate,Y,0.006,0.006,mg/L,0.002,0.001,mg/L
2009-05-20,S001-727,07030004-508,Snake River,River/Stream,Aitkin,07030004,-93.240806,46.217,Phosphorus,Y,0.026,0.026,mg/L,0.007,0.002,mg/L
2009-05-20,S001-727,07030004-508,Snake River,River/Stream,Aitkin,07030004,-93.240806,46.217,Dissolved oxygen (DO),Y,9.33,9.33,mg/L,,,
2009-05-20,S001-727,07030004-508,Snake River,River/Stream,Aitkin,07030004,-93.240806,46.217,pH,Y,6.77,6.77,None,,,
2009-05-20,S001-727,07030004-508,Snake River,River/Stream,Aitkin,07030004,-93.240806,46.217,Specific conductance,Y,63,63,uS/cm,,,
2009-05-20,S001-727,07030004-508,Snake River,River/Stream,Aitkin,07030004,-93.240806,46.217,"Temperature, water",Y,11.87,11.87,deg C,,,
2009-05-20,S001-727,07030004-508,Snake River,River/Stream,Aitkin,07030004,-93.240806,46.217,Stream stage,Y,18.67,18.67,ft,,,
2009-05-20,S001-727,07030004-508,Snake River,River/Stream,Aitkin,07030004,-93.240806,46.217,Kjeldahl nitrogen,Y,1,1.0,mg/L,0.6,0.2,mg/L
2008-10-26,S001-727,07030004-508,Snake River,River/Stream,Aitkin,07030004,-93.240806,46.217,Dissolved oxygen (DO),Y,10.74,10.74,mg/L,,,
2008-10-26,S001-727,07030004-508,Snake River,River/Stream,Aitkin,07030004,-93.240806,46.217,pH,Y,6.61,6.61,None,,,
2008-10-26,S001-727,07030004-508,Snake River,River/Stream,Aitkin,07030004,-93.240806,46.217,Specific conductance,Y,47,47,uS/cm,,,
2008-10-26,S001-727,07030004-508,Snake River,River/Stream,Aitkin,07030004,-93.240806,46.217,Chloride,Y,4.2,4.2,mg/L,,,
2008-10-26,S001-727,07030004-508,Snake River,River/Stream,Aitkin,07030004,-93.240806,46.217,Kjeldahl nitrogen,Y,1.3,1.3,mg/L,,,
2008-10-26,S001-727,07030004-508,Snake River,River/Stream,Aitkin,07030004,-93.240806,46.217,"Temperature, water",Y,7,7,deg C,,,
2008-10-26,S001-727,07030004-508,Snake River,River/Stream,Aitkin,07030004,-93.240806,46.217,Stream stage,Y,15.7,15.7,ft,,,
2008-10-26,S001-727,07030004-508,Snake River,River/Stream,Aitkin,07030004,-93.240806,46.217,Orthophosphate,Y,0.013,0.013,mg/L,,,
2008-10-26,S001-727,07030004-508,Snake River,River/Stream,Aitkin,07030004,-93.240806,46.217,Phosphorus,Y,0.034,0.034,mg/L,,,
2008-10-12,S001-727,07030004-508,Snake River,River/Stream,Aitkin,07030004,-93.240806,46.217,"Temperature, water",Y,12,12,deg C,,,
2008-10-12,S001-727,07030004-508,Snake River,River/Stream,Aitkin,07030004,-93.240806,46.217,Specific conductance,Y,75,75,uS/cm,,,
2008-10-12,S001-727,07030004-508,Snake River,River/Stream,Aitkin,07030004,-93.240806,46.217,pH,Y,6.51,6.51,None,,,
2008-10-12,S001-727,07030004-508,Snake River,River/Stream,Aitkin,07030004,-93.240806,46.217,Dissolved oxygen (DO),Y,10.01,10.01,mg/L,,,
2008-10-12,S001-727,07030004-508,Snake River,River/Stream,Aitkin,07030004,-93.240806,46.217,Chloride,Y,3.6,3.6,mg/L,,,
2008-10-12,S001-727,07030004-508,Snake River,River/Stream,Aitkin,07030004,-93.240806,46.217,Phosphorus,Y,0.045,0.045,mg/L,,,
2008-10-12,S001-727,07030004-508,Snake River,River/Stream,Aitkin,07030004,-93.240806,46.217,Orthophosphate,Y,0.026,0.026,mg/L,,,
2008-10-12,S001-727,07030004-508,Snake River,River/Stream,Aitkin,07030004,-93.240806,46.217,Kjeldahl nitrogen,Y,1.2,1.2,mg/L,,,
2008-10-12,S001-727,07030004-508,Snake River,River/Stream,Aitkin,07030004,-93.240806,46.217,Stream stage,Y,16.2,16.2,ft,,,
2008-09-28,S001-727,07030004-508,Snake River,River/Stream,Aitkin,07030004,-93.240806,46.217,Chloride,Y,5.3,5.3,mg/L,,,
2008-09-28,S001-727,07030004-508,Snake River,River/Stream,Aitkin,07030004,-93.240806,46.217,Orthophosphate,Y,0.018,0.018,mg/L,,,
2008-09-28,S001-727,07030004-508,Snake River,River/Stream,Aitkin,07030004,-93.240806,46.217,Kjeldahl nitrogen,Y,1.1,1.1,mg/L,,,
2008-09-28,S001-727,07030004-508,Snake River,River/Stream,Aitkin,07030004,-93.240806,46.217,Stream stage,Y,16.1,16.1,ft,,,
2008-09-28,S001-727,07030004-508,Snake River,River/Stream,Aitkin,07030004,-93.240806,46.217,"Temperature, water",Y,16,16,deg C,,,
2008-09-28,S001-727,07030004-508,Snake River,River/Stream,Aitkin,07030004,-93.240806,46.217,Specific conductance,Y,135,135,uS/cm,,,
2008-09-28,S001-727,07030004-508,Snake River,River/Stream,Aitkin,07030004,-93.240806,46.217,pH,Y,7.72,7.72,None,,,
2008-09-28,S001-727,07030004-508,Snake River,River/Stream,Aitkin,07030004,-93.240806,46.217,Dissolved oxygen (DO),Y,8.54,8.54,mg/L,,,
2008-09-28,S001-727,07030004-508,Snake River,River/Stream,Aitkin,07030004,-93.240806,46.217,Phosphorus,Y,0.047,0.047,mg/L,,,
2008-09-14,S001-727,07030004-508,Snake River,River/Stream,Aitkin,07030004,-93.240806,46.217,Orthophosphate,Y,0.017,0.017,mg/L,,,
2008-09-14,S001-727,07030004-508,Snake River,River/Stream,Aitkin,07030004,-93.240806,46.217,Phosphorus,Y,0.052,0.052,mg/L,,,
2008-09-14,S001-727,07030004-508,Snake River,River/Stream,Aitkin,07030004,-93.240806,46.217,Chloride,Y,7.9,7.9,mg/L,,,
2008-09-14,S001-727,07030004-508,Snake River,River/Stream,Aitkin,07030004,-93.240806,46.217,pH,Y,7.5,7.50,None,,,
2008-09-14,S001-727,07030004-508,Snake River,River/Stream,Aitkin,07030004,-93.240806,46.217,Specific conductance,Y,165,165,uS/cm,,,
2008-09-14,S001-727,07030004-508,Snake River,River/Stream,Aitkin,07030004,-93.240806,46.217,"Temperature, water",Y,14,14,deg C,,,
2008-09-14,S001-727,07030004-508,Snake River,River/Stream,Aitkin,07030004,-93.240806,46.217,Stream stage,Y,16.2,16.2,ft,,,
2008-09-14,S001-727,07030004-508,Snake River,River/Stream,Aitkin,07030004,-93.240806,46.217,Dissolved oxygen (DO),Y,9.31,9.31,mg/L,,,
2008-09-14,S001-727,07030004-508,Snake River,River/Stream,Aitkin,07030004,-93.240806,46.217,Kjeldahl nitrogen,Y,0.6,0.6,mg/L,,,
2008-09-01,S001-727,07030004-508,Snake River,River/Stream,Aitkin,07030004,-93.240806,46.217,Chloride,Y,7.3,7.3,mg/L,,,
2008-09-01,S001-727,07030004-508,Snake River,River/Stream,Aitkin,07030004,-93.240806,46.217,Phosphorus,Y,0.088,0.088,mg/L,,,
2008-09-01,S001-727,07030004-508,Snake River,River/Stream,Aitkin,07030004,-93.240806,46.217,Orthophosphate,Y,0.025,0.025,mg/L,,,
2008-09-01,S001-727,07030004-508,Snake River,River/Stream,Aitkin,07030004,-93.240806,46.217,Kjeldahl nitrogen,Y,1.1,1.1,mg/L,,,
2008-09-01,S001-727,07030004-508,Snake River,River/Stream,Aitkin,07030004,-93.240806,46.217,"Temperature, water",Y,25,25,deg C,,,
2008-09-01,S001-727,07030004-508,Snake River,River/Stream,Aitkin,07030004,-93.240806,46.217,Stream stage,Y,16.7,16.7,ft,,,
2008-09-01,S001-727,07030004-508,Snake River,River/Stream,Aitkin,07030004,-93.240806,46.217,Specific conductance,Y,160,160,uS/cm,,,
2008-09-01,S001-727,07030004-508,Snake River,River/Stream,Aitkin,07030004,-93.240806,46.217,pH,Y,8.08,8.08,None,,,
2008-09-01,S001-727,07030004-508,Snake River,River/Stream,Aitkin,07030004,-93.240806,46.217,Dissolved oxygen (DO),Y,7.7,7.70,mg/L,,,
2008-08-13,S001-727,07030004-508,Snake River,River/Stream,Aitkin,07030004,-93.240806,46.217,Chloride,Y,4.9,4.9,mg/L,,,
2008-08-13,S001-727,07030004-508,Snake River,River/Stream,Aitkin,07030004,-93.240806,46.217,Phosphorus,Y,0.068,0.068,mg/L,,,
2008-08-13,S001-727,07030004-508,Snake River,River/Stream,Aitkin,07030004,-93.240806,46.217,Orthophosphate,Y,0.031,0.031,mg/L,,,
2008-08-13,S001-727,07030004-508,Snake River,River/Stream,Aitkin,07030004,-93.240806,46.217,Specific conductance,Y,138,138,uS/cm,,,
2008-08-13,S001-727,07030004-508,Snake River,River/Stream,Aitkin,07030004,-93.240806,46.217,Kjeldahl nitrogen,Y,1.4,1.4,mg/L,,,
2008-08-13,S001-727,07030004-508,Snake River,River/Stream,Aitkin,07030004,-93.240806,46.217,Dissolved oxygen (DO),Y,5.84,5.84,mg/L,,,
2008-08-13,S001-727,07030004-508,Snake River,River/Stream,Aitkin,07030004,-93.240806,46.217,Stream stage,Y,16.5,16.5,ft,,,
2008-08-13,S001-727,07030004-508,Snake River,River/Stream,Aitkin,07030004,-93.240806,46.217,"Temperature, water",Y,19,19,deg C,,,
2008-08-13,S001-727,07030004-508,Snake River,River/Stream,Aitkin,07030004,-93.240806,46.217,pH,Y,7.2,7.20,None,,,
2008-07-30,S001-727,07030004-508,Snake River,River/Stream,Aitkin,07030004,-93.240806,46.217,Dissolved oxygen (DO),Y,5.94,5.94,mg/L,,,
2008-07-30,S001-727,07030004-508,Snake River,River/Stream,Aitkin,07030004,-93.240806,46.217,pH,Y,7.25,7.25,None,,,
2008-07-30,S001-727,07030004-508,Snake River,River/Stream,Aitkin,07030004,-93.240806,46.217,Specific conductance,Y,115,115,uS/cm,,,
2008-07-30,S001-727,07030004-508,Snake River,River/Stream,Aitkin,07030004,-93.240806,46.217,"Temperature, water",Y,22,22,deg C,,,
2008-07-30,S001-727,07030004-508,Snake River,River/Stream,Aitkin,07030004,-93.240806,46.217,Stream stage,Y,16.4,16.4,ft,,,
2008-07-30,S001-727,07030004-508,Snake River,River/Stream,Aitkin,07030004,-93.240806,46.217,Kjeldahl nitrogen,Y,1.7,1.7,mg/L,,,
2008-07-30,S001-727,07030004-508,Snake River,River/Stream,Aitkin,07030004,-93.240806,46.217,Orthophosphate,Y,0.034,0.034,mg/L,,,
2008-07-30,S001-727,07030004-508,Snake River,River/Stream,Aitkin,07030004,-93.240806,46.217,Phosphorus,Y,0.079,0.079,mg/L,,,
2008-07-30,S001-727,07030004-508,Snake River,River/Stream,Aitkin,07030004,-93.240806,46.217,Chloride,Y,2.2,2.2,mg/L,,,
2008-07-15,S001-727,07030004-508,Snake River,River/Stream,Aitkin,07030004,-93.240806,46.217,"Temperature, water",Y,21,21,deg C,,,
2008-07-15,S001-727,07030004-508,Snake River,River/Stream,Aitkin,07030004,-93.240806,46.217,Specific conductance,Y,107,107,uS/cm,,,
2008-07-15,S001-727,07030004-508,Snake River,River/Stream,Aitkin,07030004,-93.240806,46.217,pH,Y,7.1,7.10,None,,,
2008-07-15,S001-727,07030004-508,Snake River,River/Stream,Aitkin,07030004,-93.240806,46.217,Dissolved oxygen (DO),Y,6.55,6.55,mg/L,,,
2008-07-15,S001-727,07030004-508,Snake River,River/Stream,Aitkin,07030004,-93.240806,46.217,Stream stage,Y,16.1,16.1,ft,,,
2008-07-15,S001-727,07030004-508,Snake River,River/Stream,Aitkin,07030004,-93.240806,46.217,Chloride,Y,3.4,3.4,mg/L,,,
2008-07-15,S001-727,07030004-508,Snake River,River/Stream,Aitkin,07030004,-93.240806,46.217,Phosphorus,Y,0.069,0.069,mg/L,,,
2008-07-15,S001-727,07030004-508,Snake River,River/Stream,Aitkin,07030004,-93.240806,46.217,Orthophosphate,Y,0.033,0.033,mg/L,,,
2008-07-15,S001-727,07030004-508,Snake River,River/Stream,Aitkin,07030004,-93.240806,46.217,Kjeldahl nitrogen,Y,1.4,1.4,mg/L,,,
2008-07-03,S001-727,07030004-508,Snake River,River/Stream,Aitkin,07030004,-93.240806,46.217,Chloride,Y,3.4,3.4,mg/L,,,
2008-07-03,S001-727,07030004-508,Snake River,River/Stream,Aitkin,07030004,-93.240806,46.217,Phosphorus,Y,0.082,0.082,mg/L,,,
2008-07-03,S001-727,07030004-508,Snake River,River/Stream,Aitkin,07030004,-93.240806,46.217,Kjeldahl nitrogen,Y,1.8,1.8,mg/L,,,
2008-07-03,S001-727,07030004-508,Snake River,River/Stream,Aitkin,07030004,-93.240806,46.217,Orthophosphate,Y,0.173,0.173,mg/L,,,
2008-06-18,S001-727,07030004-508,Snake River,River/Stream,Aitkin,07030004,-93.240806,46.217,Stream stage,Y,15,15.0,ft,,,
2008-06-18,S001-727,07030004-508,Snake River,River/Stream,Aitkin,07030004,-93.240806,46.217,"Temperature, water",Y,17,17,deg C,,,
2008-06-18,S001-727,07030004-508,Snake River,River/Stream,Aitkin,07030004,-93.240806,46.217,Specific conductance,Y,52,52,uS/cm,,,
2008-06-18,S001-727,07030004-508,Snake River,River/Stream,Aitkin,07030004,-93.240806,46.217,pH,Y,6.09,6.09,None,,,
2008-06-18,S001-727,07030004-508,Snake River,River/Stream,Aitkin,07030004,-93.240806,46.217,Dissolved oxygen (DO),Y,7.9,7.90,mg/L,,,
2008-06-18,S001-727,07030004-508,Snake River,River/Stream,Aitkin,07030004,-93.240806,46.217,Chloride,Y,2.2,2.2,mg/L,,,
2008-06-18,S001-727,07030004-508,Snake River,River/Stream,Aitkin,07030004,-93.240806,46.217,Phosphorus,Y,0.046,0.046,mg/L,,,
2008-06-18,S001-727,07030004-508,Snake River,River/Stream,Aitkin,07030004,-93.240806,46.217,Orthophosphate,Y,0.024,0.024,mg/L,,,
2008-06-18,S001-727,07030004-508,Snake River,River/Stream,Aitkin,07030004,-93.240806,46.217,Kjeldahl nitrogen,Y,1.6,1.6,mg/L,,,
2008-02-19,S001-727,07030004-508,Snake River,River/Stream,Aitkin,07030004,-93.240806,46.217,Dissolved oxygen (DO),Y,6.13,6.13,mg/L,,,
2008-02-19,S001-727,07030004-508,Snake River,River/Stream,Aitkin,07030004,-93.240806,46.217,Nickel,Y,1.35,1.35,ug/L,0.1,0.01,ug/L
2008-02-19,S001-727,07030004-508,Snake River,River/Stream,Aitkin,07030004,-93.240806,46.217,Specific conductance,Y,179,179,uS/cm,,,
2008-02-19,S001-727,07030004-508,Snake River,River/Stream,Aitkin,07030004,-93.240806,46.217,"Temperature, water",Y,-0.2,-0.2,deg C,,,
2008-02-19,S001-727,07030004-508,Snake River,River/Stream,Aitkin,07030004,-93.240806,46.217,Arsenic,Y,0.94,0.94,ug/L,0.15,0.04,ug/L
2008-02-19,S001-727,07030004-508,Snake River,River/Stream,Aitkin,07030004,-93.240806,46.217,Cadmium,Y,0.02,0.020,ug/L,0.02,0.006,ug/L
2008-02-19,S001-727,07030004-508,Snake River,River/Stream,Aitkin,07030004,-93.240806,46.217,Chromium,Y,0.29,0.29,ug/L,0.1,0.04,ug/L
2008-02-19,S001-727,07030004-508,Snake River,River/Stream,Aitkin,07030004,-93.240806,46.217,Copper,Y,0.52,0.52,ug/L,0.1,0.01,ug/L
2008-02-19,S001-727,07030004-508,Snake River,River/Stream,Aitkin,07030004,-93.240806,46.217,Zinc,Y,3.74,3.74,ug/L,0.3,0.1,ug/L
2008-02-19,S001-727,07030004-508,Snake River,River/Stream,Aitkin,07030004,-93.240806,46.217,Copper,Y,0.53,0.53,ug/L,0.1,0.01,ug/L
2008-02-19,S001-727,07030004-508,Snake River,River/Stream,Aitkin,07030004,-93.240806,46.217,Zinc,Y,3.81,3.81,ug/L,0.3,0.1,ug/L
2008-02-19,S001-727,07030004-508,Snake River,River/Stream,Aitkin,07030004,-93.240806,46.217,Lead,Y,0.129,0.129,ug/L,0.04,0.003,ug/L
2008-02-19,S001-727,07030004-508,Snake River,River/Stream,Aitkin,07030004,-93.240806,46.217,Nickel,Y,1.02,1.02,ug/L,0.1,0.01,ug/L
2008-02-19,S001-727,07030004-508,Snake River,River/Stream,Aitkin,07030004,-93.240806,46.217,Arsenic,Y,1.26,1.26,ug/L,0.15,0.04,ug/L
2008-02-19,S001-727,07030004-508,Snake River,River/Stream,Aitkin,07030004,-93.240806,46.217,Cadmium,Y,0.025,0.025,ug/L,0.02,0.006,ug/L
2008-02-19,S001-727,07030004-508,Snake River,River/Stream,Aitkin,07030004,-93.240806,46.217,Chromium,Y,0.5,0.50,ug/L,0.1,0.04,ug/L
2008-02-19,S001-727,07030004-508,Snake River,River/Stream,Aitkin,07030004,-93.240806,46.217,Mercury,Y,0.0019,0.0019,ug/L,4e-4,,ug/L
2008-02-19,S001-727,07030004-508,Snake River,River/Stream,Aitkin,07030004,-93.240806,46.217,Mercury,Y,0.0026,0.0026,ug/L,4e-4,,ug/L
2008-02-19,S001-727,07030004-508,Snake River,River/Stream,Aitkin,07030004,-93.240806,46.217,Sulfate,Y,4.06,4.06,mg/L,1,,mg/L
2008-02-19,S001-727,07030004-508,Snake River,River/Stream,Aitkin,07030004,-93.240806,46.217,Phosphorus,Y,0.096,0.096,mg/L,0.003,,mg/L
2008-02-19,S001-727,07030004-508,Snake River,River/Stream,Aitkin,07030004,-93.240806,46.217,Organic carbon,Y,24,24,mg/L,1,,mg/L
2008-02-19,S001-727,07030004-508,Snake River,River/Stream,Aitkin,07030004,-93.240806,46.217,Magnesium,Y,11,11,mg/L,2,,mg/L
2008-02-19,S001-727,07030004-508,Snake River,River/Stream,Aitkin,07030004,-93.240806,46.217,Calcium,Y,27,27,mg/L,2,,mg/L
2008-02-19,S001-727,07030004-508,Snake River,River/Stream,Aitkin,07030004,-93.240806,46.217,Magnesium,Y,12,12,mg/L,4,,mg/L
2008-02-19,S001-727,07030004-508,Snake River,River/Stream,Aitkin,07030004,-93.240806,46.217,Calcium,Y,30,30,mg/L,4,,mg/L
2008-02-19,S001-727,07030004-508,Snake River,River/Stream,Aitkin,07030004,-93.240806,46.217,Lead,Y,0.064,0.064,ug/L,0.04,0.003,ug/L
2008-02-19,S001-727,07030004-508,Snake River,River/Stream,Aitkin,07030004,-93.240806,46.217,pH,Y,5.84,5.84,None,,,
2007-10-17,S001-727,07030004-508,Snake River,River/Stream,Aitkin,07030004,-93.240806,46.217,Cadmium,N,,,,0.01,,ug/L
2007-10-17,S001-727,07030004-508,Snake River,River/Stream,Aitkin,07030004,-93.240806,46.217,Lead,Y,0.14,0.14,ug/L,0.005,,ug/L
2007-10-17,S001-727,07030004-508,Snake River,River/Stream,Aitkin,07030004,-93.240806,46.217,Chromium,Y,1.04,1.04,ug/L,0.01,,ug/L
2007-10-17,S001-727,07030004-508,Snake River,River/Stream,Aitkin,07030004,-93.240806,46.217,Copper,Y,1.13,1.13,ug/L,0.13,,ug/L
2007-10-17,S001-727,07030004-508,Snake River,River/Stream,Aitkin,07030004,-93.240806,46.217,Zinc,Y,5.04,5.04,ug/L,0.06,,ug/L
2007-10-17,S001-727,07030004-508,Snake River,River/Stream,Aitkin,07030004,-93.240806,46.217,Nickel,Y,2.59,2.59,ug/L,0.15,,ug/L
2007-10-17,S001-727,07030004-508,Snake River,River/Stream,Aitkin,07030004,-93.240806,46.217,Arsenic,Y,1.56,1.56,ug/L,0.2,,ug/L
2007-10-17,S001-727,07030004-508,Snake River,River/Stream,Aitkin,07030004,-93.240806,46.217,Cadmium,N,,,,0.01,,ug/L
2007-10-17,S001-727,07030004-508,Snake River,River/Stream,Aitkin,07030004,-93.240806,46.217,Chromium,Y,1.93,1.93,ug/L,0.01,,ug/L
2007-10-17,S001-727,07030004-508,Snake River,River/Stream,Aitkin,07030004,-93.240806,46.217,Copper,Y,1.56,1.56,ug/L,0.13,,ug/L
2007-10-17,S001-727,07030004-508,Snake River,River/Stream,Aitkin,07030004,-93.240806,46.217,Zinc,Y,7.3,7.3,ug/L,0.06,,ug/L
2007-10-17,S001-727,07030004-508,Snake River,River/Stream,Aitkin,07030004,-93.240806,46.217,Pheophytin a,N,,,,0.46,,ug/L
2007-10-17,S001-727,07030004-508,Snake River,River/Stream,Aitkin,07030004,-93.240806,46.217,Mercury,Y,0.0015,0.0015,ug/L,4e-4,,ug/L
2007-10-17,S001-727,07030004-508,Snake River,River/Stream,Aitkin,07030004,-93.240806,46.217,Dissolved oxygen (DO),Y,18.4,18.4,mg/L,,,
2007-10-17,S001-727,07030004-508,Snake River,River/Stream,Aitkin,07030004,-93.240806,46.217,pH,Y,6.12,6.12,None,,,
2007-10-17,S001-727,07030004-508,Snake River,River/Stream,Aitkin,07030004,-93.240806,46.217,Specific conductance,Y,91,91,uS/cm,,,
2007-10-17,S001-727,07030004-508,Snake River,River/Stream,Aitkin,07030004,-93.240806,46.217,"Temperature, water",Y,8.49,8.49,deg C,,,
2007-10-17,S001-727,07030004-508,Snake River,River/Stream,Aitkin,07030004,-93.240806,46.217,Stream stage,Y,0.82,0.82,ft,,,
2007-10-17,S001-727,07030004-508,Snake River,River/Stream,Aitkin,07030004,-93.240806,46.217,Sulfate,Y,8.31,8.31,mg/L,1,,mg/L
2007-10-17,S001-727,07030004-508,Snake River,River/Stream,Aitkin,07030004,-93.240806,46.217,Organic carbon,Y,37,37,mg/L,3,,mg/L
2007-10-17,S001-727,07030004-508,Snake River,River/Stream,Aitkin,07030004,-93.240806,46.217,Mercury,Y,0.002,0.0020,ug/L,4e-4,,ug/L
2007-10-17,S001-727,07030004-508,Snake River,River/Stream,Aitkin,07030004,-93.240806,46.217,Phosphorus,Y,0.056,0.056,mg/L,0.003,,mg/L
2007-10-17,S001-727,07030004-508,Snake River,River/Stream,Aitkin,07030004,-93.240806,46.217,Magnesium,Y,5.3,5.3,mg/L,4,,mg/L
2007-10-17,S001-727,07030004-508,Snake River,River/Stream,Aitkin,07030004,-93.240806,46.217,Calcium,Y,12,12,mg/L,4,,mg/L
2007-10-17,S001-727,07030004-508,Snake River,River/Stream,Aitkin,07030004,-93.240806,46.217,Magnesium,Y,5,5.0,mg/L,2,,mg/L
2007-10-17,S001-727,07030004-508,Snake River,River/Stream,Aitkin,07030004,-93.240806,46.217,Calcium,Y,12,12,mg/L,2,,mg/L
2007-10-17,S001-727,07030004-508,Snake River,River/Stream,Aitkin,07030004,-93.240806,46.217,Lead,Y,0.12,0.12,ug/L,0.005,,ug/L
2007-10-17,S001-727,07030004-508,Snake River,River/Stream,Aitkin,07030004,-93.240806,46.217,Nickel,Y,2.54,2.54,ug/L,0.15,,ug/L
2007-10-17,S001-727,07030004-508,Snake River,River/Stream,Aitkin,07030004,-93.240806,46.217,Arsenic,Y,1.03,1.03,ug/L,0.2,,ug/L
2007-05-29,S001-727,07030004-508,Snake River,River/Stream,Aitkin,07030004,-93.240806,46.217,Chromium,Y,0.98,0.98,ug/L,0.01,,ug/L
2007-05-29,S001-727,07030004-508,Snake River,River/Stream,Aitkin,07030004,-93.240806,46.217,Cadmium,Y,0.06,0.06,ug/L,0.01,,ug/L
2007-05-29,S001-727,07030004-508,Snake River,River/Stream,Aitkin,07030004,-93.240806,46.217,Zinc,Y,2.53,2.53,ug/L,0.06,,ug/L
2007-05-29,S001-727,07030004-508,Snake River,River/Stream,Aitkin,07030004,-93.240806,46.217,Lead,Y,0.18,0.18,ug/L,0.005,,ug/L
2007-05-29,S001-727,07030004-508,Snake River,River/Stream,Aitkin,07030004,-93.240806,46.217,Nickel,Y,1.64,1.64,ug/L,0.15,,ug/L
2007-05-29,S001-727,07030004-508,Snake River,River/Stream,Aitkin,07030004,-93.240806,46.217,Arsenic,Y,1.08,1.08,ug/L,0.2,,ug/L
2007-05-29,S001-727,07030004-508,Snake River,River/Stream,Aitkin,07030004,-93.240806,46.217,Cadmium,Y,0.056,0.056,ug/L,0.01,,ug/L
2007-05-29,S001-727,07030004-508,Snake River,River/Stream,Aitkin,07030004,-93.240806,46.217,Chromium,Y,0.71,0.71,ug/L,0.01,,ug/L
2007-05-29,S001-727,07030004-508,Snake River,River/Stream,Aitkin,07030004,-93.240806,46.217,Copper,Y,0.77,0.77,ug/L,0.13,,ug/L
2007-05-29,S001-727,07030004-508,Snake River,River/Stream,Aitkin,07030004,-93.240806,46.217,Zinc,Y,3.1,3.1,ug/L,0.06,,ug/L
2007-05-29,S001-727,07030004-508,Snake River,River/Stream,Aitkin,07030004,-93.240806,46.217,Copper,Y,0.7,0.70,ug/L,0.13,,ug/L
2007-05-29,S001-727,07030004-508,Snake River,River/Stream,Aitkin,07030004,-93.240806,46.217,Arsenic,Y,1,1.00,ug/L,0.2,,ug/L
2007-05-29,S001-727,07030004-508,Snake River,River/Stream,Aitkin,07030004,-93.240806,46.217,Nickel,Y,1.58,1.58,ug/L,0.15,,ug/L
2007-05-29,S001-727,07030004-508,Snake River,River/Stream,Aitkin,07030004,-93.240806,46.217,Lead,Y,0.11,0.11,ug/L,0.005,,ug/L
2007-05-29,S001-727,07030004-508,Snake River,River/Stream,Aitkin,07030004,-93.240806,46.217,Calcium,Y,11,11,mg/L,2,,mg/L
2007-05-29,S001-727,07030004-508,Snake River,River/Stream,Aitkin,07030004,-93.240806,46.217,Magnesium,Y,4.8,4.8,mg/L,2,,mg/L
2007-05-29,S001-727,07030004-508,Snake River,River/Stream,Aitkin,07030004,-93.240806,46.217,Calcium,Y,12,12,mg/L,2,,mg/L
2007-05-29,S001-727,07030004-508,Snake River,River/Stream,Aitkin,07030004,-93.240806,46.217,Magnesium,Y,5.2,5.2,mg/L,2,,mg/L
2007-05-29,S001-727,07030004-508,Snake River,River/Stream,Aitkin,07030004,-93.240806,46.217,Phosphorus,Y,0.051,0.051,mg/L,0.003,,mg/L
2007-05-29,S001-727,07030004-508,Snake River,River/Stream,Aitkin,07030004,-93.240806,46.217,Ammonia-nitrogen,N,,,,0.05,,mg/L
2007-05-29,S001-727,07030004-508,Snake River,River/Stream,Aitkin,07030004,-93.240806,46.217,Mercury,Y,0.002,0.0020,ug/L,4e-4,,ug/L
2007-05-29,S001-727,07030004-508,Snake River,River/Stream,Aitkin,07030004,-93.240806,46.217,Mercury,Y,0.0017,0.0017,ug/L,4e-4,,ug/L
2007-05-29,S001-727,07030004-508,Snake River,River/Stream,Aitkin,07030004,-93.240806,46.217,Sulfate,Y,4.2,4.20,mg/L,1,,mg/L
2007-05-29,S001-727,07030004-508,Snake River,River/Stream,Aitkin,07030004,-93.240806,46.217,Methylmercury(1+),Y,0.76,0.76,ng/L,0.1,,ng/L
2007-05-29,S001-727,07030004-508,Snake River,River/Stream,Aitkin,07030004,-93.240806,46.217,Organic carbon,Y,33,33,mg/L,7,,mg/L
2007-05-29,S001-727,07030004-508,Snake River,River/Stream,Aitkin,07030004,-93.240806,46.217,"Temperature, water",Y,16.8,16.8,deg C,,,
2007-05-29,S001-727,07030004-508,Snake River,River/Stream,Aitkin,07030004,-93.240806,46.217,Specific conductance,Y,86.9,86.9,uS/cm,,,
2007-05-29,S001-727,07030004-508,Snake River,River/Stream,Aitkin,07030004,-93.240806,46.217,pH,Y,8.12,8.12,None,,,
2007-05-29,S001-727,07030004-508,Snake River,River/Stream,Aitkin,07030004,-93.240806,46.217,Dissolved oxygen (DO),Y,9.5,9.5,mg/L,,,
2007-05-29,S001-727,07030004-508,Snake River,River/Stream,Aitkin,07030004,-93.240806,46.217,Copper,Y,0.87,0.87,ug/L,0.2,0.02,ug/L
2007-05-29,S001-727,07030004-508,Snake River,River/Stream,Aitkin,07030004,-93.240806,46.217,Zinc,Y,2.36,2.36,ug/L,0.4,0.23,ug/L
2007-05-29,S001-727,07030004-508,Snake River,River/Stream,Aitkin,07030004,-93.240806,46.217,Cadmium,N,,,,0.04,0.012,ug/L
2007-05-29,S001-727,07030004-508,Snake River,River/Stream,Aitkin,07030004,-93.240806,46.217,Arsenic,Y,1.07,1.07,ug/L,0.3,0.09,ug/L
2007-05-29,S001-727,07030004-508,Snake River,River/Stream,Aitkin,07030004,-93.240806,46.217,Nickel,Y,1.3,1.30,ug/L,0.2,0.02,ug/L
2007-05-29,S001-727,07030004-508,Snake River,River/Stream,Aitkin,07030004,-93.240806,46.217,Magnesium,Y,4.79,4.79,mg/L,0.004,0.004,mg/L
2007-05-29,S001-727,07030004-508,Snake River,River/Stream,Aitkin,07030004,-93.240806,46.217,Lead,Y,0.086,0.086,ug/L,0.08,0.007,ug/L
2007-05-29,S001-727,07030004-508,Snake River,River/Stream,Aitkin,07030004,-93.240806,46.217,Mercury,Y,0.00478,0.00478,ug/L,9e-5,5.1e-5,ug/L
2007-05-29,S001-727,07030004-508,Snake River,River/Stream,Aitkin,07030004,-93.240806,46.217,Methylmercury(1+),Y,1,1.00,ng/L,0.05,0.019,ng/L
2007-05-29,S001-727,07030004-508,Snake River,River/Stream,Aitkin,07030004,-93.240806,46.217,Mercury,Y,0.00436,0.00436,ug/L,9e-5,5.1e-5,ug/L
2007-05-29,S001-727,07030004-508,Snake River,River/Stream,Aitkin,07030004,-93.240806,46.217,Calcium,Y,11.6,11.60,mg/L,0.08,0.022,mg/L
2007-05-29,S001-727,07030004-508,Snake River,River/Stream,Aitkin,07030004,-93.240806,46.217,Zinc,Y,3.1,3.10,ug/L,0.4,0.23,ug/L
2007-05-29,S001-727,07030004-508,Snake River,River/Stream,Aitkin,07030004,-93.240806,46.217,Chromium,Y,0.64,0.64,ug/L,0.2,0.07,ug/L
2007-05-29,S001-727,07030004-508,Snake River,River/Stream,Aitkin,07030004,-93.240806,46.217,Cadmium,N,,,,0.012,0.012,ug/L
2007-05-29,S001-727,07030004-508,Snake River,River/Stream,Aitkin,07030004,-93.240806,46.217,Arsenic,Y,1.114,1.114,ug/L,0.3,0.09,ug/L
2007-05-29,S001-727,07030004-508,Snake River,River/Stream,Aitkin,07030004,-93.240806,46.217,Copper,Y,0.87,0.87,ug/L,0.2,0.02,ug/L
2007-05-29,S001-727,07030004-508,Snake River,River/Stream,Aitkin,07030004,-93.240806,46.217,Nickel,Y,1.38,1.38,ug/L,0.2,0.02,ug/L
2007-05-29,S001-727,07030004-508,Snake River,River/Stream,Aitkin,07030004,-93.240806,46.217,Magnesium,Y,4.79,4.79,mg/L,0.004,0.004,mg/L
2007-05-29,S001-727,07030004-508,Snake River,River/Stream,Aitkin,07030004,-93.240806,46.217,Lead,Y,0.153,0.153,ug/L,0.08,0.007,ug/L
2007-05-29,S001-727,07030004-508,Snake River,River/Stream,Aitkin,07030004,-93.240806,46.217,Calcium,Y,11.7,11.70,mg/L,0.08,0.022,mg/L
2007-05-29,S001-727,07030004-508,Snake River,River/Stream,Aitkin,07030004,-93.240806,46.217,Chromium,Y,0.54,0.54,ug/L,0.2,0.07,ug/L
2006-09-28,S001-727,07030004-508,Snake River,River/Stream,Aitkin,07030004,-93.240806,46.217,Dissolved oxygen (DO),Y,10.43,10.43,mg/L,,,
2006-09-28,S001-727,07030004-508,Snake River,River/Stream,Aitkin,07030004,-93.240806,46.217,pH,Y,8.29,8.29,None,,,
2006-09-28,S001-727,07030004-508,Snake River,River/Stream,Aitkin,07030004,-93.240806,46.217,Specific conductance,Y,205,205,uS/cm,,,
2006-09-28,S001-727,07030004-508,Snake River,River/Stream,Aitkin,07030004,-93.240806,46.217,"Temperature, water",Y,9.71,9.71,deg C,,,
2006-09-28,S001-727,07030004-508,Snake River,River/Stream,Aitkin,07030004,-93.240806,46.217,Chromium,Y,0.46,0.46,ug/L,0.01,,ug/L
2006-09-28,S001-727,07030004-508,Snake River,River/Stream,Aitkin,07030004,-93.240806,46.217,Copper,Y,0.38,0.38,ug/L,0.13,,ug/L
2006-09-28,S001-727,07030004-508,Snake River,River/Stream,Aitkin,07030004,-93.240806,46.217,Zinc,Y,0.4,0.40,ug/L,0.06,,ug/L
2006-09-28,S001-727,07030004-508,Snake River,River/Stream,Aitkin,07030004,-93.240806,46.217,Lead,Y,0.17,0.17,ug/L,0.005,,ug/L
2006-09-28,S001-727,07030004-508,Snake River,River/Stream,Aitkin,07030004,-93.240806,46.217,Nickel,Y,1.55,1.55,ug/L,0.15,,ug/L
2006-09-28,S001-727,07030004-508,Snake River,River/Stream,Aitkin,07030004,-93.240806,46.217,Arsenic,Y,0.78,0.78,ug/L,0.2,,ug/L
2006-09-28,S001-727,07030004-508,Snake River,River/Stream,Aitkin,07030004,-93.240806,46.217,Cadmium,Y,0.013,0.013,ug/L,0.01,,ug/L
2006-09-28,S001-727,07030004-508,Snake River,River/Stream,Aitkin,07030004,-93.240806,46.217,Chromium,Y,0.14,0.14,ug/L,0.01,,ug/L
2006-09-28,S001-727,07030004-508,Snake River,River/Stream,Aitkin,07030004,-93.240806,46.217,Copper,Y,0.52,0.52,ug/L,0.13,,ug/L
2006-09-28,S001-727,07030004-508,Snake River,River/Stream,Aitkin,07030004,-93.240806,46.217,Zinc,Y,24.9,24.9,ug/L,0.06,,ug/L
2006-09-28,S001-727,07030004-508,Snake River,River/Stream,Aitkin,07030004,-93.240806,46.217,Sulfate,Y,2.7,2.70,mg/L,1,,mg/L
2006-09-28,S001-727,07030004-508,Snake River,River/Stream,Aitkin,07030004,-93.240806,46.217,Organic carbon,Y,12,12,mg/L,1,,mg/L
2006-09-28,S001-727,07030004-508,Snake River,River/Stream,Aitkin,07030004,-93.240806,46.217,Mercury,N,,,,4e-4,,ug/L
2006-09-28,S001-727,07030004-508,Snake River,River/Stream,Aitkin,07030004,-93.240806,46.217,Mercury,Y,9.9e-4,0.00099,ug/L,4e-4,,ug/L
2006-09-28,S001-727,07030004-508,Snake River,River/Stream,Aitkin,07030004,-93.240806,46.217,Phosphorus,Y,0.021,0.021,mg/L,0.003,,mg/L
2006-09-28,S001-727,07030004-508,Snake River,River/Stream,Aitkin,07030004,-93.240806,46.217,Magnesium,Y,11,11,mg/L,2,,mg/L
2006-09-28,S001-727,07030004-508,Snake River,River/Stream,Aitkin,07030004,-93.240806,46.217,Calcium,Y,23,23,mg/L,2,,mg/L
2006-09-28,S001-727,07030004-508,Snake River,River/Stream,Aitkin,07030004,-93.240806,46.217,Magnesium,Y,11,11,mg/L,2,,mg/L
2006-09-28,S001-727,07030004-508,Snake River,River/Stream,Aitkin,07030004,-93.240806,46.217,Calcium,Y,25,25,mg/L,2,,mg/L
2006-09-28,S001-727,07030004-508,Snake River,River/Stream,Aitkin,07030004,-93.240806,46.217,Lead,Y,0.05,0.05,ug/L,0.005,,ug/L
2006-09-28,S001-727,07030004-508,Snake River,River/Stream,Aitkin,07030004,-93.240806,46.217,Nickel,Y,1.29,1.29,ug/L,0.15,,ug/L
2006-09-28,S001-727,07030004-508,Snake River,River/Stream,Aitkin,07030004,-93.240806,46.217,Arsenic,Y,0.73,0.73,ug/L,0.2,,ug/L
2006-09-28,S001-727,07030004-508,Snake River,River/Stream,Aitkin,07030004,-93.240806,46.217,Cadmium,Y,0.01,0.01,ug/L,0.01,,ug/L
2006-06-08,S001-727,07030004-508,Snake River,River/Stream,Aitkin,07030004,-93.240806,46.217,"Temperature, water",Y,21.94,21.94,deg C,,,
2006-06-08,S001-727,07030004-508,Snake River,River/Stream,Aitkin,07030004,-93.240806,46.217,Sulfate,N,,,,25,,mg/L
2006-06-08,S001-727,07030004-508,Snake River,River/Stream,Aitkin,07030004,-93.240806,46.217,Organic carbon,Y,28,28,mg/L,5,,mg/L
2006-06-08,S001-727,07030004-508,Snake River,River/Stream,Aitkin,07030004,-93.240806,46.217,Dissolved oxygen (DO),Y,7.49,7.49,mg/L,,,
2006-06-08,S001-727,07030004-508,Snake River,River/Stream,Aitkin,07030004,-93.240806,46.217,pH,Y,7.6,7.6,None,,,
2006-06-08,S001-727,07030004-508,Snake River,River/Stream,Aitkin,07030004,-93.240806,46.217,Specific conductance,Y,94,94,uS/cm,,,
2006-05-17,S001-727,07030004-508,Snake River,River/Stream,Aitkin,07030004,-93.240806,46.217,Stream stage,Y,1.74,1.74,ft,,,
2006-04-25,S001-727,07030004-508,Snake River,River/Stream,Aitkin,07030004,-93.240806,46.217,Phosphorus,Y,0.023,0.023,mg/L,,,
2006-04-25,S001-727,07030004-508,Snake River,River/Stream,Aitkin,07030004,-93.240806,46.217,Stream stage,Y,0.9,0.9,ft,,,
2006-04-25,S001-727,07030004-508,Snake River,River/Stream,Aitkin,07030004,-93.240806,46.217,Orthophosphate,Y,0.004,0.004,mg/L,,,
2006-04-25,S001-727,07030004-508,Snake River,River/Stream,Aitkin,07030004,-93.240806,46.217,"Temperature, water",Y,5.6,5.6,deg C,,,
2006-04-25,S001-727,07030004-508,Snake River,River/Stream,Aitkin,07030004,-93.240806,46.217,Kjeldahl nitrogen,Y,0.8,0.8,mg/L,,,
2006-04-19,S001-727,07030004-508,Snake River,River/Stream,Aitkin,07030004,-93.240806,46.217,Phosphorus,Y,0.028,0.028,mg/L,,,
2006-04-19,S001-727,07030004-508,Snake River,River/Stream,Aitkin,07030004,-93.240806,46.217,Stream stage,Y,1.16,1.16,ft,,,
2006-04-19,S001-727,07030004-508,Snake River,River/Stream,Aitkin,07030004,-93.240806,46.217,"Temperature, water",Y,10.6,10.6,deg C,,,
2006-04-11,S001-727,07030004-508,Snake River,River/Stream,Aitkin,07030004,-93.240806,46.217,"Temperature, water",Y,7.8,7.8,deg C,,,
2006-04-11,S001-727,07030004-508,Snake River,River/Stream,Aitkin,07030004,-93.240806,46.217,Stream stage,Y,1.48,1.48,ft,,,
2006-04-11,S001-727,07030004-508,Snake River,River/Stream,Aitkin,07030004,-93.240806,46.217,Fecal Coliform,Y,2,2,/100mL,,,
2006-04-11,S001-727,07030004-508,Snake River,River/Stream,Aitkin,07030004,-93.240806,46.217,Chloride,Y,2.2,2.2,mg/L,,,
2006-04-11,S001-727,07030004-508,Snake River,River/Stream,Aitkin,07030004,-93.240806,46.217,Phosphorus,Y,0.033,0.033,mg/L,,,
2006-04-11,S001-727,07030004-508,Snake River,River/Stream,Aitkin,07030004,-93.240806,46.217,Orthophosphate,Y,0.004,0.004,mg/L,,,
2006-04-11,S001-727,07030004-508,Snake River,River/Stream,Aitkin,07030004,-93.240806,46.217,Kjeldahl nitrogen,Y,0.8,0.8,mg/L,,,
2006-04-04,S001-727,07030004-508,Snake River,River/Stream,Aitkin,07030004,-93.240806,46.217,Stream stage,Y,2.22,2.22,ft,,,
2006-04-04,S001-727,07030004-508,Snake River,River/Stream,Aitkin,07030004,-93.240806,46.217,"Temperature, water",Y,3.3,3.3,deg C,,,
2006-04-04,S001-727,07030004-508,Snake River,River/Stream,Aitkin,07030004,-93.240806,46.217,Phosphorus,Y,0.044,0.044,mg/L,,,
2005-11-29,S001-727,07030004-508,Snake River,River/Stream,Aitkin,07030004,-93.240806,46.217,"Temperature, water",Y,-0.6,-0.6,deg C,,,
2005-11-29,S001-727,07030004-508,Snake River,River/Stream,Aitkin,07030004,-93.240806,46.217,Stream stage,Y,1.84,1.84,ft,,,
2005-11-29,S001-727,07030004-508,Snake River,River/Stream,Aitkin,07030004,-93.240806,46.217,Kjeldahl nitrogen,Y,0.9,0.9,mg/L,0.6,0.2,mg/L
2005-11-29,S001-727,07030004-508,Snake River,River/Stream,Aitkin,07030004,-93.240806,46.217,Orthophosphate,Y,0.009,0.009,mg/L,0.002,0.001,mg/L
2005-11-29,S001-727,07030004-508,Snake River,River/Stream,Aitkin,07030004,-93.240806,46.217,Fecal Coliform,Y,1100,1100,/100mL,,,
2005-11-29,S001-727,07030004-508,Snake River,River/Stream,Aitkin,07030004,-93.240806,46.217,Chloride,Y,4.7,4.7,mg/L,0.4,0.2,mg/L
2005-11-29,S001-727,07030004-508,Snake River,River/Stream,Aitkin,07030004,-93.240806,46.217,Phosphorus,Y,0.06,0.06,mg/L,0.007,0.002,mg/L
2005-11-07,S001-727,07030004-508,Snake River,River/Stream,Aitkin,07030004,-93.240806,46.217,"Temperature, water",Y,6.1,6.1,deg C,,,
2005-11-07,S001-727,07030004-508,Snake River,River/Stream,Aitkin,07030004,-93.240806,46.217,Stream stage,Y,0.52,0.52,ft,,,
2005-11-07,S001-727,07030004-508,Snake River,River/Stream,Aitkin,07030004,-93.240806,46.217,Phosphorus,Y,0.03,0.03,mg/L,0.007,0.002,mg/L
2005-10-26,S001-727,07030004-508,Snake River,River/Stream,Aitkin,07030004,-93.240806,46.217,Stream stage,Y,0.77,0.77,ft,,,
2005-10-26,S001-727,07030004-508,Snake River,River/Stream,Aitkin,07030004,-93.240806,46.217,"Temperature, water",Y,5.6,5.6,deg C,,,
2005-10-26,S001-727,07030004-508,Snake River,River/Stream,Aitkin,07030004,-93.240806,46.217,Kjeldahl nitrogen,Y,0.8,0.8,mg/L,0.6,0.2,mg/L
2005-10-26,S001-727,07030004-508,Snake River,River/Stream,Aitkin,07030004,-93.240806,46.217,Orthophosphate,Y,0.004,0.004,mg/L,0.002,0.001,mg/L
2005-10-26,S001-727,07030004-508,Snake River,River/Stream,Aitkin,07030004,-93.240806,46.217,Phosphorus,Y,0.026,0.026,mg/L,0.007,0.002,mg/L
2005-10-26,S001-727,07030004-508,Snake River,River/Stream,Aitkin,07030004,-93.240806,46.217,Chloride,Y,2.1,2.1,mg/L,0.4,0.2,mg/L
2005-10-26,S001-727,07030004-508,Snake River,River/Stream,Aitkin,07030004,-93.240806,46.217,Fecal Coliform,Y,190,190,/100mL,,,
2005-10-14,S001-727,07030004-508,Snake River,River/Stream,Aitkin,07030004,-93.240806,46.217,Stream stage,Y,1.42,1.42,ft,,,
2005-10-14,S001-727,07030004-508,Snake River,River/Stream,Aitkin,07030004,-93.240806,46.217,"Temperature, water",Y,9.4,9.4,deg C,,,
2005-10-14,S001-727,07030004-508,Snake River,River/Stream,Aitkin,07030004,-93.240806,46.217,Phosphorus,Y,0.029,0.029,mg/L,0.007,0.002,mg/L
2005-09-28,S001-727,07030004-508,Snake River,River/Stream,Aitkin,07030004,-93.240806,46.217,Stream stage,Y,0.56,0.56,ft,,,
2005-09-28,S001-727,07030004-508,Snake River,River/Stream,Aitkin,07030004,-93.240806,46.217,"Temperature, water",Y,13.3,13.3,deg C,,,
2005-09-28,S001-727,07030004-508,Snake River,River/Stream,Aitkin,07030004,-93.240806,46.217,Fecal Coliform,Y,200,200,/100mL,,,
2005-09-28,S001-727,07030004-508,Snake River,River/Stream,Aitkin,07030004,-93.240806,46.217,Chloride,Y,3.5,3.5,mg/L,0.4,0.2,mg/L
2005-09-28,S001-727,07030004-508,Snake River,River/Stream,Aitkin,07030004,-93.240806,46.217,Phosphorus,Y,0.034,0.034,mg/L,0.007,0.002,mg/L
2005-09-28,S001-727,07030004-508,Snake River,River/Stream,Aitkin,07030004,-93.240806,46.217,Orthophosphate,Y,0.012,0.012,mg/L,0.002,0.001,mg/L
2005-09-28,S001-727,07030004-508,Snake River,River/Stream,Aitkin,07030004,-93.240806,46.217,Kjeldahl nitrogen,Y,0.8,0.8,mg/L,0.6,0.2,mg/L
2005-09-16,S001-727,07030004-508,Snake River,River/Stream,Aitkin,07030004,-93.240806,46.217,Stream stage,Y,0.28,0.28,ft,,,
2005-09-16,S001-727,07030004-508,Snake River,River/Stream,Aitkin,07030004,-93.240806,46.217,"Temperature, water",Y,16.7,16.7,deg C,,,
2005-09-16,S001-727,07030004-508,Snake River,River/Stream,Aitkin,07030004,-93.240806,46.217,Phosphorus,Y,0.048,0.048,mg/L,0.007,0.002,mg/L
2005-08-29,S001-727,07030004-508,Snake River,River/Stream,Aitkin,07030004,-93.240806,46.217,"Temperature, water",Y,22.2,22.2,deg C,,,
2005-08-29,S001-727,07030004-508,Snake River,River/Stream,Aitkin,07030004,-93.240806,46.217,Phosphorus,Y,0.062,0.062,mg/L,0.007,0.002,mg/L
2005-08-29,S001-727,07030004-508,Snake River,River/Stream,Aitkin,07030004,-93.240806,46.217,Chloride,Y,4,4,mg/L,0.4,0.2,mg/L
2005-08-29,S001-727,07030004-508,Snake River,River/Stream,Aitkin,07030004,-93.240806,46.217,Fecal Coliform,Y,30,30,/100mL,,,
2005-08-29,S001-727,07030004-508,Snake River,River/Stream,Aitkin,07030004,-93.240806,46.217,Orthophosphate,Y,0.022,0.022,mg/L,0.002,0.001,mg/L
2005-08-29,S001-727,07030004-508,Snake River,River/Stream,Aitkin,07030004,-93.240806,46.217,Kjeldahl nitrogen,Y,0.8,0.8,mg/L,0.6,0.2,mg/L
2005-08-16,S001-727,07030004-508,Snake River,River/Stream,Aitkin,07030004,-93.240806,46.217,"Temperature, water",Y,24.4,24.4,deg C,,,
2005-08-16,S001-727,07030004-508,Snake River,River/Stream,Aitkin,07030004,-93.240806,46.217,Phosphorus,Y,0.061,0.061,mg/L,0.007,0.002,mg/L
2005-07-27,S001-727,07030004-508,Snake River,River/Stream,Aitkin,07030004,-93.240806,46.217,Stream stage,Y,0.2,0.2,ft,,,
2005-07-27,S001-727,07030004-508,Snake River,River/Stream,Aitkin,07030004,-93.240806,46.217,"Temperature, water",Y,17.8,17.8,deg C,,,
2005-07-27,S001-727,07030004-508,Snake River,River/Stream,Aitkin,07030004,-93.240806,46.217,Phosphorus,Y,0.088,0.088,mg/L,0.007,0.002,mg/L
2005-07-11,S001-727,07030004-508,Snake River,River/Stream,Aitkin,07030004,-93.240806,46.217,"Temperature, water",Y,24.4,24.4,deg C,,,
2005-07-11,S001-727,07030004-508,Snake River,River/Stream,Aitkin,07030004,-93.240806,46.217,Stream stage,Y,0.88,0.88,ft,,,
2005-07-11,S001-727,07030004-508,Snake River,River/Stream,Aitkin,07030004,-93.240806,46.217,Orthophosphate,Y,0.026,0.026,mg/L,0.002,0.001,mg/L
2005-07-11,S001-727,07030004-508,Snake River,River/Stream,Aitkin,07030004,-93.240806,46.217,Phosphorus,Y,0.084,0.084,mg/L,0.007,0.002,mg/L
2005-07-11,S001-727,07030004-508,Snake River,River/Stream,Aitkin,07030004,-93.240806,46.217,Chloride,Y,2.7,2.7,mg/L,0.4,0.2,mg/L
2005-07-11,S001-727,07030004-508,Snake River,River/Stream,Aitkin,07030004,-93.240806,46.217,Fecal Coliform,Y,130,130,/100mL,,,
2005-07-11,S001-727,07030004-508,Snake River,River/Stream,Aitkin,07030004,-93.240806,46.217,Kjeldahl nitrogen,Y,1.7,1.7,mg/L,0.6,0.2,mg/L
2005-06-27,S001-727,07030004-508,Snake River,River/Stream,Aitkin,07030004,-93.240806,46.217,Stream stage,Y,0.94,0.94,ft,,,
2005-06-27,S001-727,07030004-508,Snake River,River/Stream,Aitkin,07030004,-93.240806,46.217,"Temperature, water",Y,22.2,22.2,deg C,,,
2005-06-27,S001-727,07030004-508,Snake River,River/Stream,Aitkin,07030004,-93.240806,46.217,Phosphorus,Y,0.07,0.07,mg/L,0.007,0.002,mg/L
2005-06-13,S001-727,07030004-508,Snake River,River/Stream,Aitkin,07030004,-93.240806,46.217,Stream stage,Y,1.72,1.72,ft,,,
2005-06-13,S001-727,07030004-508,Snake River,River/Stream,Aitkin,07030004,-93.240806,46.217,"Temperature, water",Y,18.9,18.9,deg C,,,
2005-06-13,S001-727,07030004-508,Snake River,River/Stream,Aitkin,07030004,-93.240806,46.217,Chloride,Y,1.7,1.7,mg/L,0.4,0.2,mg/L
2005-06-13,S001-727,07030004-508,Snake River,River/Stream,Aitkin,07030004,-93.240806,46.217,Phosphorus,Y,0.041,0.041,mg/L,0.007,0.002,mg/L
2005-06-13,S001-727,07030004-508,Snake River,River/Stream,Aitkin,07030004,-93.240806,46.217,Orthophosphate,Y,0.007,0.007,mg/L,0.002,0.001,mg/L
2005-06-13,S001-727,07030004-508,Snake River,River/Stream,Aitkin,07030004,-93.240806,46.217,Kjeldahl nitrogen,Y,1,1,mg/L,0.6,0.2,mg/L
2005-06-13,S001-727,07030004-508,Snake River,River/Stream,Aitkin,07030004,-93.240806,46.217,Fecal Coliform,Y,70,70,/100mL,,,
2005-05-31,S001-727,07030004-508,Snake River,River/Stream,Aitkin,07030004,-93.240806,46.217,"Temperature, water",Y,16.7,16.7,deg C,,,
2005-05-31,S001-727,07030004-508,Snake River,River/Stream,Aitkin,07030004,-93.240806,46.217,Stream stage,Y,1.48,1.48,ft,,,
2005-05-31,S001-727,07030004-508,Snake River,River/Stream,Aitkin,07030004,-93.240806,46.217,Phosphorus,Y,0.028,0.028,mg/L,0.007,0.002,mg/L
2005-05-10,S001-727,07030004-508,Snake River,River/Stream,Aitkin,07030004,-93.240806,46.217,"Temperature, water",Y,14.4,14.4,deg C,,,
2005-05-10,S001-727,07030004-508,Snake River,River/Stream,Aitkin,07030004,-93.240806,46.217,Stream stage,Y,0.78,0.78,ft,,,
2005-05-10,S001-727,07030004-508,Snake River,River/Stream,Aitkin,07030004,-93.240806,46.217,Phosphorus,Y,0.028,0.028,mg/L,0.007,0.002,mg/L
2005-05-02,S001-727,07030004-508,Snake River,River/Stream,Aitkin,07030004,-93.240806,46.217,"Temperature, water",Y,3.9,3.9,deg C,,,
2005-05-02,S001-727,07030004-508,Snake River,River/Stream,Aitkin,07030004,-93.240806,46.217,Stream stage,Y,0.82,0.82,ft,,,
2005-05-02,S001-727,07030004-508,Snake River,River/Stream,Aitkin,07030004,-93.240806,46.217,Phosphorus,Y,0.02,0.02,mg/L,0.007,0.002,mg/L
2005-05-02,S001-727,07030004-508,Snake River,River/Stream,Aitkin,07030004,-93.240806,46.217,Orthophosphate,Y,0.005,0.005,mg/L,0.002,0.001,mg/L
2005-05-02,S001-727,07030004-508,Snake River,River/Stream,Aitkin,07030004,-93.240806,46.217,Kjeldahl nitrogen,Y,0.7,0.7,mg/L,0.6,0.2,mg/L
2005-05-02,S001-727,07030004-508,Snake River,River/Stream,Aitkin,07030004,-93.240806,46.217,Fecal Coliform,Y,10,10,/100mL,,,
2005-05-02,S001-727,07030004-508,Snake River,River/Stream,Aitkin,07030004,-93.240806,46.217,Chloride,Y,1.3,1.3,mg/L,0.3,0.1,mg/L
2005-04-26,S001-727,07030004-508,Snake River,River/Stream,Aitkin,07030004,-93.240806,46.217,Stream stage,Y,1,1,ft,,,
2005-04-26,S001-727,07030004-508,Snake River,River/Stream,Aitkin,07030004,-93.240806,46.217,"Temperature, water",Y,6.1,6.1,deg C,,,
2005-04-26,S001-727,07030004-508,Snake River,River/Stream,Aitkin,07030004,-93.240806,46.217,Phosphorus,Y,0.021,0.021,mg/L,0.007,0.002,mg/L
2005-04-20,S001-727,07030004-508,Snake River,River/Stream,Aitkin,07030004,-93.240806,46.217,"Temperature, water",Y,10.6,10.6,deg C,,,
2005-04-20,S001-727,07030004-508,Snake River,River/Stream,Aitkin,07030004,-93.240806,46.217,Stream stage,Y,1.54,1.54,ft,,,
2005-04-20,S001-727,07030004-508,Snake River,River/Stream,Aitkin,07030004,-93.240806,46.217,Orthophosphate,Y,0.003,0.003,mg/L,0.002,0.001,mg/L
2005-04-20,S001-727,07030004-508,Snake River,River/Stream,Aitkin,07030004,-93.240806,46.217,Kjeldahl nitrogen,Y,0.7,0.7,mg/L,0.6,0.2,mg/L
2005-04-20,S001-727,07030004-508,Snake River,River/Stream,Aitkin,07030004,-93.240806,46.217,Phosphorus,Y,0.027,0.027,mg/L,0.007,0.002,mg/L
2005-04-11,S001-727,07030004-508,Snake River,River/Stream,Aitkin,07030004,-93.240806,46.217,"Temperature, water",Y,5,5,deg C,,,
2005-04-11,S001-727,07030004-508,Snake River,River/Stream,Aitkin,07030004,-93.240806,46.217,Stream stage,Y,2.38,2.38,ft,,,
2005-04-11,S001-727,07030004-508,Snake River,River/Stream,Aitkin,07030004,-93.240806,46.217,Phosphorus,Y,0.044,0.044,mg/L,0.007,0.002,mg/L
2005-04-04,S001-727,07030004-508,Snake River,River/Stream,Aitkin,07030004,-93.240806,46.217,"Temperature, water",Y,3.9,3.9,deg C,,,
2005-04-04,S001-727,07030004-508,Snake River,River/Stream,Aitkin,07030004,-93.240806,46.217,Stream stage,Y,2.74,2.74,ft,,,
2005-04-04,S001-727,07030004-508,Snake River,River/Stream,Aitkin,07030004,-93.240806,46.217,Fecal Coliform,Y,10,10,/100mL,,,
2005-04-04,S001-727,07030004-508,Snake River,River/Stream,Aitkin,07030004,-93.240806,46.217,Chloride,Y,1.5,1.5,mg/L,0.6,0.2,mg/L
2005-04-04,S001-727,07030004-508,Snake River,River/Stream,Aitkin,07030004,-93.240806,46.217,Phosphorus,Y,0.059,0.059,mg/L,0.007,0.002,mg/L
2005-04-04,S001-727,07030004-508,Snake River,River/Stream,Aitkin,07030004,-93.240806,46.217,Orthophosphate,Y,0.003,0.003,mg/L,0.002,0.001,mg/L
2005-04-04,S001-727,07030004-508,Snake River,River/Stream,Aitkin,07030004,-93.240806,46.217,Kjeldahl nitrogen,Y,0.9,0.9,mg/L,0.7,0.2,mg/L
2004-11-29,S001-727,07030004-508,Snake River,River/Stream,Aitkin,07030004,-93.240806,46.217,"Temperature, water",Y,-0.2,-0.20,deg C,,,
2004-11-29,S001-727,07030004-508,Snake River,River/Stream,Aitkin,07030004,-93.240806,46.217,Specific conductance,Y,95,95,uS/cm,,,
2004-11-29,S001-727,07030004-508,Snake River,River/Stream,Aitkin,07030004,-93.240806,46.217,pH,Y,6.76,6.76,None,,,
2004-11-29,S001-727,07030004-508,Snake River,River/Stream,Aitkin,07030004,-93.240806,46.217,Dissolved oxygen (DO),Y,13.05,13.05,mg/L,,,
2004-11-29,S001-727,07030004-508,Snake River,River/Stream,Aitkin,07030004,-93.240806,46.217,Stream stage,Y,0.56,0.56,ft,,,
2004-11-29,S001-727,07030004-508,Snake River,River/Stream,Aitkin,07030004,-93.240806,46.217,"Temperature, water",Y,-0.2,-0.2,deg C,,,
2004-11-29,S001-727,07030004-508,Snake River,River/Stream,Aitkin,07030004,-93.240806,46.217,Chloride,Y,2.6,2.6,mg/L,0.6,0.2,mg/L
2004-11-29,S001-727,07030004-508,Snake River,River/Stream,Aitkin,07030004,-93.240806,46.217,Orthophosphate,Y,0.011,0.011,mg/L,0.002,0.001,mg/L
2004-11-29,S001-727,07030004-508,Snake River,River/Stream,Aitkin,07030004,-93.240806,46.217,Fecal Coliform,Y,9,9,/100mL,,,
2004-11-29,S001-727,07030004-508,Snake River,River/Stream,Aitkin,07030004,-93.240806,46.217,Phosphorus,Y,0.031,0.031,mg/L,0.007,0.002,mg/L
2004-11-29,S001-727,07030004-508,Snake River,River/Stream,Aitkin,07030004,-93.240806,46.217,Kjeldahl nitrogen,Y,0.8,0.8,mg/L,0.6,0.2,mg/L
2004-11-12,S001-727,07030004-508,Snake River,River/Stream,Aitkin,07030004,-93.240806,46.217,"Temperature, water",Y,0.17,0.17,deg C,,,
2004-11-12,S001-727,07030004-508,Snake River,River/Stream,Aitkin,07030004,-93.240806,46.217,Specific conductance,Y,80,80,uS/cm,,,
2004-11-12,S001-727,07030004-508,Snake River,River/Stream,Aitkin,07030004,-93.240806,46.217,pH,Y,6.96,6.96,None,,,
2004-11-12,S001-727,07030004-508,Snake River,River/Stream,Aitkin,07030004,-93.240806,46.217,Dissolved oxygen (DO),Y,12.15,12.15,mg/L,,,
2004-11-12,S001-727,07030004-508,Snake River,River/Stream,Aitkin,07030004,-93.240806,46.217,Stream stage,Y,0.5,0.5,ft,,,
2004-11-12,S001-727,07030004-508,Snake River,River/Stream,Aitkin,07030004,-93.240806,46.217,"Temperature, water",Y,0.2,0.2,deg C,,,
2004-11-12,S001-727,07030004-508,Snake River,River/Stream,Aitkin,07030004,-93.240806,46.217,Phosphorus,Y,0.031,0.031,mg/L,0.007,0.002,mg/L
2004-10-27,S001-727,07030004-508,Snake River,River/Stream,Aitkin,07030004,-93.240806,46.217,pH,Y,6.95,6.95,None,,,
2004-10-27,S001-727,07030004-508,Snake River,River/Stream,Aitkin,07030004,-93.240806,46.217,Dissolved oxygen (DO),Y,7.4,7.40,mg/L,,,
2004-10-27,S001-727,07030004-508,Snake River,River/Stream,Aitkin,07030004,-93.240806,46.217,Stream stage,Y,0.6,0.6,ft,,,
2004-10-27,S001-727,07030004-508,Snake River,River/Stream,Aitkin,07030004,-93.240806,46.217,"Temperature, water",Y,7.3,7.3,deg C,,,
2004-10-27,S001-727,07030004-508,Snake River,River/Stream,Aitkin,07030004,-93.240806,46.217,"Temperature, water",Y,7.34,7.34,deg C,,,
2004-10-27,S001-727,07030004-508,Snake River,River/Stream,Aitkin,07030004,-93.240806,46.217,Specific conductance,Y,78,78,uS/cm,,,
2004-10-27,S001-727,07030004-508,Snake River,River/Stream,Aitkin,07030004,-93.240806,46.217,Fecal Coliform,Y,20,20,/100mL,,,
2004-10-27,S001-727,07030004-508,Snake River,River/Stream,Aitkin,07030004,-93.240806,46.217,Chloride,Y,2,2,mg/L,0.6,0.2,mg/L
2004-10-27,S001-727,07030004-508,Snake River,River/Stream,Aitkin,07030004,-93.240806,46.217,Phosphorus,Y,0.032,0.032,mg/L,0.007,0.002,mg/L
2004-10-27,S001-727,07030004-508,Snake River,River/Stream,Aitkin,07030004,-93.240806,46.217,Kjeldahl nitrogen,Y,1.1,1.1,mg/L,0.6,0.2,mg/L
2004-10-27,S001-727,07030004-508,Snake River,River/Stream,Aitkin,07030004,-93.240806,46.217,Orthophosphate,Y,0.009,0.009,mg/L,0.002,0.001,mg/L
2004-10-11,S001-727,07030004-508,Snake River,River/Stream,Aitkin,07030004,-93.240806,46.217,"Temperature, water",Y,10.7,10.7,deg C,,,
2004-10-11,S001-727,07030004-508,Snake River,River/Stream,Aitkin,07030004,-93.240806,46.217,"Temperature, water",Y,10.73,10.73,deg C,,,
2004-10-11,S001-727,07030004-508,Snake River,River/Stream,Aitkin,07030004,-93.240806,46.217,Specific conductance,Y,84,84,uS/cm,,,
2004-10-11,S001-727,07030004-508,Snake River,River/Stream,Aitkin,07030004,-93.240806,46.217,pH,Y,7.2,7.20,None,,,
2004-10-11,S001-727,07030004-508,Snake River,River/Stream,Aitkin,07030004,-93.240806,46.217,Dissolved oxygen (DO),Y,7.41,7.41,mg/L,,,
2004-10-11,S001-727,07030004-508,Snake River,River/Stream,Aitkin,07030004,-93.240806,46.217,Stream stage,Y,0.58,0.58,ft,,,
2004-10-11,S001-727,07030004-508,Snake River,River/Stream,Aitkin,07030004,-93.240806,46.217,Phosphorus,Y,0.04,0.04,mg/L,0.007,0.002,mg/L
2004-09-28,S001-727,07030004-508,Snake River,River/Stream,Aitkin,07030004,-93.240806,46.217,"Temperature, water",Y,11.6,11.6,deg C,,,
2004-09-28,S001-727,07030004-508,Snake River,River/Stream,Aitkin,07030004,-93.240806,46.217,"Temperature, water",Y,11.59,11.59,deg C,,,
2004-09-28,S001-727,07030004-508,Snake River,River/Stream,Aitkin,07030004,-93.240806,46.217,Specific conductance,Y,96,96,uS/cm,,,
2004-09-28,S001-727,07030004-508,Snake River,River/Stream,Aitkin,07030004,-93.240806,46.217,pH,Y,8.52,8.52,None,,,
2004-09-28,S001-727,07030004-508,Snake River,River/Stream,Aitkin,07030004,-93.240806,46.217,Dissolved oxygen (DO),Y,8.52,8.52,mg/L,,,
2004-09-28,S001-727,07030004-508,Snake River,River/Stream,Aitkin,07030004,-93.240806,46.217,Stream stage,Y,0.77,0.77,ft,,,
2004-09-28,S001-727,07030004-508,Snake River,River/Stream,Aitkin,07030004,-93.240806,46.217,Phosphorus,Y,0.058,0.058,mg/L,0.007,0.002,mg/L
2004-09-28,S001-727,07030004-508,Snake River,River/Stream,Aitkin,07030004,-93.240806,46.217,Orthophosphate,Y,0.018,0.018,mg/L,0.002,0.001,mg/L
2004-09-28,S001-727,07030004-508,Snake River,River/Stream,Aitkin,07030004,-93.240806,46.217,Kjeldahl nitrogen,Y,1.2,1.2,mg/L,0.6,0.2,mg/L
2004-09-28,S001-727,07030004-508,Snake River,River/Stream,Aitkin,07030004,-93.240806,46.217,Fecal Coliform,Y,200,200,/100mL,,,
2004-09-28,S001-727,07030004-508,Snake River,River/Stream,Aitkin,07030004,-93.240806,46.217,Chloride,Y,3.2,3.2,mg/L,0.6,0.2,mg/L
2004-09-14,S001-727,07030004-508,Snake River,River/Stream,Aitkin,07030004,-93.240806,46.217,Dissolved oxygen (DO),Y,7.01,7.01,mg/L,,,
2004-09-14,S001-727,07030004-508,Snake River,River/Stream,Aitkin,07030004,-93.240806,46.217,pH,Y,7.09,7.09,None,,,
2004-09-14,S001-727,07030004-508,Snake River,River/Stream,Aitkin,07030004,-93.240806,46.217,Specific conductance,Y,97,97,uS/cm,,,
2004-09-14,S001-727,07030004-508,Snake River,River/Stream,Aitkin,07030004,-93.240806,46.217,"Temperature, water",Y,19.1,19.10,deg C,,,
2004-09-14,S001-727,07030004-508,Snake River,River/Stream,Aitkin,07030004,-93.240806,46.217,"Temperature, water",Y,19.1,19.1,deg C,,,
2004-09-14,S001-727,07030004-508,Snake River,River/Stream,Aitkin,07030004,-93.240806,46.217,Stream stage,Y,0.64,0.64,ft,,,
2004-09-14,S001-727,07030004-508,Snake River,River/Stream,Aitkin,07030004,-93.240806,46.217,Phosphorus,Y,0.059,0.059,mg/L,0.007,0.002,mg/L
2004-08-25,S001-727,07030004-508,Snake River,River/Stream,Aitkin,07030004,-93.240806,46.217,"Temperature, water",Y,19.68,19.68,deg C,,,
2004-08-25,S001-727,07030004-508,Snake River,River/Stream,Aitkin,07030004,-93.240806,46.217,Specific conductance,Y,153,153,uS/cm,,,
2004-08-25,S001-727,07030004-508,Snake River,River/Stream,Aitkin,07030004,-93.240806,46.217,pH,Y,7.34,7.34,None,,,
2004-08-25,S001-727,07030004-508,Snake River,River/Stream,Aitkin,07030004,-93.240806,46.217,Dissolved oxygen (DO),Y,8.96,8.96,mg/L,,,
2004-08-25,S001-727,07030004-508,Snake River,River/Stream,Aitkin,07030004,-93.240806,46.217,"Temperature, water",Y,19.7,19.7,deg C,,,
2004-08-25,S001-727,07030004-508,Snake River,River/Stream,Aitkin,07030004,-93.240806,46.217,Fecal Coliform,Y,90,90,/100mL,,,
2004-08-25,S001-727,07030004-508,Snake River,River/Stream,Aitkin,07030004,-93.240806,46.217,Chloride,Y,3.6,3.6,mg/L,0.6,0.2,mg/L
2004-08-25,S001-727,07030004-508,Snake River,River/Stream,Aitkin,07030004,-93.240806,46.217,Phosphorus,Y,0.043,0.043,mg/L,0.007,0.002,mg/L
2004-08-25,S001-727,07030004-508,Snake River,River/Stream,Aitkin,07030004,-93.240806,46.217,Orthophosphate,Y,0.013,0.013,mg/L,0.002,0.001,mg/L
2004-08-25,S001-727,07030004-508,Snake River,River/Stream,Aitkin,07030004,-93.240806,46.217,Kjeldahl nitrogen,Y,0.9,0.9,mg/L,0.6,0.2,mg/L
2004-08-09,S001-727,07030004-508,Snake River,River/Stream,Aitkin,07030004,-93.240806,46.217,"Temperature, water",Y,19.9,19.9,deg C,,,
2004-08-09,S001-727,07030004-508,Snake River,River/Stream,Aitkin,07030004,-93.240806,46.217,Specific conductance,Y,142,142,uS/cm,,,
2004-08-09,S001-727,07030004-508,Snake River,River/Stream,Aitkin,07030004,-93.240806,46.217,"Temperature, water",Y,19.89,19.89,deg C,,,
2004-08-09,S001-727,07030004-508,Snake River,River/Stream,Aitkin,07030004,-93.240806,46.217,Dissolved oxygen (DO),Y,6.68,6.68,mg/L,,,
2004-08-09,S001-727,07030004-508,Snake River,River/Stream,Aitkin,07030004,-93.240806,46.217,pH,Y,7.33,7.33,None,,,
2004-08-09,S001-727,07030004-508,Snake River,River/Stream,Aitkin,07030004,-93.240806,46.217,Phosphorus,Y,0.055,0.055,mg/L,0.007,0.002,mg/L
2004-07-27,S001-727,07030004-508,Snake River,River/Stream,Aitkin,07030004,-93.240806,46.217,Specific conductance,Y,128,128,uS/cm,,,
2004-07-27,S001-727,07030004-508,Snake River,River/Stream,Aitkin,07030004,-93.240806,46.217,"Temperature, water",Y,19.81,19.81,deg C,,,
2004-07-27,S001-727,07030004-508,Snake River,River/Stream,Aitkin,07030004,-93.240806,46.217,Dissolved oxygen (DO),Y,7,7.00,mg/L,,,
2004-07-27,S001-727,07030004-508,Snake River,River/Stream,Aitkin,07030004,-93.240806,46.217,"Temperature, water",Y,19.8,19.8,deg C,,,
2004-07-27,S001-727,07030004-508,Snake River,River/Stream,Aitkin,07030004,-93.240806,46.217,pH,Y,7.26,7.26,None,,,
2004-07-27,S001-727,07030004-508,Snake River,River/Stream,Aitkin,07030004,-93.240806,46.217,Fecal Coliform,Y,40,40,/100mL,,,
2004-07-27,S001-727,07030004-508,Snake River,River/Stream,Aitkin,07030004,-93.240806,46.217,Chloride,Y,3,3,mg/L,0.6,0.2,mg/L
2004-07-27,S001-727,07030004-508,Snake River,River/Stream,Aitkin,07030004,-93.240806,46.217,Orthophosphate,Y,0.036,0.036,mg/L,0.002,0.001,mg/L
2004-07-27,S001-727,07030004-508,Snake River,River/Stream,Aitkin,07030004,-93.240806,46.217,Kjeldahl nitrogen,Y,1.1,1.1,mg/L,0.6,0.2,mg/L
2004-07-27,S001-727,07030004-508,Snake River,River/Stream,Aitkin,07030004,-93.240806,46.217,Phosphorus,Y,0.076,0.076,mg/L,0.007,0.002,mg/L
2004-07-14,S001-727,07030004-508,Snake River,River/Stream,Aitkin,07030004,-93.240806,46.217,Stream stage,Y,0.58,0.58,ft,,,
2004-07-14,S001-727,07030004-508,Snake River,River/Stream,Aitkin,07030004,-93.240806,46.217,"Temperature, water",Y,19.7,19.7,deg C,,,
2004-07-14,S001-727,07030004-508,Snake River,River/Stream,Aitkin,07030004,-93.240806,46.217,"Temperature, water",Y,19.73,19.73,deg C,,,
2004-07-14,S001-727,07030004-508,Snake River,River/Stream,Aitkin,07030004,-93.240806,46.217,Specific conductance,Y,94,94,uS/cm,,,
2004-07-14,S001-727,07030004-508,Snake River,River/Stream,Aitkin,07030004,-93.240806,46.217,pH,Y,7.13,7.13,None,,,
2004-07-14,S001-727,07030004-508,Snake River,River/Stream,Aitkin,07030004,-93.240806,46.217,Dissolved oxygen (DO),Y,7.76,7.76,mg/L,,,
2004-07-14,S001-727,07030004-508,Snake River,River/Stream,Aitkin,07030004,-93.240806,46.217,Phosphorus,Y,0.058,0.058,mg/L,0.007,0.002,mg/L
2004-06-22,S001-727,07030004-508,Snake River,River/Stream,Aitkin,07030004,-93.240806,46.217,Stream stage,Y,0.62,0.62,ft,,,
2004-06-22,S001-727,07030004-508,Snake River,River/Stream,Aitkin,07030004,-93.240806,46.217,"Temperature, water",Y,16.3,16.3,deg C,,,
2004-06-22,S001-727,07030004-508,Snake River,River/Stream,Aitkin,07030004,-93.240806,46.217,Dissolved oxygen (DO),Y,8.63,8.63,mg/L,,,
2004-06-22,S001-727,07030004-508,Snake River,River/Stream,Aitkin,07030004,-93.240806,46.217,"Temperature, water",Y,16.3,16.30,deg C,,,
2004-06-22,S001-727,07030004-508,Snake River,River/Stream,Aitkin,07030004,-93.240806,46.217,Specific conductance,Y,78,78,uS/cm,,,
2004-06-22,S001-727,07030004-508,Snake River,River/Stream,Aitkin,07030004,-93.240806,46.217,pH,Y,7.23,7.23,None,,,
2004-06-22,S001-727,07030004-508,Snake River,River/Stream,Aitkin,07030004,-93.240806,46.217,Orthophosphate,Y,0.007,0.007,mg/L,0.002,0.001,mg/L
2004-06-22,S001-727,07030004-508,Snake River,River/Stream,Aitkin,07030004,-93.240806,46.217,Phosphorus,Y,0.034,0.034,mg/L,0.007,0.002,mg/L
2004-06-22,S001-727,07030004-508,Snake River,River/Stream,Aitkin,07030004,-93.240806,46.217,Fecal Coliform,Y,60,60,/100mL,,,
2004-06-22,S001-727,07030004-508,Snake River,River/Stream,Aitkin,07030004,-93.240806,46.217,Chloride,Y,1.5,1.5,mg/L,0.6,0.2,mg/L
2004-06-22,S001-727,07030004-508,Snake River,River/Stream,Aitkin,07030004,-93.240806,46.217,Kjeldahl nitrogen,Y,1,1,mg/L,0.6,0.2,mg/L
2004-06-08,S001-727,07030004-508,Snake River,River/Stream,Aitkin,07030004,-93.240806,46.217,"Temperature, water",Y,20,20,deg C,,,
2004-06-08,S001-727,07030004-508,Snake River,River/Stream,Aitkin,07030004,-93.240806,46.217,Specific conductance,Y,65,65,uS/cm,,,
2004-06-08,S001-727,07030004-508,Snake River,River/Stream,Aitkin,07030004,-93.240806,46.217,"Temperature, water",Y,20.02,20.02,deg C,,,
2004-06-08,S001-727,07030004-508,Snake River,River/Stream,Aitkin,07030004,-93.240806,46.217,Stream stage,Y,1.36,1.36,ft,,,
2004-06-08,S001-727,07030004-508,Snake River,River/Stream,Aitkin,07030004,-93.240806,46.217,Dissolved oxygen (DO),Y,6.6,6.60,mg/L,,,
2004-06-08,S001-727,07030004-508,Snake River,River/Stream,Aitkin,07030004,-93.240806,46.217,pH,Y,6.8,6.80,None,,,
2004-06-08,S001-727,07030004-508,Snake River,River/Stream,Aitkin,07030004,-93.240806,46.217,Phosphorus,Y,0.038,0.038,mg/L,0.007,0.002,mg/L
2004-05-24,S001-727,07030004-508,Snake River,River/Stream,Aitkin,07030004,-93.240806,46.217,"Temperature, water",Y,7.8,7.8,deg C,,,
2004-05-24,S001-727,07030004-508,Snake River,River/Stream,Aitkin,07030004,-93.240806,46.217,Dissolved oxygen (DO),Y,10.62,10.62,mg/L,,,
2004-05-24,S001-727,07030004-508,Snake River,River/Stream,Aitkin,07030004,-93.240806,46.217,"Temperature, water",Y,7.79,7.79,deg C,,,
2004-05-24,S001-727,07030004-508,Snake River,River/Stream,Aitkin,07030004,-93.240806,46.217,Specific conductance,Y,72,72,uS/cm,,,
2004-05-24,S001-727,07030004-508,Snake River,River/Stream,Aitkin,07030004,-93.240806,46.217,pH,Y,7.35,7.35,None,,,
2004-05-24,S001-727,07030004-508,Snake River,River/Stream,Aitkin,07030004,-93.240806,46.217,Stream stage,Y,1.04,1.04,ft,,,
2004-05-24,S001-727,07030004-508,Snake River,River/Stream,Aitkin,07030004,-93.240806,46.217,Phosphorus,Y,0.022,0.022,mg/L,0.007,0.002,mg/L
2004-05-24,S001-727,07030004-508,Snake River,River/Stream,Aitkin,07030004,-93.240806,46.217,Orthophosphate,Y,0.004,0.004,mg/L,0.002,0.001,mg/L
2004-05-24,S001-727,07030004-508,Snake River,River/Stream,Aitkin,07030004,-93.240806,46.217,Kjeldahl nitrogen,Y,1,1,mg/L,0.6,0.2,mg/L
2004-05-10,S001-727,07030004-508,Snake River,River/Stream,Aitkin,07030004,-93.240806,46.217,Stream stage,Y,0.66,0.66,ft,,,
2004-05-10,S001-727,07030004-508,Snake River,River/Stream,Aitkin,07030004,-93.240806,46.217,"Temperature, water",Y,13.5,13.5,deg C,,,
2004-05-10,S001-727,07030004-508,Snake River,River/Stream,Aitkin,07030004,-93.240806,46.217,Specific conductance,Y,65,65,uS/cm,,,
2004-05-10,S001-727,07030004-508,Snake River,River/Stream,Aitkin,07030004,-93.240806,46.217,pH,Y,7.17,7.17,None,,,
2004-05-10,S001-727,07030004-508,Snake River,River/Stream,Aitkin,07030004,-93.240806,46.217,Dissolved oxygen (DO),Y,8.97,8.97,mg/L,,,
2004-05-10,S001-727,07030004-508,Snake River,River/Stream,Aitkin,07030004,-93.240806,46.217,"Temperature, water",Y,13.51,13.51,deg C,,,
2004-05-10,S001-727,07030004-508,Snake River,River/Stream,Aitkin,07030004,-93.240806,46.217,Phosphorus,Y,0.02,0.02,mg/L,0.007,0.002,mg/L
2004-05-04,S001-727,07030004-508,Snake River,River/Stream,Aitkin,07030004,-93.240806,46.217,"Temperature, water",Y,7.8,7.8,deg C,,,
2004-05-04,S001-727,07030004-508,Snake River,River/Stream,Aitkin,07030004,-93.240806,46.217,Stream stage,Y,0.88,0.88,ft,,,
2004-05-04,S001-727,07030004-508,Snake River,River/Stream,Aitkin,07030004,-93.240806,46.217,Dissolved oxygen (DO),Y,11.2,11.20,mg/L,,,
2004-05-04,S001-727,07030004-508,Snake River,River/Stream,Aitkin,07030004,-93.240806,46.217,pH,Y,7.54,7.54,None,,,
2004-05-04,S001-727,07030004-508,Snake River,River/Stream,Aitkin,07030004,-93.240806,46.217,Specific conductance,Y,61,61,uS/cm,,,
2004-05-04,S001-727,07030004-508,Snake River,River/Stream,Aitkin,07030004,-93.240806,46.217,"Temperature, water",Y,7.76,7.76,deg C,,,
2004-05-04,S001-727,07030004-508,Snake River,River/Stream,Aitkin,07030004,-93.240806,46.217,Chloride,Y,1.6,1.6,mg/L,0.6,0.2,mg/L
2004-05-04,S001-727,07030004-508,Snake River,River/Stream,Aitkin,07030004,-93.240806,46.217,Fecal Coliform,Y,10,10,/100mL,,,
2004-05-04,S001-727,07030004-508,Snake River,River/Stream,Aitkin,07030004,-93.240806,46.217,Phosphorus,Y,0.019,0.019,mg/L,0.007,0.002,mg/L
2004-05-04,S001-727,07030004-508,Snake River,River/Stream,Aitkin,07030004,-93.240806,46.217,Kjeldahl nitrogen,Y,0.7,0.7,mg/L,0.6,0.2,mg/L
2004-05-04,S001-727,07030004-508,Snake River,River/Stream,Aitkin,07030004,-93.240806,46.217,Orthophosphate,Y,0.001,0.001,mg/L,0.002,0.001,mg/L
2004-04-28,S001-727,07030004-508,Snake River,River/Stream,Aitkin,07030004,-93.240806,46.217,"Temperature, water",Y,6.7,6.7,deg C,,,
2004-04-28,S001-727,07030004-508,Snake River,River/Stream,Aitkin,07030004,-93.240806,46.217,Stream stage,Y,1.24,1.24,ft,,,
2004-04-28,S001-727,07030004-508,Snake River,River/Stream,Aitkin,07030004,-93.240806,46.217,Dissolved oxygen (DO),Y,11.88,11.88,mg/L,,,
2004-04-28,S001-727,07030004-508,Snake River,River/Stream,Aitkin,07030004,-93.240806,46.217,pH,Y,7.44,7.44,None,,,
2004-04-28,S001-727,07030004-508,Snake River,River/Stream,Aitkin,07030004,-93.240806,46.217,Specific conductance,Y,57,57,uS/cm,,,
2004-04-28,S001-727,07030004-508,Snake River,River/Stream,Aitkin,07030004,-93.240806,46.217,"Temperature, water",Y,6.68,6.68,deg C,,,
2004-04-28,S001-727,07030004-508,Snake River,River/Stream,Aitkin,07030004,-93.240806,46.217,Phosphorus,Y,0.02,0.02,mg/L,0.007,0.002,mg/L
2004-04-22,S001-727,07030004-508,Snake River,River/Stream,Aitkin,07030004,-93.240806,46.217,"Temperature, water",Y,3.73,3.73,deg C,,,
2004-04-22,S001-727,07030004-508,Snake River,River/Stream,Aitkin,07030004,-93.240806,46.217,"Temperature, water",Y,3.7,3.7,deg C,,,
2004-04-22,S001-727,07030004-508,Snake River,River/Stream,Aitkin,07030004,-93.240806,46.217,Dissolved oxygen (DO),Y,11.6,11.60,mg/L,,,
2004-04-22,S001-727,07030004-508,Snake River,River/Stream,Aitkin,07030004,-93.240806,46.217,pH,Y,6.87,6.87,None,,,
2004-04-22,S001-727,07030004-508,Snake River,River/Stream,Aitkin,07030004,-93.240806,46.217,Specific conductance,Y,61,61,uS/cm,,,
2004-04-22,S001-727,07030004-508,Snake River,River/Stream,Aitkin,07030004,-93.240806,46.217,Stream stage,Y,1.86,1.86,ft,,,
2004-04-22,S001-727,07030004-508,Snake River,River/Stream,Aitkin,07030004,-93.240806,46.217,Phosphorus,Y,0.035,0.035,mg/L,0.007,0.002,mg/L
2004-04-22,S001-727,07030004-508,Snake River,River/Stream,Aitkin,07030004,-93.240806,46.217,Orthophosphate,Y,0.004,0.004,mg/L,0.002,0.001,mg/L
2004-04-22,S001-727,07030004-508,Snake River,River/Stream,Aitkin,07030004,-93.240806,46.217,Kjeldahl nitrogen,Y,0.8,0.8,mg/L,0.6,0.2,mg/L
2004-04-14,S001-727,07030004-508,Snake River,River/Stream,Aitkin,07030004,-93.240806,46.217,"Temperature, water",Y,3.51,3.51,deg C,,,
2004-04-14,S001-727,07030004-508,Snake River,River/Stream,Aitkin,07030004,-93.240806,46.217,"Temperature, water",Y,3.5,3.5,deg C,,,
2004-04-14,S001-727,07030004-508,Snake River,River/Stream,Aitkin,07030004,-93.240806,46.217,Specific conductance,Y,60,60,uS/cm,,,
2004-04-14,S001-727,07030004-508,Snake River,River/Stream,Aitkin,07030004,-93.240806,46.217,Stream stage,Y,0.98,0.98,ft,,,
2004-04-14,S001-727,07030004-508,Snake River,River/Stream,Aitkin,07030004,-93.240806,46.217,pH,Y,7.04,7.04,None,,,
2004-04-14,S001-727,07030004-508,Snake River,River/Stream,Aitkin,07030004,-93.240806,46.217,Dissolved oxygen (DO),Y,13.27,13.27,mg/L,,,
2004-04-14,S001-727,07030004-508,Snake River,River/Stream,Aitkin,07030004,-93.240806,46.217,Phosphorus,Y,0.026,0.026,mg/L,0.007,0.002,mg/L
2004-04-05,S001-727,07030004-508,Snake River,River/Stream,Aitkin,07030004,-93.240806,46.217,Stream stage,Y,1.56,1.56,ft,,,
2004-04-05,S001-727,07030004-508,Snake River,River/Stream,Aitkin,07030004,-93.240806,46.217,"Temperature, water",Y,2.4,2.4,deg C,,,
2004-04-05,S001-727,07030004-508,Snake River,River/Stream,Aitkin,07030004,-93.240806,46.217,"Temperature, water",Y,2.41,2.41,deg C,,,
2004-04-05,S001-727,07030004-508,Snake River,River/Stream,Aitkin,07030004,-93.240806,46.217,Specific conductance,Y,57,57,uS/cm,,,
2004-04-05,S001-727,07030004-508,Snake River,River/Stream,Aitkin,07030004,-93.240806,46.217,pH,Y,7.17,7.17,None,,,
2004-04-05,S001-727,07030004-508,Snake River,River/Stream,Aitkin,07030004,-93.240806,46.217,Dissolved oxygen (DO),Y,10.57,10.57,mg/L,,,
2004-04-05,S001-727,07030004-508,Snake River,River/Stream,Aitkin,07030004,-93.240806,46.217,Fecal Coliform,N,,,,,1,/100mL
2004-04-05,S001-727,07030004-508,Snake River,River/Stream,Aitkin,07030004,-93.240806,46.217,Chloride,Y,1.7,1.7,mg/L,0.6,0.2,mg/L
2004-04-05,S001-727,07030004-508,Snake River,River/Stream,Aitkin,07030004,-93.240806,46.217,Phosphorus,Y,0.047,0.047,mg/L,0.007,0.002,mg/L
2004-04-05,S001-727,07030004-508,Snake River,River/Stream,Aitkin,07030004,-93.240806,46.217,Kjeldahl nitrogen,Y,0.9,0.9,mg/L,0.6,0.2,mg/L
2004-04-05,S001-727,07030004-508,Snake River,River/Stream,Aitkin,07030004,-93.240806,46.217,Orthophosphate,Y,0.004,0.004,mg/L,0.002,0.001,mg/L
2003-06-26,S001-727,07030004-508,Snake River,River/Stream,Aitkin,07030004,-93.240806,46.217,Kjeldahl nitrogen,Y,1.4,1.4,mg/L,,,
2003-06-26,S001-727,07030004-508,Snake River,River/Stream,Aitkin,07030004,-93.240806,46.217,Orthophosphate,Y,0.008,0.008,mg/L,,,
2003-06-26,S001-727,07030004-508,Snake River,River/Stream,Aitkin,07030004,-93.240806,46.217,Phosphorus,Y,0.045,0.045,mg/L,,,
2003-06-26,S001-727,07030004-508,Snake River,River/Stream,Aitkin,07030004,-93.240806,46.217,Chloride,Y,0.9,0.9,mg/L,,,
2002-11-06,S001-727,07030004-508,Snake River,River/Stream,Aitkin,07030004,-93.240806,46.217,Chloride,Y,2.5,2.5,mg/L,,,
2002-11-06,S001-727,07030004-508,Snake River,River/Stream,Aitkin,07030004,-93.240806,46.217,"Temperature, water",Y,1.8,1.8,deg C,,,
2002-11-06,S001-727,07030004-508,Snake River,River/Stream,Aitkin,07030004,-93.240806,46.217,Dissolved oxygen (DO),Y,5.04,5.04,mg/L,,,
2002-11-06,S001-727,07030004-508,Snake River,River/Stream,Aitkin,07030004,-93.240806,46.217,Gage height,Y,0.58,0.58,ft,,,
2002-11-06,S001-727,07030004-508,Snake River,River/Stream,Aitkin,07030004,-93.240806,46.217,Kjeldahl nitrogen,Y,0.8,0.8,mg/L,,,
2002-11-06,S001-727,07030004-508,Snake River,River/Stream,Aitkin,07030004,-93.240806,46.217,Orthophosphate,Y,0.005,0.005,mg/L,,,
2002-11-06,S001-727,07030004-508,Snake River,River/Stream,Aitkin,07030004,-93.240806,46.217,Phosphorus,Y,0.023,0.023,mg/L,,,
2002-10-15,S001-727,07030004-508,Snake River,River/Stream,Aitkin,07030004,-93.240806,46.217,Dissolved oxygen (DO),Y,6.64,6.64,mg/L,,,
2002-10-15,S001-727,07030004-508,Snake River,River/Stream,Aitkin,07030004,-93.240806,46.217,Specific conductance,Y,63.7,63.7,uS/cm,,,
2002-10-15,S001-727,07030004-508,Snake River,River/Stream,Aitkin,07030004,-93.240806,46.217,Gage height,Y,0.88,0.88,ft,,,
2002-10-15,S001-727,07030004-508,Snake River,River/Stream,Aitkin,07030004,-93.240806,46.217,"Temperature, water",Y,7.2,7.2,deg C,,,
2002-10-15,S001-727,07030004-508,Snake River,River/Stream,Aitkin,07030004,-93.240806,46.217,Kjeldahl nitrogen,Y,0.9,0.9,mg/L,,,
2002-10-15,S001-727,07030004-508,Snake River,River/Stream,Aitkin,07030004,-93.240806,46.217,Orthophosphate,Y,0.004,0.004,mg/L,,,
2002-10-15,S001-727,07030004-508,Snake River,River/Stream,Aitkin,07030004,-93.240806,46.217,Phosphorus,Y,0.027,0.027,mg/L,,,
2002-10-15,S001-727,07030004-508,Snake River,River/Stream,Aitkin,07030004,-93.240806,46.217,Chloride,Y,1.6,1.6,mg/L,,,
2002-09-23,S001-727,07030004-508,Snake River,River/Stream,Aitkin,07030004,-93.240806,46.217,Dissolved oxygen (DO),Y,8.01,8.01,mg/L,,,
2002-09-23,S001-727,07030004-508,Snake River,River/Stream,Aitkin,07030004,-93.240806,46.217,Chloride,Y,4,4,mg/L,,,
2002-09-23,S001-727,07030004-508,Snake River,River/Stream,Aitkin,07030004,-93.240806,46.217,Gage height,Y,0.4,0.4,ft,,,
2002-09-23,S001-727,07030004-508,Snake River,River/Stream,Aitkin,07030004,-93.240806,46.217,"Temperature, water",Y,11.2,11.2,deg C,,,
2002-09-23,S001-727,07030004-508,Snake River,River/Stream,Aitkin,07030004,-93.240806,46.217,Kjeldahl nitrogen,Y,1.4,1.4,mg/L,,,
2002-09-23,S001-727,07030004-508,Snake River,River/Stream,Aitkin,07030004,-93.240806,46.217,Orthophosphate,Y,0.02,0.020,mg/L,,,
2002-09-23,S001-727,07030004-508,Snake River,River/Stream,Aitkin,07030004,-93.240806,46.217,Phosphorus,Y,0.06,0.060,mg/L,,,
2002-09-23,S001-727,07030004-508,Snake River,River/Stream,Aitkin,07030004,-93.240806,46.217,Specific conductance,Y,112.9,112.9,uS/cm,,,
2002-08-13,S001-727,07030004-508,Snake River,River/Stream,Aitkin,07030004,-93.240806,46.217,Dissolved oxygen (DO),Y,3.49,3.49,mg/L,,,
2002-08-13,S001-727,07030004-508,Snake River,River/Stream,Aitkin,07030004,-93.240806,46.217,Specific conductance,Y,90.7,90.7,uS/cm,,,
2002-08-13,S001-727,07030004-508,Snake River,River/Stream,Aitkin,07030004,-93.240806,46.217,Gage height,Y,0.98,0.98,ft,,,
2002-08-13,S001-727,07030004-508,Snake River,River/Stream,Aitkin,07030004,-93.240806,46.217,Chloride,Y,2.1,2.1,mg/L,,,
2002-08-13,S001-727,07030004-508,Snake River,River/Stream,Aitkin,07030004,-93.240806,46.217,"Temperature, water",Y,19.3,19.3,deg C,,,
2002-08-13,S001-727,07030004-508,Snake River,River/Stream,Aitkin,07030004,-93.240806,46.217,Phosphorus,Y,0.082,0.082,mg/L,,,
2002-07-10,S001-727,07030004-508,Snake River,River/Stream,Aitkin,07030004,-93.240806,46.217,Chloride,Y,1.4,1.4,mg/L,,,
2002-07-10,S001-727,07030004-508,Snake River,River/Stream,Aitkin,07030004,-93.240806,46.217,Kjeldahl nitrogen,Y,1.5,1.5,mg/L,,,
2002-07-10,S001-727,07030004-508,Snake River,River/Stream,Aitkin,07030004,-93.240806,46.217,Orthophosphate,Y,0.02,0.020,mg/L,,,
2002-07-10,S001-727,07030004-508,Snake River,River/Stream,Aitkin,07030004,-93.240806,46.217,Phosphorus,Y,0.083,0.083,mg/L,,,
2002-06-19,S001-727,07030004-508,Snake River,River/Stream,Aitkin,07030004,-93.240806,46.217,"Temperature, water",Y,21,21,deg C,,,
2002-06-19,S001-727,07030004-508,Snake River,River/Stream,Aitkin,07030004,-93.240806,46.217,Gage height,Y,0.1,0.1,ft,,,
2002-06-19,S001-727,07030004-508,Snake River,River/Stream,Aitkin,07030004,-93.240806,46.217,Dissolved oxygen (DO),Y,2.83,2.83,mg/L,,,
2002-06-19,S001-727,07030004-508,Snake River,River/Stream,Aitkin,07030004,-93.240806,46.217,Specific conductance,Y,100.6,100.6,uS/cm,,,
2002-06-19,S001-727,07030004-508,Snake River,River/Stream,Aitkin,07030004,-93.240806,46.217,Phosphorus,Y,0.064,0.064,mg/L,,,
2002-06-03,S001-727,07030004-508,Snake River,River/Stream,Aitkin,07030004,-93.240806,46.217,Orthophosphate,Y,0.01,0.010,mg/L,,,
2002-06-03,S001-727,07030004-508,Snake River,River/Stream,Aitkin,07030004,-93.240806,46.217,Chloride,Y,3.2,3.2,mg/L,,,
2002-06-03,S001-727,07030004-508,Snake River,River/Stream,Aitkin,07030004,-93.240806,46.217,Gage height,Y,0.42,0.42,ft,,,
2002-06-03,S001-727,07030004-508,Snake River,River/Stream,Aitkin,07030004,-93.240806,46.217,"Temperature, water",Y,14.5,14.5,deg C,,,
2002-06-03,S001-727,07030004-508,Snake River,River/Stream,Aitkin,07030004,-93.240806,46.217,Kjeldahl nitrogen,Y,1.3,1.3,mg/L,,,
2002-06-03,S001-727,07030004-508,Snake River,River/Stream,Aitkin,07030004,-93.240806,46.217,Phosphorus,Y,0.046,0.046,mg/L,,,
2002-05-21,S001-727,07030004-508,Snake River,River/Stream,Aitkin,07030004,-93.240806,46.217,Gage height,Y,1.2,1.2,ft,,,
2002-05-21,S001-727,07030004-508,Snake River,River/Stream,Aitkin,07030004,-93.240806,46.217,Orthophosphate,Y,0.001,0.001,mg/L,,,
2002-05-21,S001-727,07030004-508,Snake River,River/Stream,Aitkin,07030004,-93.240806,46.217,Kjeldahl nitrogen,Y,1,1.0,mg/L,,,
2002-05-21,S001-727,07030004-508,Snake River,River/Stream,Aitkin,07030004,-93.240806,46.217,Phosphorus,Y,0.022,0.022,mg/L,,,
2002-05-09,S001-727,07030004-508,Snake River,River/Stream,Aitkin,07030004,-93.240806,46.217,Gage height,Y,2.26,2.26,ft,,,
2002-05-09,S001-727,07030004-508,Snake River,River/Stream,Aitkin,07030004,-93.240806,46.217,Phosphorus,Y,0.035,0.035,mg/L,,,
2002-05-01,S001-727,07030004-508,Snake River,River/Stream,Aitkin,07030004,-93.240806,46.217,Phosphorus,Y,0.022,0.022,mg/L,,,
2002-05-01,S001-727,07030004-508,Snake River,River/Stream,Aitkin,07030004,-93.240806,46.217,Orthophosphate,Y,0.003,0.003,mg/L,,,
2002-05-01,S001-727,07030004-508,Snake River,River/Stream,Aitkin,07030004,-93.240806,46.217,Kjeldahl nitrogen,Y,0.9,0.9,mg/L,,,
2002-05-01,S001-727,07030004-508,Snake River,River/Stream,Aitkin,07030004,-93.240806,46.217,Gage height,Y,1.4,1.4,ft,,,
2002-04-24,S001-727,07030004-508,Snake River,River/Stream,Aitkin,07030004,-93.240806,46.217,Phosphorus,Y,0.036,0.036,mg/L,,,
2002-04-22,S001-727,07030004-508,Snake River,River/Stream,Aitkin,07030004,-93.240806,46.217,Gage height,Y,1.68,1.68,ft,,,
2002-04-17,S001-727,07030004-508,Snake River,River/Stream,Aitkin,07030004,-93.240806,46.217,Orthophosphate,Y,0.006,0.006,mg/L,,,
2002-04-17,S001-727,07030004-508,Snake River,River/Stream,Aitkin,07030004,-93.240806,46.217,Phosphorus,Y,0.067,0.067,mg/L,,,
2002-04-17,S001-727,07030004-508,Snake River,River/Stream,Aitkin,07030004,-93.240806,46.217,Chloride,Y,2.1,2.1,mg/L,,,
2002-04-17,S001-727,07030004-508,Snake River,River/Stream,Aitkin,07030004,-93.240806,46.217,Gage height,Y,2.48,2.48,ft,,,
2002-04-17,S001-727,07030004-508,Snake River,River/Stream,Aitkin,07030004,-93.240806,46.217,Kjeldahl nitrogen,Y,1.3,1.3,mg/L,,,
2002-04-09,S001-727,07030004-508,Snake River,River/Stream,Aitkin,07030004,-93.240806,46.217,Gage height,Y,1.3,1.3,ft,,,
2002-04-09,S001-727,07030004-508,Snake River,River/Stream,Aitkin,07030004,-93.240806,46.217,Phosphorus,Y,0.085,0.085,mg/L,,,
2001-11-28,S001-727,07030004-508,Snake River,River/Stream,Aitkin,07030004,-93.240806,46.217,Chloride,Y,5,5,mg/L,,,
2001-11-28,S001-727,07030004-508,Snake River,River/Stream,Aitkin,07030004,-93.240806,46.217,Kjeldahl nitrogen,Y,0.8,0.8,mg/L,,,
2001-11-28,S001-727,07030004-508,Snake River,River/Stream,Aitkin,07030004,-93.240806,46.217,Orthophosphate,Y,0.009,0.009,mg/L,,,
2001-11-28,S001-727,07030004-508,Snake River,River/Stream,Aitkin,07030004,-93.240806,46.217,Phosphorus,Y,0.039,0.039,mg/L,,,
2001-11-28,S001-727,07030004-508,Snake River,River/Stream,Aitkin,07030004,-93.240806,46.217,Ammonia-nitrogen,N,,,,,0.02,mg/L
2001-11-09,S001-727,07030004-508,Snake River,River/Stream,Aitkin,07030004,-93.240806,46.217,Phosphorus,Y,0.032,0.032,mg/L,,,
2001-10-08,S001-727,07030004-508,Snake River,River/Stream,Aitkin,07030004,-93.240806,46.217,Chloride,Y,10.9,10.9,mg/L,,,
2001-10-08,S001-727,07030004-508,Snake River,River/Stream,Aitkin,07030004,-93.240806,46.217,Phosphorus,Y,0.025,0.025,mg/L,,,
2001-10-08,S001-727,07030004-508,Snake River,River/Stream,Aitkin,07030004,-93.240806,46.217,Orthophosphate,Y,0.004,0.004,mg/L,,,
2001-09-10,S001-727,07030004-508,Snake River,River/Stream,Aitkin,07030004,-93.240806,46.217,Phosphorus,Y,0.025,0.025,mg/L,,,
2001-09-10,S001-727,07030004-508,Snake River,River/Stream,Aitkin,07030004,-93.240806,46.217,Chloride,Y,6.4,6.4,mg/L,,,
2001-08-15,S001-727,07030004-508,Snake River,River/Stream,Aitkin,07030004,-93.240806,46.217,Phosphorus,Y,0.043,0.043,mg/L,,,
2001-07-30,S001-727,07030004-508,Snake River,River/Stream,Aitkin,07030004,-93.240806,46.217,Phosphorus,Y,0.055,0.055,mg/L,,,
2001-07-18,S001-727,07030004-508,Snake River,River/Stream,Aitkin,07030004,-93.240806,46.217,Phosphorus,Y,0.079,0.079,mg/L,,,
2001-06-18,S001-727,07030004-508,Snake River,River/Stream,Aitkin,07030004,-93.240806,46.217,Phosphorus,Y,0.038,0.038,mg/L,,,
2001-06-04,S001-727,07030004-508,Snake River,River/Stream,Aitkin,07030004,-93.240806,46.217,Phosphorus,Y,0.028,0.028,mg/L,,,
2001-05-14,S001-727,07030004-508,Snake River,River/Stream,Aitkin,07030004,-93.240806,46.217,Ammonia-nitrogen,Y,0.03,0.03,mg/L,,0.02,mg/L
2001-05-14,S001-727,07030004-508,Snake River,River/Stream,Aitkin,07030004,-93.240806,46.217,Phosphorus,Y,0.025,0.025,mg/L,,,
2001-05-14,S001-727,07030004-508,Snake River,River/Stream,Aitkin,07030004,-93.240806,46.217,Kjeldahl nitrogen,Y,0.8,0.8,mg/L,,,
2001-05-14,S001-727,07030004-508,Snake River,River/Stream,Aitkin,07030004,-93.240806,46.217,Orthophosphate,Y,0.005,0.005,mg/L,,,
2001-04-30,S001-727,07030004-508,Snake River,River/Stream,Aitkin,07030004,-93.240806,46.217,Phosphorus,Y,0.025,0.025,mg/L,,,
2001-04-30,S001-727,07030004-508,Snake River,River/Stream,Aitkin,07030004,-93.240806,46.217,Orthophosphate,Y,0.003,0.003,mg/L,,,
2001-04-23,S001-727,07030004-508,Snake River,River/Stream,Aitkin,07030004,-93.240806,46.217,Phosphorus,Y,0.052,0.052,mg/L,,,
2001-04-18,S001-727,07030004-508,Snake River,River/Stream,Aitkin,07030004,-93.240806,46.217,Phosphorus,Y,0.036,0.036,mg/L,,,
2001-04-09,S001-727,07030004-508,Snake River,River/Stream,Aitkin,07030004,-93.240806,46.217,Ammonia-nitrogen,Y,0.04,0.04,mg/L,,0.02,mg/L
2001-04-09,S001-727,07030004-508,Snake River,River/Stream,Aitkin,07030004,-93.240806,46.217,Phosphorus,Y,0.059,0.059,mg/L,,,
2001-04-09,S001-727,07030004-508,Snake River,River/Stream,Aitkin,07030004,-93.240806,46.217,Orthophosphate,Y,0.009,0.009,mg/L,,,
2001-04-09,S001-727,07030004-508,Snake River,River/Stream,Aitkin,07030004,-93.240806,46.217,Kjeldahl nitrogen,Y,0.7,0.7,mg/L,,,
1999-11-17,S001-727,07030004-508,Snake River,River/Stream,Aitkin,07030004,-93.240806,46.217,Phosphorus,Y,0.027,0.027,mg/L,,,
1999-11-17,S001-727,07030004-508,Snake River,River/Stream,Aitkin,07030004,-93.240806,46.217,Orthophosphate,Y,0.005,0.005,mg/L,,,
1999-11-01,S001-727,07030004-508,Snake River,River/Stream,Aitkin,07030004,-93.240806,46.217,Kjeldahl nitrogen,Y,0.7,0.7,mg/L,,,
1999-11-01,S001-727,07030004-508,Snake River,River/Stream,Aitkin,07030004,-93.240806,46.217,Ammonia-nitrogen,N,,,,,0.02,mg/L
1999-11-01,S001-727,07030004-508,Snake River,River/Stream,Aitkin,07030004,-93.240806,46.217,Fecal Coliform,Y,58,58,/100mL,,,
1999-11-01,S001-727,07030004-508,Snake River,River/Stream,Aitkin,07030004,-93.240806,46.217,Phosphorus,Y,0.041,0.041,mg/L,,,
1999-11-01,S001-727,07030004-508,Snake River,River/Stream,Aitkin,07030004,-93.240806,46.217,Orthophosphate,Y,0.008,0.008,mg/L,,,
1999-10-13,S001-727,07030004-508,Snake River,River/Stream,Aitkin,07030004,-93.240806,46.217,Orthophosphate,Y,0.008,0.008,mg/L,,,
1999-10-13,S001-727,07030004-508,Snake River,River/Stream,Aitkin,07030004,-93.240806,46.217,Phosphorus,Y,0.028,0.028,mg/L,,,
1999-09-15,S001-727,07030004-508,Snake River,River/Stream,Aitkin,07030004,-93.240806,46.217,Phosphorus,Y,0.049,0.049,mg/L,,,
1999-09-15,S001-727,07030004-508,Snake River,River/Stream,Aitkin,07030004,-93.240806,46.217,Orthophosphate,Y,0.002,0.002,mg/L,,,
1999-08-25,S001-727,07030004-508,Snake River,River/Stream,Aitkin,07030004,-93.240806,46.217,Phosphorus,Y,0.065,0.065,mg/L,,,
1999-08-25,S001-727,07030004-508,Snake River,River/Stream,Aitkin,07030004,-93.240806,46.217,Orthophosphate,Y,0.019,0.019,mg/L,,,
1999-08-09,S001-727,07030004-508,Snake River,River/Stream,Aitkin,07030004,-93.240806,46.217,Orthophosphate,Y,0.019,0.019,mg/L,,,
1999-08-09,S001-727,07030004-508,Snake River,River/Stream,Aitkin,07030004,-93.240806,46.217,Phosphorus,Y,0.047,0.047,mg/L,,,
1999-07-19,S001-727,07030004-508,Snake River,River/Stream,Aitkin,07030004,-93.240806,46.217,Orthophosphate,Y,0.026,0.026,mg/L,,,
1999-07-19,S001-727,07030004-508,Snake River,River/Stream,Aitkin,07030004,-93.240806,46.217,Phosphorus,Y,0.073,0.073,mg/L,,,
1999-06-07,S001-727,07030004-508,Snake River,River/Stream,Aitkin,07030004,-93.240806,46.217,Orthophosphate,Y,0.005,0.005,mg/L,,,
1999-06-07,S001-727,07030004-508,Snake River,River/Stream,Aitkin,07030004,-93.240806,46.217,Phosphorus,Y,0.047,0.047,mg/L,,,
1999-05-14,S001-727,07030004-508,Snake River,River/Stream,Aitkin,07030004,-93.240806,46.217,Phosphorus,Y,0.025,0.025,mg/L,,,
1999-05-14,S001-727,07030004-508,Snake River,River/Stream,Aitkin,07030004,-93.240806,46.217,Orthophosphate,Y,0.003,0.003,mg/L,,,
1999-05-06,S001-727,07030004-508,Snake River,River/Stream,Aitkin,07030004,-93.240806,46.217,Orthophosphate,Y,0.006,0.006,mg/L,,,
1999-05-06,S001-727,07030004-508,Snake River,River/Stream,Aitkin,07030004,-93.240806,46.217,Phosphorus,Y,0.042,0.042,mg/L,,,
1999-05-06,S001-727,07030004-508,Snake River,River/Stream,Aitkin,07030004,-93.240806,46.217,Kjeldahl nitrogen,Y,1.1,1.1,mg/L,,,
1999-05-06,S001-727,07030004-508,Snake River,River/Stream,Aitkin,07030004,-93.240806,46.217,Ammonia-nitrogen,Y,0.04,0.04,mg/L,,0.02,mg/L
1999-04-30,S001-727,07030004-508,Snake River,River/Stream,Aitkin,07030004,-93.240806,46.217,Phosphorus,Y,0.022,0.022,mg/L,,,
1999-04-30,S001-727,07030004-508,Snake River,River/Stream,Aitkin,07030004,-93.240806,46.217,Orthophosphate,Y,0.006,0.006,mg/L,,,
1999-04-17,S001-727,07030004-508,Snake River,River/Stream,Aitkin,07030004,-93.240806,46.217,Orthophosphate,Y,0.003,0.003,mg/L,,,
1999-04-17,S001-727,07030004-508,Snake River,River/Stream,Aitkin,07030004,-93.240806,46.217,Phosphorus,Y,0.027,0.027,mg/L,,,
1999-04-12,S001-727,07030004-508,Snake River,River/Stream,Aitkin,07030004,-93.240806,46.217,Orthophosphate,Y,0.003,0.003,mg/L,,,
1999-04-12,S001-727,07030004-508,Snake River,River/Stream,Aitkin,07030004,-93.240806,46.217,Phosphorus,Y,0.033,0.033,mg/L,,,
1999-04-06,S001-727,07030004-508,Snake River,River/Stream,Aitkin,07030004,-93.240806,46.217,Ammonia-nitrogen,Y,0.04,0.04,mg/L,,0.02,mg/L
1999-04-06,S001-727,07030004-508,Snake River,River/Stream,Aitkin,07030004,-93.240806,46.217,Phosphorus,Y,0.059,0.059,mg/L,,,
1999-04-06,S001-727,07030004-508,Snake River,River/Stream,Aitkin,07030004,-93.240806,46.217,Orthophosphate,Y,0.005,0.005,mg/L,,,
1999-04-06,S001-727,07030004-508,Snake River,River/Stream,Aitkin,07030004,-93.240806,46.217,Kjeldahl nitrogen,Y,1.2,1.2,mg/L,,,
1998-11-16,S001-727,07030004-508,Snake River,River/Stream,Aitkin,07030004,-93.240806,46.217,Orthophosphate,Y,0.006,0.006,mg/L,,,
1998-11-16,S001-727,07030004-508,Snake River,River/Stream,Aitkin,07030004,-93.240806,46.217,Phosphorus,Y,0.029,0.029,mg/L,,,
1998-11-16,S001-727,07030004-508,Snake River,River/Stream,Aitkin,07030004,-93.240806,46.217,Kjeldahl nitrogen,Y,1,1.0,mg/L,,,
1998-11-16,S001-727,07030004-508,Snake River,River/Stream,Aitkin,07030004,-93.240806,46.217,Ammonia-nitrogen,Y,0.06,0.06,mg/L,,0.02,mg/L
1998-08-14,S001-727,07030004-508,Snake River,River/Stream,Aitkin,07030004,-93.240806,46.217,Ammonia-nitrogen,Y,0.02,0.02,mg/L,,0.02,mg/L
1998-08-14,S001-727,07030004-508,Snake River,River/Stream,Aitkin,07030004,-93.240806,46.217,Kjeldahl nitrogen,Y,1.2,1.2,mg/L,,,
1998-08-14,S001-727,07030004-508,Snake River,River/Stream,Aitkin,07030004,-93.240806,46.217,Orthophosphate,Y,0.017,0.017,mg/L,,,
1998-08-14,S001-727,07030004-508,Snake River,River/Stream,Aitkin,07030004,-93.240806,46.217,Phosphorus,Y,0.047,0.047,mg/L,,,
1998-07-07,S001-727,07030004-508,Snake River,River/Stream,Aitkin,07030004,-93.240806,46.217,Phosphorus,Y,0.07,0.070,mg/L,,,
1998-07-07,S001-727,07030004-508,Snake River,River/Stream,Aitkin,07030004,-93.240806,46.217,Kjeldahl nitrogen,Y,1.4,1.4,mg/L,,,
1998-07-07,S001-727,07030004-508,Snake River,River/Stream,Aitkin,07030004,-93.240806,46.217,Ammonia-nitrogen,Y,0.03,0.03,mg/L,,0.02,mg/L
1998-07-07,S001-727,07030004-508,Snake River,River/Stream,Aitkin,07030004,-93.240806,46.217,Orthophosphate,Y,0.023,0.023,mg/L,,,
1998-06-22,S001-727,07030004-508,Snake River,River/Stream,Aitkin,07030004,-93.240806,46.217,Orthophosphate,Y,0.013,0.013,mg/L,,,
1998-06-22,S001-727,07030004-508,Snake River,River/Stream,Aitkin,07030004,-93.240806,46.217,Kjeldahl nitrogen,Y,1.4,1.4,mg/L,,,
1998-06-22,S001-727,07030004-508,Snake River,River/Stream,Aitkin,07030004,-93.240806,46.217,Phosphorus,Y,0.049,0.049,mg/L,,,
1998-06-22,S001-727,07030004-508,Snake River,River/Stream,Aitkin,07030004,-93.240806,46.217,Ammonia-nitrogen,Y,0.03,0.03,mg/L,,0.02,mg/L
2018-09-05,S004-067,07030004-523,SNAKE R,River/Stream,Kanabec,07030004,-93.221536,46.125256,Specific conductance,Y,98.4,98.4,uS/cm,,,
2018-09-05,S004-067,07030004-523,SNAKE R,River/Stream,Kanabec,07030004,-93.221536,46.125256,"Temperature, water",Y,19.1,19.1,deg C,,,
2018-09-05,S004-067,07030004-523,SNAKE R,River/Stream,Kanabec,07030004,-93.221536,46.125256,Phosphorus,Y,0.057,0.057,mg/L,0.003,0.001,mg/L
2018-09-05,S004-067,07030004-523,SNAKE R,River/Stream,Kanabec,07030004,-93.221536,46.125256,Dissolved oxygen (DO),Y,8.67,8.67,mg/L,,,
2018-09-05,S004-067,07030004-523,SNAKE R,River/Stream,Kanabec,07030004,-93.221536,46.125256,pH,Y,7.54,7.54,None,,,
2018-08-07,S004-067,07030004-523,SNAKE R,River/Stream,Kanabec,07030004,-93.221536,46.125256,Dissolved oxygen (DO),Y,8.48,8.48,mg/L,,,
2018-08-07,S004-067,07030004-523,SNAKE R,River/Stream,Kanabec,07030004,-93.221536,46.125256,pH,Y,7.25,7.25,None,,,
2018-08-07,S004-067,07030004-523,SNAKE R,River/Stream,Kanabec,07030004,-93.221536,46.125256,Specific conductance,Y,83.6,83.6,uS/cm,,,
2018-08-07,S004-067,07030004-523,SNAKE R,River/Stream,Kanabec,07030004,-93.221536,46.125256,Phosphorus,Y,0.043,0.043,mg/L,0.003,0.001,mg/L
2018-08-07,S004-067,07030004-523,SNAKE R,River/Stream,Kanabec,07030004,-93.221536,46.125256,"Temperature, water",Y,20,20.0,deg C,,,
2018-07-11,S004-067,07030004-523,SNAKE R,River/Stream,Kanabec,07030004,-93.221536,46.125256,Phosphorus,Y,0.062,0.062,mg/L,0.003,0.001,mg/L
2018-07-11,S004-067,07030004-523,SNAKE R,River/Stream,Kanabec,07030004,-93.221536,46.125256,"Temperature, water",Y,23.3,23.3,deg C,,,
2018-07-11,S004-067,07030004-523,SNAKE R,River/Stream,Kanabec,07030004,-93.221536,46.125256,Specific conductance,Y,100.1,100.1,uS/cm,,,
2018-07-11,S004-067,07030004-523,SNAKE R,River/Stream,Kanabec,07030004,-93.221536,46.125256,Dissolved oxygen (DO),Y,7.96,7.96,mg/L,,,
2018-07-11,S004-067,07030004-523,SNAKE R,River/Stream,Kanabec,07030004,-93.221536,46.125256,pH,Y,7.43,7.43,None,,,
2018-06-05,S004-067,07030004-523,SNAKE R,River/Stream,Kanabec,07030004,-93.221536,46.125256,"Temperature, water",Y,15.7,15.7,deg C,,,
2018-06-05,S004-067,07030004-523,SNAKE R,River/Stream,Kanabec,07030004,-93.221536,46.125256,Specific conductance,Y,60.1,60.1,uS/cm,,,
2018-06-05,S004-067,07030004-523,SNAKE R,River/Stream,Kanabec,07030004,-93.221536,46.125256,pH,Y,6.95,6.95,None,,,
2018-06-05,S004-067,07030004-523,SNAKE R,River/Stream,Kanabec,07030004,-93.221536,46.125256,Dissolved oxygen (DO),Y,8.96,8.96,mg/L,,,
2018-06-05,S004-067,07030004-523,SNAKE R,River/Stream,Kanabec,07030004,-93.221536,46.125256,Phosphorus,Y,0.034,0.034,mg/L,0.003,0.001,mg/L
2018-05-09,S004-067,07030004-523,SNAKE R,River/Stream,Kanabec,07030004,-93.221536,46.125256,"Temperature, water",Y,11.3,11.3,deg C,,,
2018-05-09,S004-067,07030004-523,SNAKE R,River/Stream,Kanabec,07030004,-93.221536,46.125256,Specific conductance,Y,61.1,61.1,uS/cm,,,
2018-05-09,S004-067,07030004-523,SNAKE R,River/Stream,Kanabec,07030004,-93.221536,46.125256,Dissolved oxygen (DO),Y,10.08,10.08,mg/L,,,
2018-05-09,S004-067,07030004-523,SNAKE R,River/Stream,Kanabec,07030004,-93.221536,46.125256,Chloride,Y,2.27,2.27,mg/L,0.5,0.15,mg/L
2018-05-09,S004-067,07030004-523,SNAKE R,River/Stream,Kanabec,07030004,-93.221536,46.125256,Phosphorus,Y,0.031,0.031,mg/L,0.003,0.001,mg/L
2018-05-09,S004-067,07030004-523,SNAKE R,River/Stream,Kanabec,07030004,-93.221536,46.125256,"Hardness, carbonate",Y,29.1,29.1,mg/L,5,2.13,mg/L
2018-05-09,S004-067,07030004-523,SNAKE R,River/Stream,Kanabec,07030004,-93.221536,46.125256,pH,Y,7.28,7.28,None,,,
2017-09-13,S004-067,07030004-523,SNAKE R,River/Stream,Kanabec,07030004,-93.221536,46.125256,Specific conductance,Y,106.3,106.3,uS/cm,,,
2017-09-13,S004-067,07030004-523,SNAKE R,River/Stream,Kanabec,07030004,-93.221536,46.125256,Dissolved oxygen (DO),Y,8.8,8.80,mg/L,,,
2017-09-13,S004-067,07030004-523,SNAKE R,River/Stream,Kanabec,07030004,-93.221536,46.125256,Phosphorus,Y,0.042,0.042,mg/L,0.003,0.001,mg/L
2017-09-13,S004-067,07030004-523,SNAKE R,River/Stream,Kanabec,07030004,-93.221536,46.125256,"Temperature, water",Y,19,19.00,deg C,,,
2017-09-13,S004-067,07030004-523,SNAKE R,River/Stream,Kanabec,07030004,-93.221536,46.125256,pH,Y,7.67,7.67,None,,,
2017-08-09,S004-067,07030004-523,SNAKE R,River/Stream,Kanabec,07030004,-93.221536,46.125256,pH,Y,7.59,7.59,None,,,
2017-08-09,S004-067,07030004-523,SNAKE R,River/Stream,Kanabec,07030004,-93.221536,46.125256,"Temperature, water",Y,20.2,20.20,deg C,,,
2017-08-09,S004-067,07030004-523,SNAKE R,River/Stream,Kanabec,07030004,-93.221536,46.125256,Specific conductance,Y,91,91,uS/cm,,,
2017-08-09,S004-067,07030004-523,SNAKE R,River/Stream,Kanabec,07030004,-93.221536,46.125256,Dissolved oxygen (DO),Y,8.46,8.46,mg/L,,,
2017-08-09,S004-067,07030004-523,SNAKE R,River/Stream,Kanabec,07030004,-93.221536,46.125256,Phosphorus,Y,0.048,0.048,mg/L,0.003,0.001,mg/L
2017-07-06,S004-067,07030004-523,SNAKE R,River/Stream,Kanabec,07030004,-93.221536,46.125256,"Temperature, water",Y,19.03,19.03,deg C,,,
2017-07-06,S004-067,07030004-523,SNAKE R,River/Stream,Kanabec,07030004,-93.221536,46.125256,Phosphorus,Y,0.158,0.158,mg/L,0.003,0.001,mg/L
2017-07-06,S004-067,07030004-523,SNAKE R,River/Stream,Kanabec,07030004,-93.221536,46.125256,Phosphorus,Y,0.16,0.16,mg/L,0.003,0.001,mg/L
2017-07-06,S004-067,07030004-523,SNAKE R,River/Stream,Kanabec,07030004,-93.221536,46.125256,Specific conductance,Y,58,58,uS/cm,,,
2017-07-06,S004-067,07030004-523,SNAKE R,River/Stream,Kanabec,07030004,-93.221536,46.125256,pH,Y,8.08,8.08,None,,,
2017-07-06,S004-067,07030004-523,SNAKE R,River/Stream,Kanabec,07030004,-93.221536,46.125256,Dissolved oxygen (DO),Y,7.65,7.65,mg/L,,,
2017-06-06,S004-067,07030004-523,SNAKE R,River/Stream,Kanabec,07030004,-93.221536,46.125256,Phosphorus,Y,0.038,0.038,mg/L,0.003,0.001,mg/L
2017-06-06,S004-067,07030004-523,SNAKE R,River/Stream,Kanabec,07030004,-93.221536,46.125256,"Temperature, water",Y,19.8,19.80,deg C,,,
2017-06-06,S004-067,07030004-523,SNAKE R,River/Stream,Kanabec,07030004,-93.221536,46.125256,Specific conductance,Y,74.7,74.7,uS/cm,,,
2017-06-06,S004-067,07030004-523,SNAKE R,River/Stream,Kanabec,07030004,-93.221536,46.125256,pH,Y,7.86,7.86,None,,,
2017-06-06,S004-067,07030004-523,SNAKE R,River/Stream,Kanabec,07030004,-93.221536,46.125256,Dissolved oxygen (DO),Y,8.39,8.39,mg/L,,,
2017-05-09,S004-067,07030004-523,SNAKE R,River/Stream,Kanabec,07030004,-93.221536,46.125256,"Hardness, carbonate",Y,27.5,27.5,mg/L,5,2.26,mg/L
2017-05-09,S004-067,07030004-523,SNAKE R,River/Stream,Kanabec,07030004,-93.221536,46.125256,Phosphorus,Y,0.024,0.024,mg/L,0.003,0.001,mg/L
2017-05-09,S004-067,07030004-523,SNAKE R,River/Stream,Kanabec,07030004,-93.221536,46.125256,"Temperature, water",Y,13.2,13.20,deg C,,,
2017-05-09,S004-067,07030004-523,SNAKE R,River/Stream,Kanabec,07030004,-93.221536,46.125256,Dissolved oxygen (DO),Y,10.07,10.07,mg/L,,,
2017-05-09,S004-067,07030004-523,SNAKE R,River/Stream,Kanabec,07030004,-93.221536,46.125256,Specific conductance,Y,56.1,56.1,uS/cm,,,
2017-05-09,S004-067,07030004-523,SNAKE R,River/Stream,Kanabec,07030004,-93.221536,46.125256,Chloride,Y,2.04,2.04,mg/L,0.5,0.166,mg/L
2009-10-07,S004-067,07030004-523,SNAKE R,River/Stream,Kanabec,07030004,-93.221536,46.125256,Kjeldahl nitrogen,Y,0.9,0.9,mg/L,0.6,0.2,mg/L
2009-10-07,S004-067,07030004-523,SNAKE R,River/Stream,Kanabec,07030004,-93.221536,46.125256,Orthophosphate,Y,0.027,0.027,mg/L,0.002,0.001,mg/L
2009-10-07,S004-067,07030004-523,SNAKE R,River/Stream,Kanabec,07030004,-93.221536,46.125256,Phosphorus,Y,0.051,0.051,mg/L,0.007,0.002,mg/L
2009-10-07,S004-067,07030004-523,SNAKE R,River/Stream,Kanabec,07030004,-93.221536,46.125256,Chloride,Y,5.6,5.6,mg/L,,,
2009-10-07,S004-067,07030004-523,SNAKE R,River/Stream,Kanabec,07030004,-93.221536,46.125256,Kjeldahl nitrogen,Y,1.1,1.1,mg/L,0.6,0.2,mg/L
2009-10-07,S004-067,07030004-523,SNAKE R,River/Stream,Kanabec,07030004,-93.221536,46.125256,Orthophosphate,Y,0.043,0.043,mg/L,0.002,0.001,mg/L
2009-10-07,S004-067,07030004-523,SNAKE R,River/Stream,Kanabec,07030004,-93.221536,46.125256,Phosphorus,Y,0.055,0.055,mg/L,0.007,0.002,mg/L
2009-10-07,S004-067,07030004-523,SNAKE R,River/Stream,Kanabec,07030004,-93.221536,46.125256,Chloride,Y,5.6,5.6,mg/L,,,
2009-10-07,S004-067,07030004-523,SNAKE R,River/Stream,Kanabec,07030004,-93.221536,46.125256,Dissolved oxygen (DO),Y,11.08,11.08,mg/L,,,
2009-10-07,S004-067,07030004-523,SNAKE R,River/Stream,Kanabec,07030004,-93.221536,46.125256,pH,Y,7.42,7.42,None,,,
2009-10-07,S004-067,07030004-523,SNAKE R,River/Stream,Kanabec,07030004,-93.221536,46.125256,Specific conductance,Y,130,130,uS/cm,,,
2009-10-07,S004-067,07030004-523,SNAKE R,River/Stream,Kanabec,07030004,-93.221536,46.125256,"Temperature, water",Y,7.91,7.91,deg C,,,
2009-10-07,S004-067,07030004-523,SNAKE R,River/Stream,Kanabec,07030004,-93.221536,46.125256,Stream stage,Y,20.45,20.45,ft,,,
2009-09-23,S004-067,07030004-523,SNAKE R,River/Stream,Kanabec,07030004,-93.221536,46.125256,Orthophosphate,Y,0.011,0.011,mg/L,0.002,0.001,mg/L
2009-09-23,S004-067,07030004-523,SNAKE R,River/Stream,Kanabec,07030004,-93.221536,46.125256,Chloride,Y,4,4,mg/L,,,
2009-09-23,S004-067,07030004-523,SNAKE R,River/Stream,Kanabec,07030004,-93.221536,46.125256,Phosphorus,Y,0.026,0.026,mg/L,0.007,0.002,mg/L
2009-09-23,S004-067,07030004-523,SNAKE R,River/Stream,Kanabec,07030004,-93.221536,46.125256,Stream stage,Y,21.05,21.05,ft,,,
2009-09-23,S004-067,07030004-523,SNAKE R,River/Stream,Kanabec,07030004,-93.221536,46.125256,"Temperature, water",Y,18.12,18.12,deg C,,,
2009-09-23,S004-067,07030004-523,SNAKE R,River/Stream,Kanabec,07030004,-93.221536,46.125256,Specific conductance,Y,176,176,uS/cm,,,
2009-09-23,S004-067,07030004-523,SNAKE R,River/Stream,Kanabec,07030004,-93.221536,46.125256,pH,Y,7.27,7.27,None,,,
2009-09-23,S004-067,07030004-523,SNAKE R,River/Stream,Kanabec,07030004,-93.221536,46.125256,Dissolved oxygen (DO),Y,6.78,6.78,mg/L,,,
2009-09-23,S004-067,07030004-523,SNAKE R,River/Stream,Kanabec,07030004,-93.221536,46.125256,Kjeldahl nitrogen,Y,0.7,0.7,mg/L,0.6,0.2,mg/L
2009-09-09,S004-067,07030004-523,SNAKE R,River/Stream,Kanabec,07030004,-93.221536,46.125256,Kjeldahl nitrogen,Y,1,1.0,mg/L,0.6,0.2,mg/L
2009-09-09,S004-067,07030004-523,SNAKE R,River/Stream,Kanabec,07030004,-93.221536,46.125256,"Temperature, water",Y,18.86,18.86,deg C,,,
2009-09-09,S004-067,07030004-523,SNAKE R,River/Stream,Kanabec,07030004,-93.221536,46.125256,Specific conductance,Y,153,153,uS/cm,,,
2009-09-09,S004-067,07030004-523,SNAKE R,River/Stream,Kanabec,07030004,-93.221536,46.125256,pH,Y,7.42,7.42,None,,,
2009-09-09,S004-067,07030004-523,SNAKE R,River/Stream,Kanabec,07030004,-93.221536,46.125256,Dissolved oxygen (DO),Y,6.22,6.22,mg/L,,,
2009-09-09,S004-067,07030004-523,SNAKE R,River/Stream,Kanabec,07030004,-93.221536,46.125256,Stream stage,Y,21.2,21.2,ft,,,
2009-09-09,S004-067,07030004-523,SNAKE R,River/Stream,Kanabec,07030004,-93.221536,46.125256,Chloride,Y,4,4,mg/L,,,
2009-09-09,S004-067,07030004-523,SNAKE R,River/Stream,Kanabec,07030004,-93.221536,46.125256,Phosphorus,Y,0.031,0.031,mg/L,0.007,0.002,mg/L
2009-09-09,S004-067,07030004-523,SNAKE R,River/Stream,Kanabec,07030004,-93.221536,46.125256,Orthophosphate,Y,0.028,0.028,mg/L,0.002,0.001,mg/L
2009-08-26,S004-067,07030004-523,SNAKE R,River/Stream,Kanabec,07030004,-93.221536,46.125256,Specific conductance,Y,141,141,uS/cm,,,
2009-08-26,S004-067,07030004-523,SNAKE R,River/Stream,Kanabec,07030004,-93.221536,46.125256,Stream stage,Y,21,21,ft,,,
2009-08-26,S004-067,07030004-523,SNAKE R,River/Stream,Kanabec,07030004,-93.221536,46.125256,Kjeldahl nitrogen,Y,1.1,1.1,mg/L,0.6,0.2,mg/L
2009-08-26,S004-067,07030004-523,SNAKE R,River/Stream,Kanabec,07030004,-93.221536,46.125256,Orthophosphate,Y,0.063,0.063,mg/L,0.002,0.001,mg/L
2009-08-26,S004-067,07030004-523,SNAKE R,River/Stream,Kanabec,07030004,-93.221536,46.125256,Phosphorus,Y,0.069,0.069,mg/L,0.007,0.002,mg/L
2009-08-26,S004-067,07030004-523,SNAKE R,River/Stream,Kanabec,07030004,-93.221536,46.125256,Chloride,Y,4,4,mg/L,,,
2009-08-26,S004-067,07030004-523,SNAKE R,River/Stream,Kanabec,07030004,-93.221536,46.125256,pH,Y,7.63,7.63,None,,,
2009-08-26,S004-067,07030004-523,SNAKE R,River/Stream,Kanabec,07030004,-93.221536,46.125256,"Temperature, water",Y,19.2,19.20,deg C,,,
2009-08-26,S004-067,07030004-523,SNAKE R,River/Stream,Kanabec,07030004,-93.221536,46.125256,Dissolved oxygen (DO),Y,7.5,7.50,mg/L,,,
2009-08-20,S004-067,07030004-523,SNAKE R,River/Stream,Kanabec,07030004,-93.221536,46.125256,"Alkalinity, total",Y,70,70,mg/L,10,,mg/L
2009-08-20,S004-067,07030004-523,SNAKE R,River/Stream,Kanabec,07030004,-93.221536,46.125256,Iron,Y,1700,1700,ug/L,20,,ug/L
2009-08-20,S004-067,07030004-523,SNAKE R,River/Stream,Kanabec,07030004,-93.221536,46.125256,Magnesium,Y,7.7,7.7,mg/L,2,,mg/L
2009-08-20,S004-067,07030004-523,SNAKE R,River/Stream,Kanabec,07030004,-93.221536,46.125256,Potassium,Y,0.5,0.5,mg/L,0.5,,mg/L
2009-08-20,S004-067,07030004-523,SNAKE R,River/Stream,Kanabec,07030004,-93.221536,46.125256,Sodium,Y,3.2,3.2,mg/L,0.5,,mg/L
2009-08-20,S004-067,07030004-523,SNAKE R,River/Stream,Kanabec,07030004,-93.221536,46.125256,Calcium,Y,19,19,mg/L,2,,mg/L
2009-08-20,S004-067,07030004-523,SNAKE R,River/Stream,Kanabec,07030004,-93.221536,46.125256,Dissolved oxygen (DO),Y,8.43,8.43,mg/L,,,
2009-08-20,S004-067,07030004-523,SNAKE R,River/Stream,Kanabec,07030004,-93.221536,46.125256,pH,Y,7.6,7.6,None,,,
2009-08-20,S004-067,07030004-523,SNAKE R,River/Stream,Kanabec,07030004,-93.221536,46.125256,Specific conductance,Y,142,142,uS/cm,,,
2009-08-20,S004-067,07030004-523,SNAKE R,River/Stream,Kanabec,07030004,-93.221536,46.125256,"Temperature, water",Y,18.21,18.21,deg C,,,
2009-08-20,S004-067,07030004-523,SNAKE R,River/Stream,Kanabec,07030004,-93.221536,46.125256,Turbidity,Y,3.4,3.4,FNU,,,
2009-08-20,S004-067,07030004-523,SNAKE R,River/Stream,Kanabec,07030004,-93.221536,46.125256,Sulfate,Y,1.64,1.64,mg/L,1,,mg/L
2009-08-20,S004-067,07030004-523,SNAKE R,River/Stream,Kanabec,07030004,-93.221536,46.125256,Chloride,Y,2.46,2.46,mg/L,0.5,,mg/L
2009-08-20,S004-067,07030004-523,SNAKE R,River/Stream,Kanabec,07030004,-93.221536,46.125256,Bromide,N,,,,0.005,,mg/L
2009-08-20,S004-067,07030004-523,SNAKE R,River/Stream,Kanabec,07030004,-93.221536,46.125256,Manganese,Y,98,98,ug/L,10,,ug/L
2009-08-20,S004-067,07030004-523,SNAKE R,River/Stream,Kanabec,07030004,-93.221536,46.125256,Ammonia-nitrogen,N,,,,,0.05,mg/L
2009-08-20,S004-067,07030004-523,SNAKE R,River/Stream,Kanabec,07030004,-93.221536,46.125256,Phosphorus,Y,0.056,0.056,mg/L,0.003,,mg/L
2009-08-20,S004-067,07030004-523,SNAKE R,River/Stream,Kanabec,07030004,-93.221536,46.125256,Strontium,Y,55,55,ug/L,5,,ug/L
2009-08-20,S004-067,07030004-523,SNAKE R,River/Stream,Kanabec,07030004,-93.221536,46.125256,Orthophosphate,Y,0.011,0.011,mg/L,0.005,,mg/L
2009-08-20,S004-067,07030004-523,SNAKE R,River/Stream,Kanabec,07030004,-93.221536,46.125256,Phosphorus,Y,0.039,0.039,mg/L,0.007,0.002,mg/L
2009-08-20,S004-067,07030004-523,SNAKE R,River/Stream,Kanabec,07030004,-93.221536,46.125256,"Temperature, water",Y,18.13,18.13,deg C,,,
2009-08-20,S004-067,07030004-523,SNAKE R,River/Stream,Kanabec,07030004,-93.221536,46.125256,Specific conductance,Y,151,151,uS/cm,,,
2009-08-20,S004-067,07030004-523,SNAKE R,River/Stream,Kanabec,07030004,-93.221536,46.125256,pH,Y,7.6,7.60,None,,,
2009-08-20,S004-067,07030004-523,SNAKE R,River/Stream,Kanabec,07030004,-93.221536,46.125256,Dissolved oxygen (DO),Y,8.46,8.46,mg/L,,,
2009-08-20,S004-067,07030004-523,SNAKE R,River/Stream,Kanabec,07030004,-93.221536,46.125256,Orthophosphate,Y,0.019,0.019,mg/L,0.002,0.001,mg/L
2009-08-20,S004-067,07030004-523,SNAKE R,River/Stream,Kanabec,07030004,-93.221536,46.125256,Kjeldahl nitrogen,Y,1,1.0,mg/L,0.6,0.2,mg/L
2009-08-20,S004-067,07030004-523,SNAKE R,River/Stream,Kanabec,07030004,-93.221536,46.125256,Chloride,Y,3,3,mg/L,,,
2009-08-20,S004-067,07030004-523,SNAKE R,River/Stream,Kanabec,07030004,-93.221536,46.125256,Stream stage,Y,21.05,21.05,ft,,,
2009-08-12,S004-067,07030004-523,SNAKE R,River/Stream,Kanabec,07030004,-93.221536,46.125256,Stream stage,Y,21.3,21.3,ft,,,
2009-08-12,S004-067,07030004-523,SNAKE R,River/Stream,Kanabec,07030004,-93.221536,46.125256,"Temperature, water",Y,27.3,27.30,deg C,,,
2009-08-12,S004-067,07030004-523,SNAKE R,River/Stream,Kanabec,07030004,-93.221536,46.125256,Specific conductance,Y,152,152,uS/cm,,,
2009-08-12,S004-067,07030004-523,SNAKE R,River/Stream,Kanabec,07030004,-93.221536,46.125256,pH,Y,7.96,7.96,None,,,
2009-08-12,S004-067,07030004-523,SNAKE R,River/Stream,Kanabec,07030004,-93.221536,46.125256,Dissolved oxygen (DO),Y,8.01,8.01,mg/L,,,
2009-08-12,S004-067,07030004-523,SNAKE R,River/Stream,Kanabec,07030004,-93.221536,46.125256,Chloride,Y,3,3,mg/L,,,
2009-08-12,S004-067,07030004-523,SNAKE R,River/Stream,Kanabec,07030004,-93.221536,46.125256,Phosphorus,Y,0.049,0.049,mg/L,0.007,0.002,mg/L
2009-08-12,S004-067,07030004-523,SNAKE R,River/Stream,Kanabec,07030004,-93.221536,46.125256,Kjeldahl nitrogen,Y,0.9,0.9,mg/L,0.6,0.2,mg/L
2009-08-12,S004-067,07030004-523,SNAKE R,River/Stream,Kanabec,07030004,-93.221536,46.125256,Orthophosphate,Y,0.018,0.018,mg/L,0.002,0.001,mg/L
2009-07-29,S004-067,07030004-523,SNAKE R,River/Stream,Kanabec,07030004,-93.221536,46.125256,Dissolved oxygen (DO),Y,8.33,8.33,mg/L,,,
2009-07-29,S004-067,07030004-523,SNAKE R,River/Stream,Kanabec,07030004,-93.221536,46.125256,pH,Y,7.5,7.50,None,,,
2009-07-29,S004-067,07030004-523,SNAKE R,River/Stream,Kanabec,07030004,-93.221536,46.125256,Kjeldahl nitrogen,Y,1.4,1.4,mg/L,0.6,0.2,mg/L
2009-07-29,S004-067,07030004-523,SNAKE R,River/Stream,Kanabec,07030004,-93.221536,46.125256,Orthophosphate,Y,0.016,0.016,mg/L,0.002,0.001,mg/L
2009-07-29,S004-067,07030004-523,SNAKE R,River/Stream,Kanabec,07030004,-93.221536,46.125256,Phosphorus,Y,0.049,0.049,mg/L,0.007,0.002,mg/L
2009-07-29,S004-067,07030004-523,SNAKE R,River/Stream,Kanabec,07030004,-93.221536,46.125256,Chloride,Y,3,3,mg/L,,,
2009-07-29,S004-067,07030004-523,SNAKE R,River/Stream,Kanabec,07030004,-93.221536,46.125256,Kjeldahl nitrogen,Y,1.4,1.4,mg/L,0.6,0.2,mg/L
2009-07-29,S004-067,07030004-523,SNAKE R,River/Stream,Kanabec,07030004,-93.221536,46.125256,Orthophosphate,Y,0.013,0.013,mg/L,0.002,0.001,mg/L
2009-07-29,S004-067,07030004-523,SNAKE R,River/Stream,Kanabec,07030004,-93.221536,46.125256,Phosphorus,Y,0.049,0.049,mg/L,0.007,0.002,mg/L
2009-07-29,S004-067,07030004-523,SNAKE R,River/Stream,Kanabec,07030004,-93.221536,46.125256,Chloride,Y,3,3,mg/L,,,
2009-07-29,S004-067,07030004-523,SNAKE R,River/Stream,Kanabec,07030004,-93.221536,46.125256,Specific conductance,Y,105,105,uS/cm,,,
2009-07-29,S004-067,07030004-523,SNAKE R,River/Stream,Kanabec,07030004,-93.221536,46.125256,"Temperature, water",Y,19.13,19.13,deg C,,,
2009-07-29,S004-067,07030004-523,SNAKE R,River/Stream,Kanabec,07030004,-93.221536,46.125256,Stream stage,Y,20.9,20.9,ft,,,
2009-07-21,S004-067,07030004-523,SNAKE R,River/Stream,Kanabec,07030004,-93.221536,46.125256,Stream stage,Y,21.3,21.3,ft,,,
2009-07-21,S004-067,07030004-523,SNAKE R,River/Stream,Kanabec,07030004,-93.221536,46.125256,"Temperature, water",Y,21.14,21.14,deg C,,,
2009-07-21,S004-067,07030004-523,SNAKE R,River/Stream,Kanabec,07030004,-93.221536,46.125256,Kjeldahl nitrogen,Y,0.8,0.8,mg/L,0.6,0.2,mg/L
2009-07-21,S004-067,07030004-523,SNAKE R,River/Stream,Kanabec,07030004,-93.221536,46.125256,Chloride,Y,4,4,mg/L,,,
2009-07-21,S004-067,07030004-523,SNAKE R,River/Stream,Kanabec,07030004,-93.221536,46.125256,Phosphorus,Y,0.038,0.038,mg/L,0.007,0.002,mg/L
2009-07-21,S004-067,07030004-523,SNAKE R,River/Stream,Kanabec,07030004,-93.221536,46.125256,Orthophosphate,Y,0.042,0.042,mg/L,0.002,0.001,mg/L
2009-07-21,S004-067,07030004-523,SNAKE R,River/Stream,Kanabec,07030004,-93.221536,46.125256,Dissolved oxygen (DO),Y,8.28,8.28,mg/L,,,
2009-07-21,S004-067,07030004-523,SNAKE R,River/Stream,Kanabec,07030004,-93.221536,46.125256,pH,Y,7.82,7.82,None,,,
2009-07-21,S004-067,07030004-523,SNAKE R,River/Stream,Kanabec,07030004,-93.221536,46.125256,Specific conductance,Y,147,147,uS/cm,,,
2009-07-15,S004-067,07030004-523,SNAKE R,River/Stream,Kanabec,07030004,-93.221536,46.125256,Orthophosphate,Y,0.044,0.044,mg/L,0.002,0.001,mg/L
2009-07-15,S004-067,07030004-523,SNAKE R,River/Stream,Kanabec,07030004,-93.221536,46.125256,Dissolved oxygen (DO),Y,7.85,7.85,mg/L,,,
2009-07-15,S004-067,07030004-523,SNAKE R,River/Stream,Kanabec,07030004,-93.221536,46.125256,pH,Y,7.52,7.52,None,,,
2009-07-15,S004-067,07030004-523,SNAKE R,River/Stream,Kanabec,07030004,-93.221536,46.125256,Stream stage,Y,21.25,21.25,ft,,,
2009-07-15,S004-067,07030004-523,SNAKE R,River/Stream,Kanabec,07030004,-93.221536,46.125256,Kjeldahl nitrogen,Y,0.9,0.9,mg/L,0.6,0.2,mg/L
2009-07-15,S004-067,07030004-523,SNAKE R,River/Stream,Kanabec,07030004,-93.221536,46.125256,Phosphorus,Y,0.046,0.046,mg/L,0.007,0.002,mg/L
2009-07-15,S004-067,07030004-523,SNAKE R,River/Stream,Kanabec,07030004,-93.221536,46.125256,Specific conductance,Y,131,131,uS/cm,,,
2009-07-15,S004-067,07030004-523,SNAKE R,River/Stream,Kanabec,07030004,-93.221536,46.125256,"Temperature, water",Y,18.61,18.61,deg C,,,
2009-07-15,S004-067,07030004-523,SNAKE R,River/Stream,Kanabec,07030004,-93.221536,46.125256,Chloride,Y,3,3,mg/L,,,
2009-07-01,S004-067,07030004-523,SNAKE R,River/Stream,Kanabec,07030004,-93.221536,46.125256,Stream stage,Y,21.12,21.12,ft,,,
2009-07-01,S004-067,07030004-523,SNAKE R,River/Stream,Kanabec,07030004,-93.221536,46.125256,"Temperature, water",Y,17.05,17.05,deg C,,,
2009-07-01,S004-067,07030004-523,SNAKE R,River/Stream,Kanabec,07030004,-93.221536,46.125256,Specific conductance,Y,129,129,uS/cm,,,
2009-07-01,S004-067,07030004-523,SNAKE R,River/Stream,Kanabec,07030004,-93.221536,46.125256,pH,Y,7.63,7.63,None,,,
2009-07-01,S004-067,07030004-523,SNAKE R,River/Stream,Kanabec,07030004,-93.221536,46.125256,Dissolved oxygen (DO),Y,7.72,7.72,mg/L,,,
2009-07-01,S004-067,07030004-523,SNAKE R,River/Stream,Kanabec,07030004,-93.221536,46.125256,Chloride,Y,3.3,3.3,mg/L,,,
2009-07-01,S004-067,07030004-523,SNAKE R,River/Stream,Kanabec,07030004,-93.221536,46.125256,Phosphorus,Y,0.059,0.059,mg/L,0.007,0.002,mg/L
2009-07-01,S004-067,07030004-523,SNAKE R,River/Stream,Kanabec,07030004,-93.221536,46.125256,Orthophosphate,Y,0.034,0.034,mg/L,0.002,0.001,mg/L
2009-07-01,S004-067,07030004-523,SNAKE R,River/Stream,Kanabec,07030004,-93.221536,46.125256,Kjeldahl nitrogen,Y,1.3,1.3,mg/L,0.6,0.2,mg/L
2009-06-17,S004-067,07030004-523,SNAKE R,River/Stream,Kanabec,07030004,-93.221536,46.125256,Dissolved oxygen (DO),Y,7.8,7.80,mg/L,,,
2009-06-17,S004-067,07030004-523,SNAKE R,River/Stream,Kanabec,07030004,-93.221536,46.125256,pH,Y,7.56,7.56,None,,,
2009-06-17,S004-067,07030004-523,SNAKE R,River/Stream,Kanabec,07030004,-93.221536,46.125256,Specific conductance,Y,125,125,uS/cm,,,
2009-06-17,S004-067,07030004-523,SNAKE R,River/Stream,Kanabec,07030004,-93.221536,46.125256,"Temperature, water",Y,19.23,19.23,deg C,,,
2009-06-17,S004-067,07030004-523,SNAKE R,River/Stream,Kanabec,07030004,-93.221536,46.125256,Stream stage,Y,21.1,21.1,ft,,,
2009-06-17,S004-067,07030004-523,SNAKE R,River/Stream,Kanabec,07030004,-93.221536,46.125256,Orthophosphate,Y,0.019,0.019,mg/L,0.002,0.001,mg/L
2009-06-17,S004-067,07030004-523,SNAKE R,River/Stream,Kanabec,07030004,-93.221536,46.125256,Phosphorus,Y,0.036,0.036,mg/L,0.007,0.002,mg/L
2009-06-17,S004-067,07030004-523,SNAKE R,River/Stream,Kanabec,07030004,-93.221536,46.125256,Kjeldahl nitrogen,Y,1.2,1.2,mg/L,0.6,0.2,mg/L
2009-06-17,S004-067,07030004-523,SNAKE R,River/Stream,Kanabec,07030004,-93.221536,46.125256,Chloride,Y,3,3,mg/L,,,
2009-06-08,S004-067,07030004-523,SNAKE R,River/Stream,Kanabec,07030004,-93.221536,46.125256,Orthophosphate,Y,0.031,0.031,mg/L,0.002,0.001,mg/L
2009-06-08,S004-067,07030004-523,SNAKE R,River/Stream,Kanabec,07030004,-93.221536,46.125256,Chloride,Y,3,3,mg/L,,,
2009-06-08,S004-067,07030004-523,SNAKE R,River/Stream,Kanabec,07030004,-93.221536,46.125256,Kjeldahl nitrogen,Y,1.1,1.1,mg/L,0.6,0.2,mg/L
2009-06-08,S004-067,07030004-523,SNAKE R,River/Stream,Kanabec,07030004,-93.221536,46.125256,Stream stage,Y,20.87,20.87,ft,,,
2009-06-08,S004-067,07030004-523,SNAKE R,River/Stream,Kanabec,07030004,-93.221536,46.125256,"Temperature, water",Y,12.46,12.46,deg C,,,
2009-06-08,S004-067,07030004-523,SNAKE R,River/Stream,Kanabec,07030004,-93.221536,46.125256,Phosphorus,Y,0.041,0.041,mg/L,0.007,0.002,mg/L
2009-06-08,S004-067,07030004-523,SNAKE R,River/Stream,Kanabec,07030004,-93.221536,46.125256,Specific conductance,Y,96,96,uS/cm,,,
2009-06-08,S004-067,07030004-523,SNAKE R,River/Stream,Kanabec,07030004,-93.221536,46.125256,pH,Y,7.72,7.72,None,,,
2009-06-08,S004-067,07030004-523,SNAKE R,River/Stream,Kanabec,07030004,-93.221536,46.125256,Dissolved oxygen (DO),Y,9.66,9.66,mg/L,,,
2009-06-03,S004-067,07030004-523,SNAKE R,River/Stream,Kanabec,07030004,-93.221536,46.125256,Chloride,Y,2.8,2.8,mg/L,,,
2009-06-03,S004-067,07030004-523,SNAKE R,River/Stream,Kanabec,07030004,-93.221536,46.125256,Kjeldahl nitrogen,Y,1.4,1.4,mg/L,0.6,0.2,mg/L
2009-06-03,S004-067,07030004-523,SNAKE R,River/Stream,Kanabec,07030004,-93.221536,46.125256,Orthophosphate,Y,0.014,0.014,mg/L,0.002,0.001,mg/L
2009-06-03,S004-067,07030004-523,SNAKE R,River/Stream,Kanabec,07030004,-93.221536,46.125256,Stream stage,Y,21.02,21.02,ft,,,
2009-06-03,S004-067,07030004-523,SNAKE R,River/Stream,Kanabec,07030004,-93.221536,46.125256,"Temperature, water",Y,15.45,15.45,deg C,,,
2009-06-03,S004-067,07030004-523,SNAKE R,River/Stream,Kanabec,07030004,-93.221536,46.125256,Specific conductance,Y,104,104,uS/cm,,,
2009-06-03,S004-067,07030004-523,SNAKE R,River/Stream,Kanabec,07030004,-93.221536,46.125256,pH,Y,7.52,7.52,None,,,
2009-06-03,S004-067,07030004-523,SNAKE R,River/Stream,Kanabec,07030004,-93.221536,46.125256,Dissolved oxygen (DO),Y,8.36,8.36,mg/L,,,
2009-06-03,S004-067,07030004-523,SNAKE R,River/Stream,Kanabec,07030004,-93.221536,46.125256,Phosphorus,Y,0.045,0.045,mg/L,0.007,0.002,mg/L
2009-05-20,S004-067,07030004-523,SNAKE R,River/Stream,Kanabec,07030004,-93.221536,46.125256,Orthophosphate,Y,0.008,0.008,mg/L,0.002,0.001,mg/L
2009-05-20,S004-067,07030004-523,SNAKE R,River/Stream,Kanabec,07030004,-93.221536,46.125256,Phosphorus,Y,0.027,0.027,mg/L,0.007,0.002,mg/L
2009-05-20,S004-067,07030004-523,SNAKE R,River/Stream,Kanabec,07030004,-93.221536,46.125256,Dissolved oxygen (DO),Y,9.82,9.82,mg/L,,,
2009-05-20,S004-067,07030004-523,SNAKE R,River/Stream,Kanabec,07030004,-93.221536,46.125256,pH,Y,7.2,7.20,None,,,
2009-05-20,S004-067,07030004-523,SNAKE R,River/Stream,Kanabec,07030004,-93.221536,46.125256,Specific conductance,Y,65,65,uS/cm,,,
2009-05-20,S004-067,07030004-523,SNAKE R,River/Stream,Kanabec,07030004,-93.221536,46.125256,"Temperature, water",Y,13.55,13.55,deg C,,,
2009-05-20,S004-067,07030004-523,SNAKE R,River/Stream,Kanabec,07030004,-93.221536,46.125256,Stream stage,Y,20.37,20.37,ft,,,
2009-05-20,S004-067,07030004-523,SNAKE R,River/Stream,Kanabec,07030004,-93.221536,46.125256,Phosphorus,Y,0.028,0.028,mg/L,0.007,0.002,mg/L
2009-05-20,S004-067,07030004-523,SNAKE R,River/Stream,Kanabec,07030004,-93.221536,46.125256,Kjeldahl nitrogen,Y,1.1,1.1,mg/L,0.6,0.2,mg/L
2009-05-20,S004-067,07030004-523,SNAKE R,River/Stream,Kanabec,07030004,-93.221536,46.125256,Orthophosphate,Y,0.007,0.007,mg/L,0.002,0.001,mg/L
2009-05-20,S004-067,07030004-523,SNAKE R,River/Stream,Kanabec,07030004,-93.221536,46.125256,Chloride,Y,2.5,2.5,mg/L,,,
2009-05-20,S004-067,07030004-523,SNAKE R,River/Stream,Kanabec,07030004,-93.221536,46.125256,Kjeldahl nitrogen,Y,1.1,1.1,mg/L,0.6,0.2,mg/L
2009-04-08,S004-067,07030004-523,SNAKE R,River/Stream,Kanabec,07030004,-93.221536,46.125256,Dissolved oxygen (DO),Y,11.7,11.7,mg/L,,,
2009-04-08,S004-067,07030004-523,SNAKE R,River/Stream,Kanabec,07030004,-93.221536,46.125256,Orthophosphate,Y,0.007,0.007,mg/L,0.005,,mg/L
2009-04-08,S004-067,07030004-523,SNAKE R,River/Stream,Kanabec,07030004,-93.221536,46.125256,Specific conductance,Y,60,60,uS/cm,,,
2009-04-08,S004-067,07030004-523,SNAKE R,River/Stream,Kanabec,07030004,-93.221536,46.125256,"Temperature, water",Y,3.9,3.9,deg C,,,
2009-04-08,S004-067,07030004-523,SNAKE R,River/Stream,Kanabec,07030004,-93.221536,46.125256,Turbidity,Y,5.5,5.5,FNU,,,
2009-04-08,S004-067,07030004-523,SNAKE R,River/Stream,Kanabec,07030004,-93.221536,46.125256,Calcium,Y,16,16,mg/L,5,,mg/L
2009-04-08,S004-067,07030004-523,SNAKE R,River/Stream,Kanabec,07030004,-93.221536,46.125256,Iron,Y,850,850,ug/L,20,,ug/L
2009-04-08,S004-067,07030004-523,SNAKE R,River/Stream,Kanabec,07030004,-93.221536,46.125256,Magnesium,Y,3.1,3.1,mg/L,2,,mg/L
2009-04-08,S004-067,07030004-523,SNAKE R,River/Stream,Kanabec,07030004,-93.221536,46.125256,Potassium,Y,1.2,1.2,mg/L,0.5,,mg/L
2009-04-08,S004-067,07030004-523,SNAKE R,River/Stream,Kanabec,07030004,-93.221536,46.125256,Sodium,Y,1.8,1.8,mg/L,0.5,,mg/L
2009-04-08,S004-067,07030004-523,SNAKE R,River/Stream,Kanabec,07030004,-93.221536,46.125256,"Alkalinity, total",Y,24,24,mg/L,10,,mg/L
2009-04-08,S004-067,07030004-523,SNAKE R,River/Stream,Kanabec,07030004,-93.221536,46.125256,Sulfate,Y,2.46,2.46,mg/L,1,,mg/L
2009-04-08,S004-067,07030004-523,SNAKE R,River/Stream,Kanabec,07030004,-93.221536,46.125256,Chloride,Y,1.87,1.87,mg/L,0.5,0,mg/L
2009-04-08,S004-067,07030004-523,SNAKE R,River/Stream,Kanabec,07030004,-93.221536,46.125256,Bromide,N,,,,0.005,0,mg/L
2009-04-08,S004-067,07030004-523,SNAKE R,River/Stream,Kanabec,07030004,-93.221536,46.125256,Ammonia-nitrogen,N,,,,0.05,,mg/L
2009-04-08,S004-067,07030004-523,SNAKE R,River/Stream,Kanabec,07030004,-93.221536,46.125256,Phosphorus,Y,0.035,0.035,mg/L,0.003,,mg/L
2009-04-08,S004-067,07030004-523,SNAKE R,River/Stream,Kanabec,07030004,-93.221536,46.125256,Manganese,Y,42,42,ug/L,10,,ug/L
2009-04-08,S004-067,07030004-523,SNAKE R,River/Stream,Kanabec,07030004,-93.221536,46.125256,Strontium,Y,20,20,ug/L,5,,ug/L
2009-04-08,S004-067,07030004-523,SNAKE R,River/Stream,Kanabec,07030004,-93.221536,46.125256,pH,Y,7.23,7.23,None,,,
2008-10-26,S004-067,07030004-523,SNAKE R,River/Stream,Kanabec,07030004,-93.221536,46.125256,"Temperature, water",Y,7,7,deg C,,,
2008-10-26,S004-067,07030004-523,SNAKE R,River/Stream,Kanabec,07030004,-93.221536,46.125256,Stream stage,Y,20.5,20.5,ft,,,
2008-10-26,S004-067,07030004-523,SNAKE R,River/Stream,Kanabec,07030004,-93.221536,46.125256,Specific conductance,Y,94,94,uS/cm,,,
2008-10-26,S004-067,07030004-523,SNAKE R,River/Stream,Kanabec,07030004,-93.221536,46.125256,pH,Y,7.4,7.40,None,,,
2008-10-26,S004-067,07030004-523,SNAKE R,River/Stream,Kanabec,07030004,-93.221536,46.125256,Chloride,Y,4.1,4.1,mg/L,,,
2008-10-26,S004-067,07030004-523,SNAKE R,River/Stream,Kanabec,07030004,-93.221536,46.125256,Phosphorus,Y,0.037,0.037,mg/L,,,
2008-10-26,S004-067,07030004-523,SNAKE R,River/Stream,Kanabec,07030004,-93.221536,46.125256,Orthophosphate,Y,0.018,0.018,mg/L,,,
2008-10-26,S004-067,07030004-523,SNAKE R,River/Stream,Kanabec,07030004,-93.221536,46.125256,Kjeldahl nitrogen,Y,1.3,1.3,mg/L,,,
2008-10-26,S004-067,07030004-523,SNAKE R,River/Stream,Kanabec,07030004,-93.221536,46.125256,Dissolved oxygen (DO),Y,11.41,11.41,mg/L,,,
2008-10-12,S004-067,07030004-523,SNAKE R,River/Stream,Kanabec,07030004,-93.221536,46.125256,Stream stage,Y,20.8,20.8,ft,,,
2008-10-12,S004-067,07030004-523,SNAKE R,River/Stream,Kanabec,07030004,-93.221536,46.125256,"Temperature, water",Y,12,12,deg C,,,
2008-10-12,S004-067,07030004-523,SNAKE R,River/Stream,Kanabec,07030004,-93.221536,46.125256,Specific conductance,Y,107,107,uS/cm,,,
2008-10-12,S004-067,07030004-523,SNAKE R,River/Stream,Kanabec,07030004,-93.221536,46.125256,pH,Y,7.42,7.42,None,,,
2008-10-12,S004-067,07030004-523,SNAKE R,River/Stream,Kanabec,07030004,-93.221536,46.125256,Dissolved oxygen (DO),Y,11.02,11.02,mg/L,,,
2008-10-12,S004-067,07030004-523,SNAKE R,River/Stream,Kanabec,07030004,-93.221536,46.125256,Chloride,Y,4,4.0,mg/L,,,
2008-10-12,S004-067,07030004-523,SNAKE R,River/Stream,Kanabec,07030004,-93.221536,46.125256,Phosphorus,Y,0.051,0.051,mg/L,,,
2008-10-12,S004-067,07030004-523,SNAKE R,River/Stream,Kanabec,07030004,-93.221536,46.125256,Orthophosphate,Y,0.037,0.037,mg/L,,,
2008-10-12,S004-067,07030004-523,SNAKE R,River/Stream,Kanabec,07030004,-93.221536,46.125256,Kjeldahl nitrogen,Y,1.1,1.1,mg/L,,,
2008-09-28,S004-067,07030004-523,SNAKE R,River/Stream,Kanabec,07030004,-93.221536,46.125256,Dissolved oxygen (DO),Y,8.98,8.98,mg/L,,,
2008-09-28,S004-067,07030004-523,SNAKE R,River/Stream,Kanabec,07030004,-93.221536,46.125256,Phosphorus,Y,0.034,0.034,mg/L,,,
2008-09-28,S004-067,07030004-523,SNAKE R,River/Stream,Kanabec,07030004,-93.221536,46.125256,Orthophosphate,Y,0.015,0.015,mg/L,,,
2008-09-28,S004-067,07030004-523,SNAKE R,River/Stream,Kanabec,07030004,-93.221536,46.125256,Kjeldahl nitrogen,Y,1,1.0,mg/L,,,
2008-09-28,S004-067,07030004-523,SNAKE R,River/Stream,Kanabec,07030004,-93.221536,46.125256,pH,Y,7.93,7.93,None,,,
2008-09-28,S004-067,07030004-523,SNAKE R,River/Stream,Kanabec,07030004,-93.221536,46.125256,Specific conductance,Y,112,112,uS/cm,,,
2008-09-28,S004-067,07030004-523,SNAKE R,River/Stream,Kanabec,07030004,-93.221536,46.125256,"Temperature, water",Y,16,16,deg C,,,
2008-09-28,S004-067,07030004-523,SNAKE R,River/Stream,Kanabec,07030004,-93.221536,46.125256,Stream stage,Y,20.5,20.5,ft,,,
2008-09-28,S004-067,07030004-523,SNAKE R,River/Stream,Kanabec,07030004,-93.221536,46.125256,Chloride,Y,3.4,3.4,mg/L,,,
2008-09-14,S004-067,07030004-523,SNAKE R,River/Stream,Kanabec,07030004,-93.221536,46.125256,Chloride,Y,5.1,5.1,mg/L,,,
2008-09-14,S004-067,07030004-523,SNAKE R,River/Stream,Kanabec,07030004,-93.221536,46.125256,Phosphorus,Y,0.033,0.033,mg/L,,,
2008-09-14,S004-067,07030004-523,SNAKE R,River/Stream,Kanabec,07030004,-93.221536,46.125256,Orthophosphate,Y,0.012,0.012,mg/L,,,
2008-09-14,S004-067,07030004-523,SNAKE R,River/Stream,Kanabec,07030004,-93.221536,46.125256,Kjeldahl nitrogen,Y,0.6,0.6,mg/L,,,
2008-09-14,S004-067,07030004-523,SNAKE R,River/Stream,Kanabec,07030004,-93.221536,46.125256,Stream stage,Y,21.2,21.2,ft,,,
2008-09-14,S004-067,07030004-523,SNAKE R,River/Stream,Kanabec,07030004,-93.221536,46.125256,"Temperature, water",Y,15,15,deg C,,,
2008-09-14,S004-067,07030004-523,SNAKE R,River/Stream,Kanabec,07030004,-93.221536,46.125256,Specific conductance,Y,148,148,uS/cm,,,
2008-09-14,S004-067,07030004-523,SNAKE R,River/Stream,Kanabec,07030004,-93.221536,46.125256,Dissolved oxygen (DO),Y,9.69,9.69,mg/L,,,
2008-09-14,S004-067,07030004-523,SNAKE R,River/Stream,Kanabec,07030004,-93.221536,46.125256,pH,Y,7.83,7.83,None,,,
2008-09-01,S004-067,07030004-523,SNAKE R,River/Stream,Kanabec,07030004,-93.221536,46.125256,Chloride,Y,3.3,3.3,mg/L,,,
2008-09-01,S004-067,07030004-523,SNAKE R,River/Stream,Kanabec,07030004,-93.221536,46.125256,Kjeldahl nitrogen,Y,1,1.0,mg/L,,,
2008-09-01,S004-067,07030004-523,SNAKE R,River/Stream,Kanabec,07030004,-93.221536,46.125256,Phosphorus,Y,0.044,0.044,mg/L,,,
2008-09-01,S004-067,07030004-523,SNAKE R,River/Stream,Kanabec,07030004,-93.221536,46.125256,Orthophosphate,Y,0.011,0.011,mg/L,,,
2008-09-01,S004-067,07030004-523,SNAKE R,River/Stream,Kanabec,07030004,-93.221536,46.125256,pH,Y,8.28,8.28,None,,,
2008-09-01,S004-067,07030004-523,SNAKE R,River/Stream,Kanabec,07030004,-93.221536,46.125256,Specific conductance,Y,111,111,uS/cm,,,
2008-09-01,S004-067,07030004-523,SNAKE R,River/Stream,Kanabec,07030004,-93.221536,46.125256,"Temperature, water",Y,26,26,deg C,,,
2008-09-01,S004-067,07030004-523,SNAKE R,River/Stream,Kanabec,07030004,-93.221536,46.125256,Stream stage,Y,22.1,22.1,ft,,,
2008-09-01,S004-067,07030004-523,SNAKE R,River/Stream,Kanabec,07030004,-93.221536,46.125256,Dissolved oxygen (DO),Y,8.5,8.50,mg/L,,,
2008-08-13,S004-067,07030004-523,SNAKE R,River/Stream,Kanabec,07030004,-93.221536,46.125256,Kjeldahl nitrogen,Y,1.3,1.3,mg/L,,,
2008-08-13,S004-067,07030004-523,SNAKE R,River/Stream,Kanabec,07030004,-93.221536,46.125256,Orthophosphate,Y,0.028,0.028,mg/L,,,
2008-08-13,S004-067,07030004-523,SNAKE R,River/Stream,Kanabec,07030004,-93.221536,46.125256,Chloride,Y,3.4,3.4,mg/L,,,
2008-08-13,S004-067,07030004-523,SNAKE R,River/Stream,Kanabec,07030004,-93.221536,46.125256,Phosphorus,Y,0.059,0.059,mg/L,,,
2008-08-13,S004-067,07030004-523,SNAKE R,River/Stream,Kanabec,07030004,-93.221536,46.125256,pH,Y,7.6,7.60,None,,,
2008-08-13,S004-067,07030004-523,SNAKE R,River/Stream,Kanabec,07030004,-93.221536,46.125256,Specific conductance,Y,133,133,uS/cm,,,
2008-08-13,S004-067,07030004-523,SNAKE R,River/Stream,Kanabec,07030004,-93.221536,46.125256,"Temperature, water",Y,20,20,deg C,,,
2008-08-13,S004-067,07030004-523,SNAKE R,River/Stream,Kanabec,07030004,-93.221536,46.125256,Stream stage,Y,22,22.0,ft,,,
2008-08-13,S004-067,07030004-523,SNAKE R,River/Stream,Kanabec,07030004,-93.221536,46.125256,Dissolved oxygen (DO),Y,6.53,6.53,mg/L,,,
2008-07-30,S004-067,07030004-523,SNAKE R,River/Stream,Kanabec,07030004,-93.221536,46.125256,Kjeldahl nitrogen,Y,1.4,1.4,mg/L,,,
2008-07-30,S004-067,07030004-523,SNAKE R,River/Stream,Kanabec,07030004,-93.221536,46.125256,Orthophosphate,Y,0.031,0.031,mg/L,,,
2008-07-30,S004-067,07030004-523,SNAKE R,River/Stream,Kanabec,07030004,-93.221536,46.125256,Chloride,Y,2.3,2.3,mg/L,,,
2008-07-30,S004-067,07030004-523,SNAKE R,River/Stream,Kanabec,07030004,-93.221536,46.125256,Phosphorus,Y,0.071,0.071,mg/L,,,
2008-07-30,S004-067,07030004-523,SNAKE R,River/Stream,Kanabec,07030004,-93.221536,46.125256,Dissolved oxygen (DO),Y,6.6,6.60,mg/L,,,
2008-07-30,S004-067,07030004-523,SNAKE R,River/Stream,Kanabec,07030004,-93.221536,46.125256,pH,Y,7.61,7.61,None,,,
2008-07-30,S004-067,07030004-523,SNAKE R,River/Stream,Kanabec,07030004,-93.221536,46.125256,Specific conductance,Y,106,106,uS/cm,,,
2008-07-30,S004-067,07030004-523,SNAKE R,River/Stream,Kanabec,07030004,-93.221536,46.125256,"Temperature, water",Y,23,23,deg C,,,
2008-07-30,S004-067,07030004-523,SNAKE R,River/Stream,Kanabec,07030004,-93.221536,46.125256,Stream stage,Y,21.8,21.8,ft,,,
2008-07-15,S004-067,07030004-523,SNAKE R,River/Stream,Kanabec,07030004,-93.221536,46.125256,Chloride,Y,3.9,3.9,mg/L,,,
2008-07-15,S004-067,07030004-523,SNAKE R,River/Stream,Kanabec,07030004,-93.221536,46.125256,Stream stage,Y,21.4,21.4,ft,,,
2008-07-15,S004-067,07030004-523,SNAKE R,River/Stream,Kanabec,07030004,-93.221536,46.125256,"Temperature, water",Y,22,22,deg C,,,
2008-07-15,S004-067,07030004-523,SNAKE R,River/Stream,Kanabec,07030004,-93.221536,46.125256,Specific conductance,Y,118,118,uS/cm,,,
2008-07-15,S004-067,07030004-523,SNAKE R,River/Stream,Kanabec,07030004,-93.221536,46.125256,pH,Y,7.63,7.63,None,,,
2008-07-15,S004-067,07030004-523,SNAKE R,River/Stream,Kanabec,07030004,-93.221536,46.125256,Dissolved oxygen (DO),Y,6.88,6.88,mg/L,,,
2008-07-15,S004-067,07030004-523,SNAKE R,River/Stream,Kanabec,07030004,-93.221536,46.125256,Phosphorus,Y,0.073,0.073,mg/L,,,
2008-07-15,S004-067,07030004-523,SNAKE R,River/Stream,Kanabec,07030004,-93.221536,46.125256,Orthophosphate,Y,0.043,0.043,mg/L,,,
2008-07-15,S004-067,07030004-523,SNAKE R,River/Stream,Kanabec,07030004,-93.221536,46.125256,Kjeldahl nitrogen,Y,1.4,1.4,mg/L,,,
2008-07-03,S004-067,07030004-523,SNAKE R,River/Stream,Kanabec,07030004,-93.221536,46.125256,Orthophosphate,Y,0.05,0.050,mg/L,,,
2008-07-03,S004-067,07030004-523,SNAKE R,River/Stream,Kanabec,07030004,-93.221536,46.125256,Phosphorus,Y,0.077,0.077,mg/L,,,
2008-07-03,S004-067,07030004-523,SNAKE R,River/Stream,Kanabec,07030004,-93.221536,46.125256,Chloride,Y,2.9,2.9,mg/L,,,
2008-07-03,S004-067,07030004-523,SNAKE R,River/Stream,Kanabec,07030004,-93.221536,46.125256,Kjeldahl nitrogen,Y,1.5,1.5,mg/L,,,
2008-06-18,S004-067,07030004-523,SNAKE R,River/Stream,Kanabec,07030004,-93.221536,46.125256,Specific conductance,Y,59,59,uS/cm,,,
2008-06-18,S004-067,07030004-523,SNAKE R,River/Stream,Kanabec,07030004,-93.221536,46.125256,Chloride,Y,2.2,2.2,mg/L,,,
2008-06-18,S004-067,07030004-523,SNAKE R,River/Stream,Kanabec,07030004,-93.221536,46.125256,Phosphorus,Y,0.055,0.055,mg/L,,,
2008-06-18,S004-067,07030004-523,SNAKE R,River/Stream,Kanabec,07030004,-93.221536,46.125256,Orthophosphate,Y,0.025,0.025,mg/L,,,
2008-06-18,S004-067,07030004-523,SNAKE R,River/Stream,Kanabec,07030004,-93.221536,46.125256,Kjeldahl nitrogen,Y,1.5,1.5,mg/L,,,
2008-06-18,S004-067,07030004-523,SNAKE R,River/Stream,Kanabec,07030004,-93.221536,46.125256,pH,Y,6.47,6.47,None,,,
2008-06-18,S004-067,07030004-523,SNAKE R,River/Stream,Kanabec,07030004,-93.221536,46.125256,Dissolved oxygen (DO),Y,9.17,9.17,mg/L,,,
2008-06-18,S004-067,07030004-523,SNAKE R,River/Stream,Kanabec,07030004,-93.221536,46.125256,Stream stage,Y,20.3,20.3,ft,,,
2008-06-18,S004-067,07030004-523,SNAKE R,River/Stream,Kanabec,07030004,-93.221536,46.125256,"Temperature, water",Y,18,18,deg C,,,
2006-09-29,S004-067,07030004-523,SNAKE R,River/Stream,Kanabec,07030004,-93.221536,46.125256,"Temperature, water",Y,9.97,9.97,deg C,,,
2006-09-29,S004-067,07030004-523,SNAKE R,River/Stream,Kanabec,07030004,-93.221536,46.125256,Chloride,Y,5.1,5.1,mg/L,1,,mg/L
2006-09-29,S004-067,07030004-523,SNAKE R,River/Stream,Kanabec,07030004,-93.221536,46.125256,Specific conductance,Y,202,202,uS/cm,,,
2006-09-29,S004-067,07030004-523,SNAKE R,River/Stream,Kanabec,07030004,-93.221536,46.125256,pH,Y,6.7,6.7,None,,,
2006-09-29,S004-067,07030004-523,SNAKE R,River/Stream,Kanabec,07030004,-93.221536,46.125256,Dissolved oxygen (DO),Y,9.95,9.95,mg/L,,,
2006-09-29,S004-067,07030004-523,SNAKE R,River/Stream,Kanabec,07030004,-93.221536,46.125256,Sulfate,Y,6.1,6.1,mg/L,5,,mg/L
2006-09-29,S004-067,07030004-523,SNAKE R,River/Stream,Kanabec,07030004,-93.221536,46.125256,Phosphorus,Y,0.014,0.014,mg/L,0.003,,mg/L
2006-09-29,S004-067,07030004-523,SNAKE R,River/Stream,Kanabec,07030004,-93.221536,46.125256,Ammonia-nitrogen,N,,,,,0.05,mg/L
2006-09-29,S004-067,07030004-523,SNAKE R,River/Stream,Kanabec,07030004,-93.221536,46.125256,Escherichia coli,Y,8,8,/100mL,4,,/100mL
2006-09-14,S004-067,07030004-523,SNAKE R,River/Stream,Kanabec,07030004,-93.221536,46.125256,"Temperature, water",Y,16.9,16.9,deg C,,,
2006-09-14,S004-067,07030004-523,SNAKE R,River/Stream,Kanabec,07030004,-93.221536,46.125256,Specific conductance,Y,179,179,uS/cm,,,
2006-09-14,S004-067,07030004-523,SNAKE R,River/Stream,Kanabec,07030004,-93.221536,46.125256,pH,Y,7.76,7.76,None,,,
2006-09-14,S004-067,07030004-523,SNAKE R,River/Stream,Kanabec,07030004,-93.221536,46.125256,Dissolved oxygen (DO),Y,7.44,7.44,mg/L,,,
2006-09-14,S004-067,07030004-523,SNAKE R,River/Stream,Kanabec,07030004,-93.221536,46.125256,Sulfate,Y,6.6,6.6,mg/L,5,,mg/L
2006-09-14,S004-067,07030004-523,SNAKE R,River/Stream,Kanabec,07030004,-93.221536,46.125256,Phosphorus,Y,0.014,0.014,mg/L,0.003,,mg/L
2006-09-14,S004-067,07030004-523,SNAKE R,River/Stream,Kanabec,07030004,-93.221536,46.125256,Ammonia-nitrogen,N,,,,0.05,,mg/L
2006-09-14,S004-067,07030004-523,SNAKE R,River/Stream,Kanabec,07030004,-93.221536,46.125256,Chloride,Y,5,5.0,mg/L,1,,mg/L
2006-09-14,S004-067,07030004-523,SNAKE R,River/Stream,Kanabec,07030004,-93.221536,46.125256,Escherichia coli,Y,4,4,/100mL,4,,/100mL
2006-08-31,S004-067,07030004-523,SNAKE R,River/Stream,Kanabec,07030004,-93.221536,46.125256,Ammonia-nitrogen,N,,,,0.05,,mg/L
2006-08-31,S004-067,07030004-523,SNAKE R,River/Stream,Kanabec,07030004,-93.221536,46.125256,Phosphorus,Y,0.014,0.014,mg/L,0.003,,mg/L
2006-08-31,S004-067,07030004-523,SNAKE R,River/Stream,Kanabec,07030004,-93.221536,46.125256,Sulfate,N,,,,5,,mg/L
2006-08-31,S004-067,07030004-523,SNAKE R,River/Stream,Kanabec,07030004,-93.221536,46.125256,Dissolved oxygen (DO),Y,7.2,7.2,mg/L,,,
2006-08-31,S004-067,07030004-523,SNAKE R,River/Stream,Kanabec,07030004,-93.221536,46.125256,pH,Y,8.4,8.4,None,,,
2006-08-31,S004-067,07030004-523,SNAKE R,River/Stream,Kanabec,07030004,-93.221536,46.125256,Specific conductance,Y,198,198,uS/cm,,,
2006-08-31,S004-067,07030004-523,SNAKE R,River/Stream,Kanabec,07030004,-93.221536,46.125256,"Temperature, water",Y,19.5,19.5,deg C,,,
2006-08-31,S004-067,07030004-523,SNAKE R,River/Stream,Kanabec,07030004,-93.221536,46.125256,Chloride,Y,4.2,4.2,mg/L,1,,mg/L
2006-08-31,S004-067,07030004-523,SNAKE R,River/Stream,Kanabec,07030004,-93.221536,46.125256,Escherichia coli,Y,28,28,/100mL,4,,/100mL
2006-08-17,S004-067,07030004-523,SNAKE R,River/Stream,Kanabec,07030004,-93.221536,46.125256,Phosphorus,Y,0.023,0.023,mg/L,0.003,,mg/L
2006-08-17,S004-067,07030004-523,SNAKE R,River/Stream,Kanabec,07030004,-93.221536,46.125256,Ammonia-nitrogen,N,,,,0.05,,mg/L
2006-08-17,S004-067,07030004-523,SNAKE R,River/Stream,Kanabec,07030004,-93.221536,46.125256,Chloride,Y,3.7,3.7,mg/L,1,,mg/L
2006-08-17,S004-067,07030004-523,SNAKE R,River/Stream,Kanabec,07030004,-93.221536,46.125256,Escherichia coli,Y,20,20,/100mL,4,,/100mL
2006-08-17,S004-067,07030004-523,SNAKE R,River/Stream,Kanabec,07030004,-93.221536,46.125256,Specific conductance,Y,197,197,uS/cm,,,
2006-08-17,S004-067,07030004-523,SNAKE R,River/Stream,Kanabec,07030004,-93.221536,46.125256,pH,Y,8.28,8.28,None,,,
2006-08-17,S004-067,07030004-523,SNAKE R,River/Stream,Kanabec,07030004,-93.221536,46.125256,Dissolved oxygen (DO),Y,6.49,6.49,mg/L,,,
2006-08-17,S004-067,07030004-523,SNAKE R,River/Stream,Kanabec,07030004,-93.221536,46.125256,Sulfate,Y,5.2,5.2,mg/L,5,,mg/L
2006-08-17,S004-067,07030004-523,SNAKE R,River/Stream,Kanabec,07030004,-93.221536,46.125256,"Temperature, water",Y,22.9,22.9,deg C,,,
2006-08-03,S004-067,07030004-523,SNAKE R,River/Stream,Kanabec,07030004,-93.221536,46.125256,Escherichia coli,Y,24,24,/100mL,4,,/100mL
2006-08-03,S004-067,07030004-523,SNAKE R,River/Stream,Kanabec,07030004,-93.221536,46.125256,Chloride,Y,3.1,3.1,mg/L,1,,mg/L
2006-08-03,S004-067,07030004-523,SNAKE R,River/Stream,Kanabec,07030004,-93.221536,46.125256,Ammonia-nitrogen,N,,,,0.05,,mg/L
2006-08-03,S004-067,07030004-523,SNAKE R,River/Stream,Kanabec,07030004,-93.221536,46.125256,Phosphorus,Y,0.028,0.028,mg/L,0.003,,mg/L
2006-08-03,S004-067,07030004-523,SNAKE R,River/Stream,Kanabec,07030004,-93.221536,46.125256,Sulfate,Y,7.3,7.3,mg/L,5,,mg/L
2006-08-03,S004-067,07030004-523,SNAKE R,River/Stream,Kanabec,07030004,-93.221536,46.125256,Sulfate,Y,7.1,7.1,mg/L,5,,mg/L
2006-08-03,S004-067,07030004-523,SNAKE R,River/Stream,Kanabec,07030004,-93.221536,46.125256,Phosphorus,Y,0.029,0.029,mg/L,0.003,,mg/L
2006-08-03,S004-067,07030004-523,SNAKE R,River/Stream,Kanabec,07030004,-93.221536,46.125256,Ammonia-nitrogen,N,,,,0.05,,mg/L
2006-08-03,S004-067,07030004-523,SNAKE R,River/Stream,Kanabec,07030004,-93.221536,46.125256,Chloride,Y,3.1,3.1,mg/L,1,,mg/L
2006-08-03,S004-067,07030004-523,SNAKE R,River/Stream,Kanabec,07030004,-93.221536,46.125256,Escherichia coli,Y,8,8,/100mL,4,,/100mL
2006-08-03,S004-067,07030004-523,SNAKE R,River/Stream,Kanabec,07030004,-93.221536,46.125256,"Temperature, water",Y,24.1,24.1,deg C,,,
2006-08-03,S004-067,07030004-523,SNAKE R,River/Stream,Kanabec,07030004,-93.221536,46.125256,Specific conductance,Y,181,181,uS/cm,,,
2006-08-03,S004-067,07030004-523,SNAKE R,River/Stream,Kanabec,07030004,-93.221536,46.125256,pH,Y,8.12,8.12,None,,,
2006-08-03,S004-067,07030004-523,SNAKE R,River/Stream,Kanabec,07030004,-93.221536,46.125256,Dissolved oxygen (DO),Y,8.88,8.88,mg/L,,,
2006-07-20,S004-067,07030004-523,SNAKE R,River/Stream,Kanabec,07030004,-93.221536,46.125256,Ammonia-nitrogen,N,,,,0.05,,mg/L
2006-07-20,S004-067,07030004-523,SNAKE R,River/Stream,Kanabec,07030004,-93.221536,46.125256,Escherichia coli,Y,12,12,/100mL,4,,/100mL
2006-07-20,S004-067,07030004-523,SNAKE R,River/Stream,Kanabec,07030004,-93.221536,46.125256,Chloride,Y,3.1,3.1,mg/L,1,,mg/L
2006-07-20,S004-067,07030004-523,SNAKE R,River/Stream,Kanabec,07030004,-93.221536,46.125256,Phosphorus,Y,0.029,0.029,mg/L,0.003,,mg/L
2006-07-20,S004-067,07030004-523,SNAKE R,River/Stream,Kanabec,07030004,-93.221536,46.125256,Sulfate,Y,8.2,8.2,mg/L,5,,mg/L
2006-07-20,S004-067,07030004-523,SNAKE R,River/Stream,Kanabec,07030004,-93.221536,46.125256,Dissolved oxygen (DO),Y,9.61,9.61,mg/L,,,
2006-07-20,S004-067,07030004-523,SNAKE R,River/Stream,Kanabec,07030004,-93.221536,46.125256,pH,Y,7.55,7.55,None,,,
2006-07-20,S004-067,07030004-523,SNAKE R,River/Stream,Kanabec,07030004,-93.221536,46.125256,Specific conductance,Y,164,164,uS/cm,,,
2006-07-20,S004-067,07030004-523,SNAKE R,River/Stream,Kanabec,07030004,-93.221536,46.125256,"Temperature, water",Y,24.8,24.8,deg C,,,
2006-07-06,S004-067,07030004-523,SNAKE R,River/Stream,Kanabec,07030004,-93.221536,46.125256,Ammonia-nitrogen,N,,,,0.05,,mg/L
2006-07-06,S004-067,07030004-523,SNAKE R,River/Stream,Kanabec,07030004,-93.221536,46.125256,Escherichia coli,Y,16,16,/100mL,4,,/100mL
2006-07-06,S004-067,07030004-523,SNAKE R,River/Stream,Kanabec,07030004,-93.221536,46.125256,"Temperature, water",Y,25.7,25.7,deg C,,,
2006-07-06,S004-067,07030004-523,SNAKE R,River/Stream,Kanabec,07030004,-93.221536,46.125256,Specific conductance,Y,145,145,uS/cm,,,
2006-07-06,S004-067,07030004-523,SNAKE R,River/Stream,Kanabec,07030004,-93.221536,46.125256,pH,Y,6.9,6.9,None,,,
2006-07-06,S004-067,07030004-523,SNAKE R,River/Stream,Kanabec,07030004,-93.221536,46.125256,Dissolved oxygen (DO),Y,9.36,9.36,mg/L,,,
2006-07-06,S004-067,07030004-523,SNAKE R,River/Stream,Kanabec,07030004,-93.221536,46.125256,Sulfate,Y,10,10,mg/L,5,,mg/L
2006-07-06,S004-067,07030004-523,SNAKE R,River/Stream,Kanabec,07030004,-93.221536,46.125256,Phosphorus,Y,0.039,0.039,mg/L,0.003,,mg/L
2006-07-06,S004-067,07030004-523,SNAKE R,River/Stream,Kanabec,07030004,-93.221536,46.125256,Chloride,Y,3.1,3.1,mg/L,1,,mg/L
2006-06-22,S004-067,07030004-523,SNAKE R,River/Stream,Kanabec,07030004,-93.221536,46.125256,Specific conductance,Y,128,128,uS/cm,,,
2006-06-22,S004-067,07030004-523,SNAKE R,River/Stream,Kanabec,07030004,-93.221536,46.125256,pH,Y,7.98,7.98,None,,,
2006-06-22,S004-067,07030004-523,SNAKE R,River/Stream,Kanabec,07030004,-93.221536,46.125256,Ammonia-nitrogen,N,,,,0.05,,mg/L
2006-06-22,S004-067,07030004-523,SNAKE R,River/Stream,Kanabec,07030004,-93.221536,46.125256,Chloride,Y,3.4,3.4,mg/L,1,,mg/L
2006-06-22,S004-067,07030004-523,SNAKE R,River/Stream,Kanabec,07030004,-93.221536,46.125256,"Temperature, water",Y,21.7,21.7,deg C,,,
2006-06-22,S004-067,07030004-523,SNAKE R,River/Stream,Kanabec,07030004,-93.221536,46.125256,Phosphorus,Y,0.055,0.055,mg/L,0.003,,mg/L
2006-06-22,S004-067,07030004-523,SNAKE R,River/Stream,Kanabec,07030004,-93.221536,46.125256,Sulfate,Y,15,15,mg/L,5,,mg/L
2006-06-22,S004-067,07030004-523,SNAKE R,River/Stream,Kanabec,07030004,-93.221536,46.125256,Escherichia coli,Y,28,28,/100mL,4,,/100mL
2006-06-07,S004-067,07030004-523,SNAKE R,River/Stream,Kanabec,07030004,-93.221536,46.125256,Escherichia coli,Y,40,40,/100mL,4,,/100mL
2006-06-07,S004-067,07030004-523,SNAKE R,River/Stream,Kanabec,07030004,-93.221536,46.125256,Specific conductance,Y,110,110,uS/cm,,,
2006-06-07,S004-067,07030004-523,SNAKE R,River/Stream,Kanabec,07030004,-93.221536,46.125256,pH,Y,6.1,6.1,None,,,
2006-06-07,S004-067,07030004-523,SNAKE R,River/Stream,Kanabec,07030004,-93.221536,46.125256,Dissolved oxygen (DO),Y,9.1,9.1,mg/L,,,
2006-06-07,S004-067,07030004-523,SNAKE R,River/Stream,Kanabec,07030004,-93.221536,46.125256,Phosphorus,Y,0.063,0.063,mg/L,0.003,,mg/L
2006-06-07,S004-067,07030004-523,SNAKE R,River/Stream,Kanabec,07030004,-93.221536,46.125256,Sulfate,Y,9.9,9.9,mg/L,5,,mg/L
2006-06-07,S004-067,07030004-523,SNAKE R,River/Stream,Kanabec,07030004,-93.221536,46.125256,Ammonia-nitrogen,Y,0.12,0.12,mg/L,0.05,,mg/L
2006-06-07,S004-067,07030004-523,SNAKE R,River/Stream,Kanabec,07030004,-93.221536,46.125256,"Temperature, water",Y,25.2,25.2,deg C,,,
2006-06-07,S004-067,07030004-523,SNAKE R,River/Stream,Kanabec,07030004,-93.221536,46.125256,Chloride,Y,2.6,2.6,mg/L,1,,mg/L
2006-05-25,S004-067,07030004-523,SNAKE R,River/Stream,Kanabec,07030004,-93.221536,46.125256,Ammonia-nitrogen,N,,,,0.05,,mg/L
2006-05-25,S004-067,07030004-523,SNAKE R,River/Stream,Kanabec,07030004,-93.221536,46.125256,Chloride,Y,1.9,1.9,mg/L,1,,mg/L
2006-05-25,S004-067,07030004-523,SNAKE R,River/Stream,Kanabec,07030004,-93.221536,46.125256,Escherichia coli,Y,64,64,/100mL,4,,/100mL
2006-05-25,S004-067,07030004-523,SNAKE R,River/Stream,Kanabec,07030004,-93.221536,46.125256,Phosphorus,Y,0.031,0.031,mg/L,0.003,,mg/L
2006-05-25,S004-067,07030004-523,SNAKE R,River/Stream,Kanabec,07030004,-93.221536,46.125256,"Temperature, water",Y,17.69,17.69,deg C,,,
2006-05-25,S004-067,07030004-523,SNAKE R,River/Stream,Kanabec,07030004,-93.221536,46.125256,Specific conductance,Y,60,60,uS/cm,,,
2006-05-25,S004-067,07030004-523,SNAKE R,River/Stream,Kanabec,07030004,-93.221536,46.125256,pH,Y,7.7,7.7,None,,,
2006-05-25,S004-067,07030004-523,SNAKE R,River/Stream,Kanabec,07030004,-93.221536,46.125256,Dissolved oxygen (DO),Y,9.99,9.99,mg/L,,,
2006-05-25,S004-067,07030004-523,SNAKE R,River/Stream,Kanabec,07030004,-93.221536,46.125256,Sulfate,Y,10,10,mg/L,5,,mg/L
2010-10-10,S006-412,07030004-549,KNIFE RIVER,River/Stream,Kanabec,07030004,-93.354052,45.995967,"Temperature, water",Y,17.22,17.22,deg C,,,
2010-10-04,S006-412,07030004-549,KNIFE RIVER,River/Stream,Kanabec,07030004,-93.354052,45.995967,"Temperature, water",Y,12.22,12.22,deg C,,,
2010-09-19,S006-412,07030004-549,KNIFE RIVER,River/Stream,Kanabec,07030004,-93.354052,45.995967,"Temperature, water",Y,12.78,12.78,deg C,,,
2010-09-12,S006-412,07030004-549,KNIFE RIVER,River/Stream,Kanabec,07030004,-93.354052,45.995967,"Temperature, water",Y,18.89,18.89,deg C,,,
2010-09-07,S006-412,07030004-549,KNIFE RIVER,River/Stream,Kanabec,07030004,-93.354052,45.995967,"Temperature, water",Y,16.11,16.11,deg C,,,
2010-08-29,S006-412,07030004-549,KNIFE RIVER,River/Stream,Kanabec,07030004,-93.354052,45.995967,"Temperature, water",Y,20,20.00,deg C,,,
2010-08-22,S006-412,07030004-549,KNIFE RIVER,River/Stream,Kanabec,07030004,-93.354052,45.995967,"Temperature, water",Y,21.11,21.11,deg C,,,
2010-08-15,S006-412,07030004-549,KNIFE RIVER,River/Stream,Kanabec,07030004,-93.354052,45.995967,"Temperature, water",Y,20,20.00,deg C,,,
2010-08-13,S006-412,07030004-549,KNIFE RIVER,River/Stream,Kanabec,07030004,-93.354052,45.995967,"Temperature, water",Y,21.11,21.11,deg C,,,
2010-08-09,S006-412,07030004-549,KNIFE RIVER,River/Stream,Kanabec,07030004,-93.354052,45.995967,"Temperature, water",Y,27.22,27.22,deg C,,,
2010-07-14,S006-412,07030004-549,KNIFE RIVER,River/Stream,Kanabec,07030004,-93.354052,45.995967,"Temperature, water",Y,22.22,22.22,deg C,,,
2010-07-05,S006-412,07030004-549,KNIFE RIVER,River/Stream,Kanabec,07030004,-93.354052,45.995967,"Temperature, water",Y,27.78,27.78,deg C,,,
2010-06-27,S006-412,07030004-549,KNIFE RIVER,River/Stream,Kanabec,07030004,-93.354052,45.995967,"Temperature, water",Y,18.89,18.89,deg C,,,
2010-06-19,S006-412,07030004-549,KNIFE RIVER,River/Stream,Kanabec,07030004,-93.354052,45.995967,"Temperature, water",Y,18.89,18.89,deg C,,,
2010-06-13,S006-412,07030004-549,KNIFE RIVER,River/Stream,Kanabec,07030004,-93.354052,45.995967,"Temperature, water",Y,17.78,17.78,deg C,,,
2010-06-06,S006-412,07030004-549,KNIFE RIVER,River/Stream,Kanabec,07030004,-93.354052,45.995967,"Temperature, water",Y,21.11,21.11,deg C,,,
2010-05-31,S006-412,07030004-549,KNIFE RIVER,River/Stream,Kanabec,07030004,-93.354052,45.995967,"Temperature, water",Y,25,25.00,deg C,,,
2010-05-23,S006-412,07030004-549,KNIFE RIVER,River/Stream,Kanabec,07030004,-93.354052,45.995967,"Temperature, water",Y,22.22,22.22,deg C,,,
2010-05-16,S006-412,07030004-549,KNIFE RIVER,River/Stream,Kanabec,07030004,-93.354052,45.995967,"Temperature, water",Y,17.22,17.22,deg C,,,
2010-05-11,S006-412,07030004-549,KNIFE RIVER,River/Stream,Kanabec,07030004,-93.354052,45.995967,"Temperature, water",Y,7.78,7.78,deg C,,,
2010-05-09,S006-412,07030004-549,KNIFE RIVER,River/Stream,Kanabec,07030004,-93.354052,45.995967,"Temperature, water",Y,12.78,12.78,deg C,,,
2010-05-04,S006-412,07030004-549,KNIFE RIVER,River/Stream,Kanabec,07030004,-93.354052,45.995967,"Temperature, water",Y,15,15.00,deg C,,,
2010-04-25,S006-412,07030004-549,KNIFE RIVER,River/Stream,Kanabec,07030004,-93.354052,45.995967,"Temperature, water",Y,13.89,13.89,deg C,,,
2010-04-18,S006-412,07030004-549,KNIFE RIVER,River/Stream,Kanabec,07030004,-93.354052,45.995967,"Temperature, water",Y,17.22,17.22,deg C,,,
2010-04-11,S006-412,07030004-549,KNIFE RIVER,River/Stream,Kanabec,07030004,-93.354052,45.995967,"Temperature, water",Y,16.11,16.11,deg C,,,
2010-03-28,S006-412,07030004-549,KNIFE RIVER,River/Stream,Kanabec,07030004,-93.354052,45.995967,"Temperature, water",Y,6.11,6.11,deg C,,,
2010-03-21,S006-412,07030004-549,KNIFE RIVER,River/Stream,Kanabec,07030004,-93.354052,45.995967,"Temperature, water",Y,2.78,2.78,deg C,,,
2019-09-05,S006-423,07030004-528,UNNAMED STREAM,River/Stream,Pine,07030004,-93.06575,45.839108,Orthophosphate,Y,0.034,0.034,mg/L,0.002,0.0015,mg/L
2019-09-05,S006-423,07030004-528,UNNAMED STREAM,River/Stream,Pine,07030004,-93.06575,45.839108,Phosphorus,Y,0.059,0.059,mg/L,0.005,0.0024,mg/L
2019-09-05,S006-423,07030004-528,UNNAMED STREAM,River/Stream,Pine,07030004,-93.06575,45.839108,Flow,Y,0.76,0.76,cfs,,,
2019-07-16,S006-423,07030004-528,UNNAMED STREAM,River/Stream,Pine,07030004,-93.06575,45.839108,Phosphorus,Y,0.22,0.22,mg/L,0.005,0.0024,mg/L
2019-07-16,S006-423,07030004-528,UNNAMED STREAM,River/Stream,Pine,07030004,-93.06575,45.839108,Orthophosphate,Y,0.14,0.14,mg/L,0.002,0.0015,mg/L
2019-07-16,S006-423,07030004-528,UNNAMED STREAM,River/Stream,Pine,07030004,-93.06575,45.839108,Flow,Y,5.4,5.4,cfs,,,
2019-06-17,S006-423,07030004-528,UNNAMED STREAM,River/Stream,Pine,07030004,-93.06575,45.839108,Flow,Y,0.97,0.97,cfs,,,
2019-06-17,S006-423,07030004-528,UNNAMED STREAM,River/Stream,Pine,07030004,-93.06575,45.839108,Orthophosphate,Y,0.081,0.081,mg/L,0.002,0.0015,mg/L
2019-06-17,S006-423,07030004-528,UNNAMED STREAM,River/Stream,Pine,07030004,-93.06575,45.839108,Phosphorus,Y,0.13,0.13,mg/L,0.005,0.0024,mg/L
2019-05-16,S006-423,07030004-528,UNNAMED STREAM,River/Stream,Pine,07030004,-93.06575,45.839108,Phosphorus,Y,0.045,0.045,mg/L,0.005,0.0024,mg/L
2019-05-16,S006-423,07030004-528,UNNAMED STREAM,River/Stream,Pine,07030004,-93.06575,45.839108,Flow,Y,1.87,1.87,cfs,,,
2019-05-16,S006-423,07030004-528,UNNAMED STREAM,River/Stream,Pine,07030004,-93.06575,45.839108,Orthophosphate,Y,0.012,0.012,mg/L,0.002,0.0015,mg/L
2010-03-14,S006-423,07030004-528,UNNAMED STREAM,River/Stream,Pine,07030004,-93.06575,45.839108,Escherichia coli,N,,,MPN/100mL,,,
2010-03-14,S006-423,07030004-528,UNNAMED STREAM,River/Stream,Pine,07030004,-93.06575,45.839108,"Temperature, water",Y,2,2,deg C,,,
2019-09-24,S006-424,07030004-547,MISSION CREEK,River/Stream,Pine,07030004,-93.014709,45.846461,Dissolved oxygen (DO),Y,3.18,3.18,mg/L,,,
2019-09-24,S006-424,07030004-547,MISSION CREEK,River/Stream,Pine,07030004,-93.014709,45.846461,Specific conductance,Y,167,167,uS/cm,,,
2019-09-24,S006-424,07030004-547,MISSION CREEK,River/Stream,Pine,07030004,-93.014709,45.846461,pH,Y,7.54,7.54,None,,,
2019-09-24,S006-424,07030004-547,MISSION CREEK,River/Stream,Pine,07030004,-93.014709,45.846461,"Temperature, water",Y,16.28,16.28,deg C,,,
2019-09-10,S006-424,07030004-547,MISSION CREEK,River/Stream,Pine,07030004,-93.014709,45.846461,Phosphorus,Y,0.067,0.067,mg/L,0.003,0.002,mg/L
2019-09-10,S006-424,07030004-547,MISSION CREEK,River/Stream,Pine,07030004,-93.014709,45.846461,Dissolved oxygen (DO),Y,6.27,6.27,mg/L,,,
2019-09-10,S006-424,07030004-547,MISSION CREEK,River/Stream,Pine,07030004,-93.014709,45.846461,pH,Y,8.22,8.22,None,,,
2019-09-10,S006-424,07030004-547,MISSION CREEK,River/Stream,Pine,07030004,-93.014709,45.846461,Specific conductance,Y,116,116,uS/cm,,,
2019-09-10,S006-424,07030004-547,MISSION CREEK,River/Stream,Pine,07030004,-93.014709,45.846461,"Temperature, water",Y,16.22,16.22,deg C,,,
2019-08-27,S006-424,07030004-547,MISSION CREEK,River/Stream,Pine,07030004,-93.014709,45.846461,Dissolved oxygen (DO),Y,4.67,4.67,mg/L,,,
2019-08-27,S006-424,07030004-547,MISSION CREEK,River/Stream,Pine,07030004,-93.014709,45.846461,pH,Y,6.88,6.88,None,,,
2019-08-27,S006-424,07030004-547,MISSION CREEK,River/Stream,Pine,07030004,-93.014709,45.846461,Specific conductance,Y,245,245,uS/cm,,,
2019-08-27,S006-424,07030004-547,MISSION CREEK,River/Stream,Pine,07030004,-93.014709,45.846461,"Temperature, water",Y,16.54,16.54,deg C,,,
2019-08-27,S006-424,07030004-547,MISSION CREEK,River/Stream,Pine,07030004,-93.014709,45.846461,Phosphorus,Y,0.086,0.086,mg/L,0.003,0.002,mg/L
2019-08-12,S006-424,07030004-547,MISSION CREEK,River/Stream,Pine,07030004,-93.014709,45.846461,"Temperature, water",Y,22.37,22.37,deg C,,,
2019-08-12,S006-424,07030004-547,MISSION CREEK,River/Stream,Pine,07030004,-93.014709,45.846461,pH,Y,7.14,7.14,None,,,
2019-08-12,S006-424,07030004-547,MISSION CREEK,River/Stream,Pine,07030004,-93.014709,45.846461,Dissolved oxygen (DO),Y,3.11,3.11,mg/L,,,
2019-08-05,S006-424,07030004-547,MISSION CREEK,River/Stream,Pine,07030004,-93.014709,45.846461,"Temperature, water",Y,24.21,24.21,deg C,,,
2019-08-05,S006-424,07030004-547,MISSION CREEK,River/Stream,Pine,07030004,-93.014709,45.846461,Phosphorus,Y,0.138,0.138,mg/L,0.003,0.002,mg/L
2019-08-05,S006-424,07030004-547,MISSION CREEK,River/Stream,Pine,07030004,-93.014709,45.846461,pH,Y,7.18,7.18,None,,,
2019-08-05,S006-424,07030004-547,MISSION CREEK,River/Stream,Pine,07030004,-93.014709,45.846461,Dissolved oxygen (DO),Y,2.73,2.73,mg/L,,,
2019-08-05,S006-424,07030004-547,MISSION CREEK,River/Stream,Pine,07030004,-93.014709,45.846461,Specific conductance,Y,169,169,uS/cm,,,
2019-07-30,S006-424,07030004-547,MISSION CREEK,River/Stream,Pine,07030004,-93.014709,45.846461,Dissolved oxygen (DO),Y,3.27,3.27,mg/L,,,
2019-07-30,S006-424,07030004-547,MISSION CREEK,River/Stream,Pine,07030004,-93.014709,45.846461,pH,Y,6.77,6.77,None,,,
2019-07-30,S006-424,07030004-547,MISSION CREEK,River/Stream,Pine,07030004,-93.014709,45.846461,"Temperature, water",Y,19.83,19.83,deg C,,,
2019-07-30,S006-424,07030004-547,MISSION CREEK,River/Stream,Pine,07030004,-93.014709,45.846461,Specific conductance,Y,210,210,uS/cm,,,
2019-07-23,S006-424,07030004-547,MISSION CREEK,River/Stream,Pine,07030004,-93.014709,45.846461,pH,Y,6.59,6.59,None,,,
2019-07-23,S006-424,07030004-547,MISSION CREEK,River/Stream,Pine,07030004,-93.014709,45.846461,Specific conductance,Y,187,187,uS/cm,,,
2019-07-23,S006-424,07030004-547,MISSION CREEK,River/Stream,Pine,07030004,-93.014709,45.846461,"Temperature, water",Y,21.07,21.07,deg C,,,
2019-07-23,S006-424,07030004-547,MISSION CREEK,River/Stream,Pine,07030004,-93.014709,45.846461,Dissolved oxygen (DO),Y,1.62,1.62,mg/L,,,
2019-07-09,S006-424,07030004-547,MISSION CREEK,River/Stream,Pine,07030004,-93.014709,45.846461,pH,Y,6.83,6.83,None,,,
2019-07-09,S006-424,07030004-547,MISSION CREEK,River/Stream,Pine,07030004,-93.014709,45.846461,Dissolved oxygen (DO),Y,1.2,1.20,mg/L,,,
2019-07-09,S006-424,07030004-547,MISSION CREEK,River/Stream,Pine,07030004,-93.014709,45.846461,"Temperature, water",Y,23.56,23.56,deg C,,,
2019-07-09,S006-424,07030004-547,MISSION CREEK,River/Stream,Pine,07030004,-93.014709,45.846461,Phosphorus,Y,0.165,0.165,mg/L,0.003,0.002,mg/L
2019-07-09,S006-424,07030004-547,MISSION CREEK,River/Stream,Pine,07030004,-93.014709,45.846461,Specific conductance,Y,166,166,uS/cm,,,
2019-06-25,S006-424,07030004-547,MISSION CREEK,River/Stream,Pine,07030004,-93.014709,45.846461,Phosphorus,Y,0.087,0.087,mg/L,0.003,0.002,mg/L
2019-06-25,S006-424,07030004-547,MISSION CREEK,River/Stream,Pine,07030004,-93.014709,45.846461,Specific conductance,Y,202,202,uS/cm,,,
2019-06-25,S006-424,07030004-547,MISSION CREEK,River/Stream,Pine,07030004,-93.014709,45.846461,Dissolved oxygen (DO),Y,6.32,6.32,mg/L,,,
2019-06-25,S006-424,07030004-547,MISSION CREEK,River/Stream,Pine,07030004,-93.014709,45.846461,"Temperature, water",Y,16.7,16.70,deg C,,,
2019-06-18,S006-424,07030004-547,MISSION CREEK,River/Stream,Pine,07030004,-93.014709,45.846461,"Temperature, water",Y,17.45,17.45,deg C,,,
2019-06-18,S006-424,07030004-547,MISSION CREEK,River/Stream,Pine,07030004,-93.014709,45.846461,Specific conductance,Y,173,173,uS/cm,,,
2019-06-18,S006-424,07030004-547,MISSION CREEK,River/Stream,Pine,07030004,-93.014709,45.846461,pH,Y,7.26,7.26,None,,,
2019-06-18,S006-424,07030004-547,MISSION CREEK,River/Stream,Pine,07030004,-93.014709,45.846461,Dissolved oxygen (DO),Y,8.25,8.25,mg/L,,,
2019-06-11,S006-424,07030004-547,MISSION CREEK,River/Stream,Pine,07030004,-93.014709,45.846461,"Temperature, water",Y,16.77,16.77,deg C,,,
2019-06-11,S006-424,07030004-547,MISSION CREEK,River/Stream,Pine,07030004,-93.014709,45.846461,Phosphorus,Y,0.078,0.078,mg/L,0.003,0.002,mg/L
2019-06-11,S006-424,07030004-547,MISSION CREEK,River/Stream,Pine,07030004,-93.014709,45.846461,Specific conductance,Y,183,183,uS/cm,,,
2019-06-11,S006-424,07030004-547,MISSION CREEK,River/Stream,Pine,07030004,-93.014709,45.846461,pH,Y,7.14,7.14,None,,,
2019-06-11,S006-424,07030004-547,MISSION CREEK,River/Stream,Pine,07030004,-93.014709,45.846461,Dissolved oxygen (DO),Y,8.47,8.47,mg/L,,,
2011-09-26,S006-424,07030004-547,MISSION CREEK,River/Stream,Pine,07030004,-93.014709,45.846461,Turbidity,Y,1.1,1.1,FNMU,,,
2011-09-26,S006-424,07030004-547,MISSION CREEK,River/Stream,Pine,07030004,-93.014709,45.846461,"Temperature, water",Y,11.8,11.8,deg C,,,
2011-09-26,S006-424,07030004-547,MISSION CREEK,River/Stream,Pine,07030004,-93.014709,45.846461,Specific conductance,Y,268,268,uS/cm,,,
2011-09-26,S006-424,07030004-547,MISSION CREEK,River/Stream,Pine,07030004,-93.014709,45.846461,pH,Y,6.95,6.95,None,,,
2011-09-26,S006-424,07030004-547,MISSION CREEK,River/Stream,Pine,07030004,-93.014709,45.846461,Dissolved oxygen (DO),Y,4.85,4.85,mg/L,,,
2011-09-15,S006-424,07030004-547,MISSION CREEK,River/Stream,Pine,07030004,-93.014709,45.846461,Dissolved oxygen (DO),Y,2.49,2.49,mg/L,,,
2011-09-15,S006-424,07030004-547,MISSION CREEK,River/Stream,Pine,07030004,-93.014709,45.846461,pH,Y,6.86,6.86,None,,,
2011-09-15,S006-424,07030004-547,MISSION CREEK,River/Stream,Pine,07030004,-93.014709,45.846461,Specific conductance,Y,265,265,uS/cm,,,
2011-09-15,S006-424,07030004-547,MISSION CREEK,River/Stream,Pine,07030004,-93.014709,45.846461,"Temperature, water",Y,12.6,12.6,deg C,,,
2011-09-15,S006-424,07030004-547,MISSION CREEK,River/Stream,Pine,07030004,-93.014709,45.846461,Turbidity,Y,1.8,1.8,FNMU,,,
2011-08-27,S006-424,07030004-547,MISSION CREEK,River/Stream,Pine,07030004,-93.014709,45.846461,"Temperature, water",Y,21.8,21.8,deg C,,,
2011-08-27,S006-424,07030004-547,MISSION CREEK,River/Stream,Pine,07030004,-93.014709,45.846461,Specific conductance,Y,250,250,uS/cm,,,
2011-08-27,S006-424,07030004-547,MISSION CREEK,River/Stream,Pine,07030004,-93.014709,45.846461,pH,Y,6.74,6.74,None,,,
2011-08-27,S006-424,07030004-547,MISSION CREEK,River/Stream,Pine,07030004,-93.014709,45.846461,Dissolved oxygen (DO),Y,0.71,0.71,mg/L,,,
2011-08-27,S006-424,07030004-547,MISSION CREEK,River/Stream,Pine,07030004,-93.014709,45.846461,Turbidity,Y,4.3,4.3,FNMU,,,
2011-07-11,S006-424,07030004-547,MISSION CREEK,River/Stream,Pine,07030004,-93.014709,45.846461,Dissolved oxygen (DO),Y,2.76,2.76,mg/L,,,
2011-07-11,S006-424,07030004-547,MISSION CREEK,River/Stream,Pine,07030004,-93.014709,45.846461,"Temperature, water",Y,27.8,27.8,deg C,,,
2011-07-11,S006-424,07030004-547,MISSION CREEK,River/Stream,Pine,07030004,-93.014709,45.846461,Specific conductance,Y,228,228,uS/cm,,,
2011-07-11,S006-424,07030004-547,MISSION CREEK,River/Stream,Pine,07030004,-93.014709,45.846461,pH,Y,6.74,6.74,None,,,
2011-07-11,S006-424,07030004-547,MISSION CREEK,River/Stream,Pine,07030004,-93.014709,45.846461,Turbidity,Y,10.8,10.8,FNMU,,,
2011-06-06,S006-424,07030004-547,MISSION CREEK,River/Stream,Pine,07030004,-93.014709,45.846461,Dissolved oxygen (DO),Y,2.9,2.90,mg/L,,,
2011-06-06,S006-424,07030004-547,MISSION CREEK,River/Stream,Pine,07030004,-93.014709,45.846461,pH,Y,6.93,6.93,None,,,
2011-06-06,S006-424,07030004-547,MISSION CREEK,River/Stream,Pine,07030004,-93.014709,45.846461,Specific conductance,Y,189,189,uS/cm,,,
2011-06-06,S006-424,07030004-547,MISSION CREEK,River/Stream,Pine,07030004,-93.014709,45.846461,"Temperature, water",Y,23.3,23.3,deg C,,,
2011-06-06,S006-424,07030004-547,MISSION CREEK,River/Stream,Pine,07030004,-93.014709,45.846461,Turbidity,Y,1.6,1.6,FNMU,,,
2011-05-23,S006-424,07030004-547,MISSION CREEK,River/Stream,Pine,07030004,-93.014709,45.846461,Specific conductance,Y,186,186,uS/cm,,,
2011-05-23,S006-424,07030004-547,MISSION CREEK,River/Stream,Pine,07030004,-93.014709,45.846461,pH,Y,6.79,6.79,None,,,
2011-05-23,S006-424,07030004-547,MISSION CREEK,River/Stream,Pine,07030004,-93.014709,45.846461,"Temperature, water",Y,16,16.0,deg C,,,
2011-05-23,S006-424,07030004-547,MISSION CREEK,River/Stream,Pine,07030004,-93.014709,45.846461,Dissolved oxygen (DO),Y,2.55,2.55,mg/L,,,
2011-05-23,S006-424,07030004-547,MISSION CREEK,River/Stream,Pine,07030004,-93.014709,45.846461,Turbidity,Y,3.1,3.1,FNMU,,,
2011-05-09,S006-424,07030004-547,MISSION CREEK,River/Stream,Pine,07030004,-93.014709,45.846461,Specific conductance,Y,157,157,uS/cm,,,
2011-05-09,S006-424,07030004-547,MISSION CREEK,River/Stream,Pine,07030004,-93.014709,45.846461,pH,Y,7.17,7.17,None,,,
2011-05-09,S006-424,07030004-547,MISSION CREEK,River/Stream,Pine,07030004,-93.014709,45.846461,Dissolved oxygen (DO),Y,7.99,7.99,mg/L,,,
2011-05-09,S006-424,07030004-547,MISSION CREEK,River/Stream,Pine,07030004,-93.014709,45.846461,Turbidity,Y,1.8,1.8,FNMU,,,
2011-05-09,S006-424,07030004-547,MISSION CREEK,River/Stream,Pine,07030004,-93.014709,45.846461,"Temperature, water",Y,13.7,13.7,deg C,,,
2010-09-20,S006-424,07030004-547,MISSION CREEK,River/Stream,Pine,07030004,-93.014709,45.846461,"Temperature, water",Y,12.1,12.1,deg C,,,
2010-09-20,S006-424,07030004-547,MISSION CREEK,River/Stream,Pine,07030004,-93.014709,45.846461,Specific conductance,Y,193,193,uS/cm,,,
2010-09-20,S006-424,07030004-547,MISSION CREEK,River/Stream,Pine,07030004,-93.014709,45.846461,pH,Y,7,7.00,None,,,
2010-09-20,S006-424,07030004-547,MISSION CREEK,River/Stream,Pine,07030004,-93.014709,45.846461,Dissolved oxygen (DO),Y,3.9,3.90,mg/L,,,
2010-09-20,S006-424,07030004-547,MISSION CREEK,River/Stream,Pine,07030004,-93.014709,45.846461,Turbidity,Y,0.6,0.6,FNMU,,,
2010-09-08,S006-424,07030004-547,MISSION CREEK,River/Stream,Pine,07030004,-93.014709,45.846461,Dissolved oxygen (DO),Y,1.77,1.77,mg/L,,,
2010-09-08,S006-424,07030004-547,MISSION CREEK,River/Stream,Pine,07030004,-93.014709,45.846461,pH,Y,6.79,6.79,None,,,
2010-09-08,S006-424,07030004-547,MISSION CREEK,River/Stream,Pine,07030004,-93.014709,45.846461,Specific conductance,Y,192,192,uS/cm,,,
2010-09-08,S006-424,07030004-547,MISSION CREEK,River/Stream,Pine,07030004,-93.014709,45.846461,"Temperature, water",Y,15.6,15.6,deg C,,,
2010-09-08,S006-424,07030004-547,MISSION CREEK,River/Stream,Pine,07030004,-93.014709,45.846461,Turbidity,Y,1.5,1.5,FNMU,,,
2010-08-17,S006-424,07030004-547,MISSION CREEK,River/Stream,Pine,07030004,-93.014709,45.846461,"Temperature, water",Y,20.9,20.9,deg C,,,
2010-08-17,S006-424,07030004-547,MISSION CREEK,River/Stream,Pine,07030004,-93.014709,45.846461,Specific conductance,Y,149,149,uS/cm,,,
2010-08-17,S006-424,07030004-547,MISSION CREEK,River/Stream,Pine,07030004,-93.014709,45.846461,pH,Y,6.53,6.53,None,,,
2010-08-17,S006-424,07030004-547,MISSION CREEK,River/Stream,Pine,07030004,-93.014709,45.846461,Dissolved oxygen (DO),Y,0.56,0.56,mg/L,,,
2010-08-17,S006-424,07030004-547,MISSION CREEK,River/Stream,Pine,07030004,-93.014709,45.846461,Turbidity,Y,0,0,FNMU,,,
2010-08-02,S006-424,07030004-547,MISSION CREEK,River/Stream,Pine,07030004,-93.014709,45.846461,Dissolved oxygen (DO),Y,0.53,0.53,mg/L,,,
2010-08-02,S006-424,07030004-547,MISSION CREEK,River/Stream,Pine,07030004,-93.014709,45.846461,pH,Y,6.81,6.81,None,,,
2010-08-02,S006-424,07030004-547,MISSION CREEK,River/Stream,Pine,07030004,-93.014709,45.846461,Specific conductance,Y,248,248,uS/cm,,,
2010-08-02,S006-424,07030004-547,MISSION CREEK,River/Stream,Pine,07030004,-93.014709,45.846461,"Temperature, water",Y,22.9,22.9,deg C,,,
2010-08-02,S006-424,07030004-547,MISSION CREEK,River/Stream,Pine,07030004,-93.014709,45.846461,Turbidity,Y,1.3,1.3,FNMU,,,
2010-07-19,S006-424,07030004-547,MISSION CREEK,River/Stream,Pine,07030004,-93.014709,45.846461,Turbidity,Y,1.9,1.9,FNMU,,,
2010-07-19,S006-424,07030004-547,MISSION CREEK,River/Stream,Pine,07030004,-93.014709,45.846461,"Temperature, water",Y,22.1,22.1,deg C,,,
2010-07-19,S006-424,07030004-547,MISSION CREEK,River/Stream,Pine,07030004,-93.014709,45.846461,Specific conductance,Y,244,244,uS/cm,,,
2010-07-19,S006-424,07030004-547,MISSION CREEK,River/Stream,Pine,07030004,-93.014709,45.846461,Dissolved oxygen (DO),Y,0.99,0.99,mg/L,,,
2010-07-19,S006-424,07030004-547,MISSION CREEK,River/Stream,Pine,07030004,-93.014709,45.846461,pH,Y,6.92,6.92,None,,,
2011-03-20,S006-425,,INTERMITTENT STREAM,River/Stream,Pine,07030004,-93.035804,45.86968,Escherichia coli,N,,,MPN/100mL,33,33,MPN/100mL
2010-06-15,S006-425,,INTERMITTENT STREAM,River/Stream,Pine,07030004,-93.035804,45.86968,"Temperature, water",Y,18,18,deg C,,,
2010-06-15,S006-425,,INTERMITTENT STREAM,River/Stream,Pine,07030004,-93.035804,45.86968,Escherichia coli,Y,7000,7000,MPN/100mL,,,
2010-03-14,S006-425,,INTERMITTENT STREAM,River/Stream,Pine,07030004,-93.035804,45.86968,Escherichia coli,N,,,MPN/100mL,,,
2010-03-14,S006-425,,INTERMITTENT STREAM,River/Stream,Pine,07030004,-93.035804,45.86968,"Temperature, water",Y,4,4,deg C,,,
2011-03-20,S006-426,,INTERMITTENT STREAM,River/Stream,Pine,07030004,-93.036516,45.871076,Escherichia coli,Y,300,300,MPN/100mL,33,33,MPN/100mL
2010-06-15,S006-426,,INTERMITTENT STREAM,River/Stream,Pine,07030004,-93.036516,45.871076,"Temperature, water",Y,18,18,deg C,,,
2010-06-15,S006-426,,INTERMITTENT STREAM,River/Stream,Pine,07030004,-93.036516,45.871076,Escherichia coli,Y,10000,10000,MPN/100mL,,,
2019-09-05,S006-435,07030004-528,Unnamed Stream,River/Stream,Pine,07030004,-93.064093,45.846356,Flow,Y,2.4,2.4,cfs,,,
2019-09-05,S006-435,07030004-528,Unnamed Stream,River/Stream,Pine,07030004,-93.064093,45.846356,Orthophosphate,Y,0.045,0.045,mg/L,0.002,0.0015,mg/L
2019-09-05,S006-435,07030004-528,Unnamed Stream,River/Stream,Pine,07030004,-93.064093,45.846356,Phosphorus,Y,0.08,0.08,mg/L,0.005,0.0024,mg/L
2019-07-16,S006-435,07030004-528,Unnamed Stream,River/Stream,Pine,07030004,-93.064093,45.846356,Orthophosphate,Y,0.15,0.15,mg/L,0.002,0.0015,mg/L
2019-07-16,S006-435,07030004-528,Unnamed Stream,River/Stream,Pine,07030004,-93.064093,45.846356,Phosphorus,Y,0.23,0.23,mg/L,0.005,0.0024,mg/L
2019-07-16,S006-435,07030004-528,Unnamed Stream,River/Stream,Pine,07030004,-93.064093,45.846356,Flow,Y,6.6,6.6,cfs,,,
2019-06-17,S006-435,07030004-528,Unnamed Stream,River/Stream,Pine,07030004,-93.064093,45.846356,Phosphorus,Y,0.17,0.17,mg/L,0.005,0.0024,mg/L
2019-06-17,S006-435,07030004-528,Unnamed Stream,River/Stream,Pine,07030004,-93.064093,45.846356,Orthophosphate,Y,0.082,0.082,mg/L,0.002,0.0015,mg/L
2019-06-17,S006-435,07030004-528,Unnamed Stream,River/Stream,Pine,07030004,-93.064093,45.846356,Flow,Y,1.4,1.4,cfs,,,
2019-05-16,S006-435,07030004-528,Unnamed Stream,River/Stream,Pine,07030004,-93.064093,45.846356,Phosphorus,Y,0.042,0.042,mg/L,0.005,0.0024,mg/L
2019-05-16,S006-435,07030004-528,Unnamed Stream,River/Stream,Pine,07030004,-93.064093,45.846356,Flow,Y,2.9,2.9,cfs,,,
2019-05-16,S006-435,07030004-528,Unnamed Stream,River/Stream,Pine,07030004,-93.064093,45.846356,Orthophosphate,Y,0.017,0.017,mg/L,0.002,0.0015,mg/L
2010-03-14,S006-435,07030004-528,Unnamed Stream,River/Stream,Pine,07030004,-93.064093,45.846356,Escherichia coli,Y,100,100,MPN/100mL,,,
2010-03-14,S006-435,07030004-528,Unnamed Stream,River/Stream,Pine,07030004,-93.064093,45.846356,"Temperature, water",Y,2,2,deg C,,,
2010-06-15,S006-436,,Intermittent Stream,River/Stream,Pine,07030004,-93.049551,45.838003,Escherichia coli,Y,5100,5100,MPN/100mL,,,
2010-06-15,S006-436,,Intermittent Stream,River/Stream,Pine,07030004,-93.049551,45.838003,"Temperature, water",Y,18,18,deg C,,,
2010-11-02,S006-558,07030004-549,UNNAMED DITCH,River/Stream,Kanabec,07030004,-93.33943,45.98171,Escherichia coli,Y,2400,2400,MPN/100mL,1,1,MPN/100mL
2010-11-02,S006-558,07030004-549,UNNAMED DITCH,River/Stream,Kanabec,07030004,-93.33943,45.98171,Phosphorus,Y,0.95,0.950,mg/L,0.007,0.001,mg/L
2010-11-02,S006-558,07030004-549,UNNAMED DITCH,River/Stream,Kanabec,07030004,-93.33943,45.98171,Orthophosphate,Y,0.586,0.586,mg/L,0.002,0.001,mg/L
2010-10-28,S006-558,07030004-549,UNNAMED DITCH,River/Stream,Kanabec,07030004,-93.33943,45.98171,Escherichia coli,Y,2400,2400,MPN/100mL,1,1,MPN/100mL
2010-10-28,S006-558,07030004-549,UNNAMED DITCH,River/Stream,Kanabec,07030004,-93.33943,45.98171,Phosphorus,Y,1.69,1.690,mg/L,0.007,0.001,mg/L
2010-10-28,S006-558,07030004-549,UNNAMED DITCH,River/Stream,Kanabec,07030004,-93.33943,45.98171,Orthophosphate,Y,1.54,1.540,mg/L,0.002,0.001,mg/L
2024-05-20,S006-919,07030004-506,Snake River,River/Stream,Kanabec,07030004,-93.298031,45.907945,"Temperature, water",Y,18.89,18.89,deg C,,,
2011-09-12,S006-919,07030004-506,Snake River,River/Stream,Kanabec,07030004,-93.298031,45.907945,"Temperature, water",Y,21.1,21.1,deg C,,,
2011-08-16,S006-919,07030004-506,Snake River,River/Stream,Kanabec,07030004,-93.298031,45.907945,"Temperature, water",Y,20.6,20.6,deg C,,,
2011-07-19,S006-919,07030004-506,Snake River,River/Stream,Kanabec,07030004,-93.298031,45.907945,"Temperature, water",Y,24.4,24.4,deg C,,,
2011-07-11,S006-919,07030004-506,Snake River,River/Stream,Kanabec,07030004,-93.298031,45.907945,"Temperature, water",Y,24.4,24.4,deg C,,,
2011-06-28,S006-919,07030004-506,Snake River,River/Stream,Kanabec,07030004,-93.298031,45.907945,"Temperature, water",Y,18.9,18.9,deg C,,,
2011-06-18,S006-919,07030004-506,Snake River,River/Stream,Kanabec,07030004,-93.298031,45.907945,"Temperature, water",Y,17.2,17.2,deg C,,,
2011-06-07,S006-919,07030004-506,Snake River,River/Stream,Kanabec,07030004,-93.298031,45.907945,"Temperature, water",Y,22.2,22.2,deg C,,,
2011-05-17,S006-919,07030004-506,Snake River,River/Stream,Kanabec,07030004,-93.298031,45.907945,"Temperature, water",Y,12.2,12.2,deg C,,,
2011-05-11,S006-919,07030004-506,Snake River,River/Stream,Kanabec,07030004,-93.298031,45.907945,"Temperature, water",Y,13.3,13.3,deg C,,,
2011-05-09,S006-919,07030004-506,Snake River,River/Stream,Kanabec,07030004,-93.298031,45.907945,"Temperature, water",Y,11.1,11.1,deg C,,,
2011-05-04,S006-919,07030004-506,Snake River,River/Stream,Kanabec,07030004,-93.298031,45.907945,"Temperature, water",Y,7.2,7.2,deg C,,,
2011-04-19,S006-919,07030004-506,Snake River,River/Stream,Kanabec,07030004,-93.298031,45.907945,"Temperature, water",Y,4.4,4.4,deg C,,,
2011-04-11,S006-919,07030004-506,Snake River,River/Stream,Kanabec,07030004,-93.298031,45.907945,"Temperature, water",Y,7.8,7.8,deg C,,,
2011-09-12,S006-920,07030004-551,Knife River,River/Stream,Kanabec,07030004,-93.298475,45.908171,"Temperature, water",Y,21.1,21.1,deg C,,,
2011-08-16,S006-920,07030004-551,Knife River,River/Stream,Kanabec,07030004,-93.298475,45.908171,"Temperature, water",Y,22.2,22.2,deg C,,,
2011-07-19,S006-920,07030004-551,Knife River,River/Stream,Kanabec,07030004,-93.298475,45.908171,"Temperature, water",Y,26.7,26.7,deg C,,,
2011-07-11,S006-920,07030004-551,Knife River,River/Stream,Kanabec,07030004,-93.298475,45.908171,"Temperature, water",Y,25.6,25.6,deg C,,,
2011-07-11,S006-920,07030004-551,Knife River,River/Stream,Kanabec,07030004,-93.298475,45.908171,"Temperature, water",Y,25.6,25.6,deg C,,,
2011-06-29,S006-920,07030004-551,Knife River,River/Stream,Kanabec,07030004,-93.298475,45.908171,"Temperature, water",Y,22.2,22.2,deg C,,,
2011-06-18,S006-920,07030004-551,Knife River,River/Stream,Kanabec,07030004,-93.298475,45.908171,"Temperature, water",Y,18.9,18.9,deg C,,,
2011-06-07,S006-920,07030004-551,Knife River,River/Stream,Kanabec,07030004,-93.298475,45.908171,"Temperature, water",Y,25.6,25.6,deg C,,,
2011-05-31,S006-920,07030004-551,Knife River,River/Stream,Kanabec,07030004,-93.298475,45.908171,"Temperature, water",Y,16.7,16.7,deg C,,,
2011-05-17,S006-920,07030004-551,Knife River,River/Stream,Kanabec,07030004,-93.298475,45.908171,"Temperature, water",Y,12.2,12.2,deg C,,,
2011-05-09,S006-920,07030004-551,Knife River,River/Stream,Kanabec,07030004,-93.298475,45.908171,"Temperature, water",Y,11.1,11.1,deg C,,,
2011-05-04,S006-920,07030004-551,Knife River,River/Stream,Kanabec,07030004,-93.298475,45.908171,"Temperature, water",Y,8.9,8.9,deg C,,,
2011-04-18,S006-920,07030004-551,Knife River,River/Stream,Kanabec,07030004,-93.298475,45.908171,"Temperature, water",Y,4.4,4.4,deg C,,,
2011-04-11,S006-920,07030004-551,Knife River,River/Stream,Kanabec,07030004,-93.298475,45.908171,"Temperature, water",Y,5.6,5.6,deg C,,,
2019-10-28,S007-150,07030004-506,Snake River,River/Stream,Kanabec,07030004,-93.2311,46.0246,Phosphorus,Y,0.022,0.022,mg/L,0.003,0.002,mg/L
2019-10-28,S007-150,07030004-506,Snake River,River/Stream,Kanabec,07030004,-93.2311,46.0246,Kjeldahl nitrogen,Y,0.69,0.69,mg/L,0.2,0.17,mg/L
2019-10-23,S007-150,07030004-506,Snake River,River/Stream,Kanabec,07030004,-93.2311,46.0246,Kjeldahl nitrogen,Y,0.62,0.62,mg/L,0.2,0.17,mg/L
2019-10-23,S007-150,07030004-506,Snake River,River/Stream,Kanabec,07030004,-93.2311,46.0246,Phosphorus,Y,0.037,0.037,mg/L,0.003,0.002,mg/L
2019-10-22,S007-150,07030004-506,Snake River,River/Stream,Kanabec,07030004,-93.2311,46.0246,Phosphorus,Y,0.059,0.059,mg/L,0.003,0.002,mg/L
2019-10-22,S007-150,07030004-506,Snake River,River/Stream,Kanabec,07030004,-93.2311,46.0246,Kjeldahl nitrogen,Y,0.76,0.76,mg/L,0.2,0.17,mg/L
2019-10-09,S007-150,07030004-506,Snake River,River/Stream,Kanabec,07030004,-93.2311,46.0246,Phosphorus,Y,0.03,0.03,mg/L,0.003,0.002,mg/L
2019-10-09,S007-150,07030004-506,Snake River,River/Stream,Kanabec,07030004,-93.2311,46.0246,Kjeldahl nitrogen,Y,0.7,0.7,mg/L,0.2,0.17,mg/L
2019-10-07,S007-150,07030004-506,Snake River,River/Stream,Kanabec,07030004,-93.2311,46.0246,Kjeldahl nitrogen,Y,0.832,0.832,mg/L,0.2,0.17,mg/L
2019-10-04,S007-150,07030004-506,Snake River,River/Stream,Kanabec,07030004,-93.2311,46.0246,pH,Y,6.23,6.23,None,,,
2019-10-04,S007-150,07030004-506,Snake River,River/Stream,Kanabec,07030004,-93.2311,46.0246,"Temperature, water",Y,9.86,9.86,deg C,,,
2019-10-04,S007-150,07030004-506,Snake River,River/Stream,Kanabec,07030004,-93.2311,46.0246,Kjeldahl nitrogen,Y,0.87,0.87,mg/L,0.2,0.17,mg/L
2019-10-04,S007-150,07030004-506,Snake River,River/Stream,Kanabec,07030004,-93.2311,46.0246,Specific conductance,Y,51,51,uS/cm,,,
2019-10-04,S007-150,07030004-506,Snake River,River/Stream,Kanabec,07030004,-93.2311,46.0246,Phosphorus,Y,0.035,0.035,mg/L,0.003,0.002,mg/L
2019-10-01,S007-150,07030004-506,Snake River,River/Stream,Kanabec,07030004,-93.2311,46.0246,pH,Y,6.32,6.32,None,,,
2019-10-01,S007-150,07030004-506,Snake River,River/Stream,Kanabec,07030004,-93.2311,46.0246,Phosphorus,Y,0.066,0.066,mg/L,0.003,0.002,mg/L
2019-10-01,S007-150,07030004-506,Snake River,River/Stream,Kanabec,07030004,-93.2311,46.0246,Kjeldahl nitrogen,Y,0.86,0.86,mg/L,0.2,0.17,mg/L
2019-10-01,S007-150,07030004-506,Snake River,River/Stream,Kanabec,07030004,-93.2311,46.0246,"Temperature, water",Y,13.7,13.7,deg C,,,
2019-10-01,S007-150,07030004-506,Snake River,River/Stream,Kanabec,07030004,-93.2311,46.0246,Specific conductance,Y,51,51,uS/cm,,,
2019-09-30,S007-150,07030004-506,Snake River,River/Stream,Kanabec,07030004,-93.2311,46.0246,Kjeldahl nitrogen,Y,1.09,1.09,mg/L,0.2,0.17,mg/L
2019-09-30,S007-150,07030004-506,Snake River,River/Stream,Kanabec,07030004,-93.2311,46.0246,"Temperature, water",Y,13.22,13.22,deg C,,,
2019-09-30,S007-150,07030004-506,Snake River,River/Stream,Kanabec,07030004,-93.2311,46.0246,Specific conductance,Y,50,50,uS/cm,,,
2019-09-30,S007-150,07030004-506,Snake River,River/Stream,Kanabec,07030004,-93.2311,46.0246,pH,Y,6.36,6.36,None,,,
2019-09-30,S007-150,07030004-506,Snake River,River/Stream,Kanabec,07030004,-93.2311,46.0246,Dissolved oxygen (DO),Y,8.6,8.6,mg/L,,,
2019-09-30,S007-150,07030004-506,Snake River,River/Stream,Kanabec,07030004,-93.2311,46.0246,Phosphorus,Y,0.162,0.162,mg/L,0.003,0.002,mg/L
2019-09-23,S007-150,07030004-506,Snake River,River/Stream,Kanabec,07030004,-93.2311,46.0246,Phosphorus,Y,0.066,0.066,mg/L,0.003,0.002,mg/L
2019-09-23,S007-150,07030004-506,Snake River,River/Stream,Kanabec,07030004,-93.2311,46.0246,Kjeldahl nitrogen,Y,1.03,1.03,mg/L,0.2,0.17,mg/L
2019-09-23,S007-150,07030004-506,Snake River,River/Stream,Kanabec,07030004,-93.2311,46.0246,"Temperature, water",Y,16.81,16.81,deg C,,,
2019-09-23,S007-150,07030004-506,Snake River,River/Stream,Kanabec,07030004,-93.2311,46.0246,Specific conductance,Y,88,88,uS/cm,,,
2019-09-23,S007-150,07030004-506,Snake River,River/Stream,Kanabec,07030004,-93.2311,46.0246,pH,Y,6.74,6.74,None,,,
2019-09-23,S007-150,07030004-506,Snake River,River/Stream,Kanabec,07030004,-93.2311,46.0246,Dissolved oxygen (DO),Y,8.54,8.54,mg/L,,,
2019-09-23,S007-150,07030004-506,Snake River,River/Stream,Kanabec,07030004,-93.2311,46.0246,Phosphorus,Y,0.068,0.068,mg/L,0.003,0.002,mg/L
2019-09-23,S007-150,07030004-506,Snake River,River/Stream,Kanabec,07030004,-93.2311,46.0246,Kjeldahl nitrogen,Y,1.02,1.02,mg/L,0.2,0.17,mg/L
2019-09-20,S007-150,07030004-506,Snake River,River/Stream,Kanabec,07030004,-93.2311,46.0246,Dissolved oxygen (DO),Y,8.27,8.27,mg/L,,,
2019-09-20,S007-150,07030004-506,Snake River,River/Stream,Kanabec,07030004,-93.2311,46.0246,pH,Y,6.75,6.75,None,,,
2019-09-20,S007-150,07030004-506,Snake River,River/Stream,Kanabec,07030004,-93.2311,46.0246,Specific conductance,Y,83,83,uS/cm,,,
2019-09-20,S007-150,07030004-506,Snake River,River/Stream,Kanabec,07030004,-93.2311,46.0246,"Temperature, water",Y,19.63,19.63,deg C,,,
2019-09-20,S007-150,07030004-506,Snake River,River/Stream,Kanabec,07030004,-93.2311,46.0246,Kjeldahl nitrogen,Y,0.94,0.94,mg/L,0.2,0.17,mg/L
2019-09-20,S007-150,07030004-506,Snake River,River/Stream,Kanabec,07030004,-93.2311,46.0246,Phosphorus,Y,0.056,0.056,mg/L,0.003,0.002,mg/L
2019-09-18,S007-150,07030004-506,Snake River,River/Stream,Kanabec,07030004,-93.2311,46.0246,Phosphorus,Y,0.085,0.085,mg/L,0.003,0.002,mg/L
2019-09-18,S007-150,07030004-506,Snake River,River/Stream,Kanabec,07030004,-93.2311,46.0246,Kjeldahl nitrogen,Y,0.92,0.92,mg/L,0.2,0.17,mg/L
2019-09-17,S007-150,07030004-506,Snake River,River/Stream,Kanabec,07030004,-93.2311,46.0246,Phosphorus,Y,0.097,0.097,mg/L,0.003,0.002,mg/L
2019-09-17,S007-150,07030004-506,Snake River,River/Stream,Kanabec,07030004,-93.2311,46.0246,"Temperature, water",Y,18.27,18.27,deg C,,,
2019-09-17,S007-150,07030004-506,Snake River,River/Stream,Kanabec,07030004,-93.2311,46.0246,Specific conductance,Y,86,86,uS/cm,,,
2019-09-17,S007-150,07030004-506,Snake River,River/Stream,Kanabec,07030004,-93.2311,46.0246,pH,Y,5.94,5.94,None,,,
2019-09-17,S007-150,07030004-506,Snake River,River/Stream,Kanabec,07030004,-93.2311,46.0246,Kjeldahl nitrogen,Y,0.43,0.43,mg/L,0.2,0.17,mg/L
2019-09-17,S007-150,07030004-506,Snake River,River/Stream,Kanabec,07030004,-93.2311,46.0246,Dissolved oxygen (DO),Y,8.19,8.19,mg/L,,,
2019-09-13,S007-150,07030004-506,Snake River,River/Stream,Kanabec,07030004,-93.2311,46.0246,Phosphorus,Y,0.026,0.026,mg/L,0.003,0.002,mg/L
2019-08-30,S007-150,07030004-506,Snake River,River/Stream,Kanabec,07030004,-93.2311,46.0246,Kjeldahl nitrogen,Y,0.412,0.412,mg/L,0.2,0.17,mg/L
2019-08-28,S007-150,07030004-506,Snake River,River/Stream,Kanabec,07030004,-93.2311,46.0246,pH,Y,7.62,7.62,None,,,
2019-08-28,S007-150,07030004-506,Snake River,River/Stream,Kanabec,07030004,-93.2311,46.0246,Dissolved oxygen (DO),Y,9.91,9.91,mg/L,,,
2019-08-28,S007-150,07030004-506,Snake River,River/Stream,Kanabec,07030004,-93.2311,46.0246,Phosphorus,Y,0.026,0.026,mg/L,0.003,0.002,mg/L
2019-08-28,S007-150,07030004-506,Snake River,River/Stream,Kanabec,07030004,-93.2311,46.0246,"Temperature, water",Y,18.72,18.72,deg C,,,
2019-08-28,S007-150,07030004-506,Snake River,River/Stream,Kanabec,07030004,-93.2311,46.0246,Specific conductance,Y,215,215,uS/cm,,,
2019-08-28,S007-150,07030004-506,Snake River,River/Stream,Kanabec,07030004,-93.2311,46.0246,Kjeldahl nitrogen,Y,0.39,0.39,mg/L,0.2,0.17,mg/L
2019-08-01,S007-150,07030004-506,Snake River,River/Stream,Kanabec,07030004,-93.2311,46.0246,Phosphorus,Y,0.049,0.049,mg/L,0.003,0.002,mg/L
2019-08-01,S007-150,07030004-506,Snake River,River/Stream,Kanabec,07030004,-93.2311,46.0246,Kjeldahl nitrogen,Y,0.77,0.77,mg/L,0.2,0.17,mg/L
2019-07-16,S007-150,07030004-506,Snake River,River/Stream,Kanabec,07030004,-93.2311,46.0246,Phosphorus,Y,0.069,0.069,mg/L,0.003,0.002,mg/L
2019-07-16,S007-150,07030004-506,Snake River,River/Stream,Kanabec,07030004,-93.2311,46.0246,Kjeldahl nitrogen,Y,1.03,1.03,mg/L,0.2,0.17,mg/L
2019-07-16,S007-150,07030004-506,Snake River,River/Stream,Kanabec,07030004,-93.2311,46.0246,Phosphorus,Y,0.064,0.064,mg/L,0.003,0.002,mg/L
2019-07-08,S007-150,07030004-506,Snake River,River/Stream,Kanabec,07030004,-93.2311,46.0246,Phosphorus,Y,0.057,0.057,mg/L,0.003,0.002,mg/L
2019-07-08,S007-150,07030004-506,Snake River,River/Stream,Kanabec,07030004,-93.2311,46.0246,Dissolved oxygen (DO),Y,7.71,7.71,mg/L,,,
2019-07-08,S007-150,07030004-506,Snake River,River/Stream,Kanabec,07030004,-93.2311,46.0246,pH,Y,6.89,6.89,None,,,
2019-07-08,S007-150,07030004-506,Snake River,River/Stream,Kanabec,07030004,-93.2311,46.0246,Specific conductance,Y,76,76,uS/cm,,,
2019-07-08,S007-150,07030004-506,Snake River,River/Stream,Kanabec,07030004,-93.2311,46.0246,"Temperature, water",Y,22.91,22.91,deg C,,,
2019-07-08,S007-150,07030004-506,Snake River,River/Stream,Kanabec,07030004,-93.2311,46.0246,Kjeldahl nitrogen,Y,1.03,1.03,mg/L,0.2,0.17,mg/L
2019-07-08,S007-150,07030004-506,Snake River,River/Stream,Kanabec,07030004,-93.2311,46.0246,Kjeldahl nitrogen,Y,0.776,0.776,mg/L,0.2,0.17,mg/L
2019-07-05,S007-150,07030004-506,Snake River,River/Stream,Kanabec,07030004,-93.2311,46.0246,Phosphorus,Y,0.064,0.064,mg/L,0.003,0.002,mg/L
2019-07-05,S007-150,07030004-506,Snake River,River/Stream,Kanabec,07030004,-93.2311,46.0246,Kjeldahl nitrogen,Y,0.84,0.84,mg/L,0.2,0.17,mg/L
2019-07-01,S007-150,07030004-506,Snake River,River/Stream,Kanabec,07030004,-93.2311,46.0246,Kjeldahl nitrogen,Y,1.07,1.07,mg/L,0.2,0.17,mg/L
2019-07-01,S007-150,07030004-506,Snake River,River/Stream,Kanabec,07030004,-93.2311,46.0246,Phosphorus,Y,0.09,0.09,mg/L,0.003,0.002,mg/L
2019-06-05,S007-150,07030004-506,Snake River,River/Stream,Kanabec,07030004,-93.2311,46.0246,Dissolved oxygen (DO),Y,8.25,8.25,mg/L,,,
2019-06-05,S007-150,07030004-506,Snake River,River/Stream,Kanabec,07030004,-93.2311,46.0246,pH,Y,7.13,7.13,None,,,
2019-06-05,S007-150,07030004-506,Snake River,River/Stream,Kanabec,07030004,-93.2311,46.0246,"Temperature, water",Y,21.14,21.14,deg C,,,
2019-06-05,S007-150,07030004-506,Snake River,River/Stream,Kanabec,07030004,-93.2311,46.0246,Kjeldahl nitrogen,Y,0.72,0.72,mg/L,0.2,0.17,mg/L
2019-06-05,S007-150,07030004-506,Snake River,River/Stream,Kanabec,07030004,-93.2311,46.0246,Phosphorus,Y,0.027,0.027,mg/L,0.003,0.002,mg/L
2019-06-05,S007-150,07030004-506,Snake River,River/Stream,Kanabec,07030004,-93.2311,46.0246,Specific conductance,Y,89,89,uS/cm,,,
2019-05-29,S007-150,07030004-506,Snake River,River/Stream,Kanabec,07030004,-93.2311,46.0246,Dissolved oxygen (DO),Y,9.43,9.43,mg/L,,,
2019-05-29,S007-150,07030004-506,Snake River,River/Stream,Kanabec,07030004,-93.2311,46.0246,"Temperature, water",Y,15.99,15.99,deg C,,,
2019-05-29,S007-150,07030004-506,Snake River,River/Stream,Kanabec,07030004,-93.2311,46.0246,Phosphorus,Y,0.022,0.022,mg/L,0.003,0.002,mg/L
2019-05-29,S007-150,07030004-506,Snake River,River/Stream,Kanabec,07030004,-93.2311,46.0246,Specific conductance,Y,58,58,uS/cm,,,
2019-05-29,S007-150,07030004-506,Snake River,River/Stream,Kanabec,07030004,-93.2311,46.0246,pH,Y,6.84,6.84,None,,,
2019-05-29,S007-150,07030004-506,Snake River,River/Stream,Kanabec,07030004,-93.2311,46.0246,Kjeldahl nitrogen,Y,0.45,0.45,mg/L,0.2,0.17,mg/L
2019-05-23,S007-150,07030004-506,Snake River,River/Stream,Kanabec,07030004,-93.2311,46.0246,Phosphorus,Y,0.037,0.037,mg/L,0.003,0.002,mg/L
2019-05-23,S007-150,07030004-506,Snake River,River/Stream,Kanabec,07030004,-93.2311,46.0246,Kjeldahl nitrogen,Y,0.75,0.75,mg/L,0.2,0.17,mg/L
2019-05-23,S007-150,07030004-506,Snake River,River/Stream,Kanabec,07030004,-93.2311,46.0246,"Temperature, water",Y,10.45,10.45,deg C,,,
2019-05-23,S007-150,07030004-506,Snake River,River/Stream,Kanabec,07030004,-93.2311,46.0246,Specific conductance,Y,49,49,uS/cm,,,
2019-05-23,S007-150,07030004-506,Snake River,River/Stream,Kanabec,07030004,-93.2311,46.0246,pH,Y,6.2,6.2,None,,,
2019-05-23,S007-150,07030004-506,Snake River,River/Stream,Kanabec,07030004,-93.2311,46.0246,Dissolved oxygen (DO),Y,9.97,9.97,mg/L,,,
2019-05-20,S007-150,07030004-506,Snake River,River/Stream,Kanabec,07030004,-93.2311,46.0246,Dissolved oxygen (DO),Y,11.34,11.34,mg/L,,,
2019-05-20,S007-150,07030004-506,Snake River,River/Stream,Kanabec,07030004,-93.2311,46.0246,Specific conductance,Y,54,54,uS/cm,,,
2019-05-20,S007-150,07030004-506,Snake River,River/Stream,Kanabec,07030004,-93.2311,46.0246,Phosphorus,Y,0.038,0.038,mg/L,0.003,0.002,mg/L
2019-05-20,S007-150,07030004-506,Snake River,River/Stream,Kanabec,07030004,-93.2311,46.0246,"Temperature, water",Y,7.98,7.98,deg C,,,
2019-05-20,S007-150,07030004-506,Snake River,River/Stream,Kanabec,07030004,-93.2311,46.0246,Kjeldahl nitrogen,Y,0.69,0.69,mg/L,0.2,0.17,mg/L
2019-05-20,S007-150,07030004-506,Snake River,River/Stream,Kanabec,07030004,-93.2311,46.0246,pH,Y,6.23,6.23,None,,,
2019-05-03,S007-150,07030004-506,Snake River,River/Stream,Kanabec,07030004,-93.2311,46.0246,Phosphorus,Y,0.02,0.02,mg/L,0.003,0.002,mg/L
2019-05-03,S007-150,07030004-506,Snake River,River/Stream,Kanabec,07030004,-93.2311,46.0246,Kjeldahl nitrogen,Y,0.64,0.64,mg/L,0.2,0.17,mg/L
2019-04-26,S007-150,07030004-506,Snake River,River/Stream,Kanabec,07030004,-93.2311,46.0246,Kjeldahl nitrogen,Y,0.72,0.72,mg/L,0.2,0.17,mg/L
2019-04-26,S007-150,07030004-506,Snake River,River/Stream,Kanabec,07030004,-93.2311,46.0246,Phosphorus,Y,0.033,0.033,mg/L,0.003,0.002,mg/L
2019-04-23,S007-150,07030004-506,Snake River,River/Stream,Kanabec,07030004,-93.2311,46.0246,Phosphorus,Y,0.062,0.062,mg/L,0.003,0.002,mg/L
2019-04-23,S007-150,07030004-506,Snake River,River/Stream,Kanabec,07030004,-93.2311,46.0246,Kjeldahl nitrogen,Y,0.77,0.77,mg/L,0.2,0.17,mg/L
2019-04-16,S007-150,07030004-506,Snake River,River/Stream,Kanabec,07030004,-93.2311,46.0246,Phosphorus,Y,0.038,0.038,mg/L,0.003,0.002,mg/L
2019-04-16,S007-150,07030004-506,Snake River,River/Stream,Kanabec,07030004,-93.2311,46.0246,Kjeldahl nitrogen,Y,0.72,0.72,mg/L,0.2,0.17,mg/L
2019-04-10,S007-150,07030004-506,Snake River,River/Stream,Kanabec,07030004,-93.2311,46.0246,Phosphorus,Y,0.054,0.054,mg/L,0.003,0.002,mg/L
2019-04-10,S007-150,07030004-506,Snake River,River/Stream,Kanabec,07030004,-93.2311,46.0246,Kjeldahl nitrogen,Y,0.84,0.84,mg/L,0.2,0.17,mg/L
2019-04-03,S007-150,07030004-506,Snake River,River/Stream,Kanabec,07030004,-93.2311,46.0246,Phosphorus,Y,0.048,0.048,mg/L,0.003,0.002,mg/L
2019-04-03,S007-150,07030004-506,Snake River,River/Stream,Kanabec,07030004,-93.2311,46.0246,Kjeldahl nitrogen,Y,0.7,0.7,mg/L,0.2,0.17,mg/L
2019-04-01,S007-150,07030004-506,Snake River,River/Stream,Kanabec,07030004,-93.2311,46.0246,Kjeldahl nitrogen,Y,0.843,0.843,mg/L,0.2,0.16,mg/L
2019-03-29,S007-150,07030004-506,Snake River,River/Stream,Kanabec,07030004,-93.2311,46.0246,Phosphorus,Y,0.094,0.094,mg/L,0.003,0.002,mg/L
2019-03-29,S007-150,07030004-506,Snake River,River/Stream,Kanabec,07030004,-93.2311,46.0246,Kjeldahl nitrogen,Y,0.32,0.32,mg/L,0.2,0.16,mg/L
2019-03-28,S007-150,07030004-506,Snake River,River/Stream,Kanabec,07030004,-93.2311,46.0246,Phosphorus,Y,0.123,0.123,mg/L,0.003,0.002,mg/L
2019-03-28,S007-150,07030004-506,Snake River,River/Stream,Kanabec,07030004,-93.2311,46.0246,Kjeldahl nitrogen,Y,1.06,1.06,mg/L,0.2,0.16,mg/L
2019-03-25,S007-150,07030004-506,Snake River,River/Stream,Kanabec,07030004,-93.2311,46.0246,Specific conductance,Y,102,102,uS/cm,,,
2019-03-25,S007-150,07030004-506,Snake River,River/Stream,Kanabec,07030004,-93.2311,46.0246,pH,Y,6.7,6.7,None,,,
2019-03-25,S007-150,07030004-506,Snake River,River/Stream,Kanabec,07030004,-93.2311,46.0246,Dissolved oxygen (DO),Y,12.32,12.32,mg/L,,,
2019-03-25,S007-150,07030004-506,Snake River,River/Stream,Kanabec,07030004,-93.2311,46.0246,"Temperature, water",Y,0.34,0.34,deg C,,,
2019-03-25,S007-150,07030004-506,Snake River,River/Stream,Kanabec,07030004,-93.2311,46.0246,Phosphorus,Y,0.112,0.112,mg/L,0.003,0.002,mg/L
2019-03-25,S007-150,07030004-506,Snake River,River/Stream,Kanabec,07030004,-93.2311,46.0246,Kjeldahl nitrogen,Y,1.27,1.27,mg/L,0.2,0.16,mg/L
2018-10-18,S007-150,07030004-506,Snake River,River/Stream,Kanabec,07030004,-93.2311,46.0246,Phosphorus,Y,0.027,0.027,mg/L,0.003,0.002,mg/L
2018-10-18,S007-150,07030004-506,Snake River,River/Stream,Kanabec,07030004,-93.2311,46.0246,Kjeldahl nitrogen,Y,0.61,0.61,mg/L,0.2,0.16,mg/L
2018-10-11,S007-150,07030004-506,Snake River,River/Stream,Kanabec,07030004,-93.2311,46.0246,Kjeldahl nitrogen,Y,0.8,0.8,mg/L,0.2,0.16,mg/L
2018-10-11,S007-150,07030004-506,Snake River,River/Stream,Kanabec,07030004,-93.2311,46.0246,Phosphorus,Y,0.069,0.069,mg/L,0.003,0.002,mg/L
2018-09-24,S007-150,07030004-506,Snake River,River/Stream,Kanabec,07030004,-93.2311,46.0246,Kjeldahl nitrogen,Y,0.789,0.789,mg/L,0.2,0.16,mg/L
2018-09-12,S007-150,07030004-506,Snake River,River/Stream,Kanabec,07030004,-93.2311,46.0246,Kjeldahl nitrogen,Y,0.81,0.81,mg/L,0.2,0.16,mg/L
2018-09-12,S007-150,07030004-506,Snake River,River/Stream,Kanabec,07030004,-93.2311,46.0246,Phosphorus,Y,0.046,0.046,mg/L,0.003,0.002,mg/L
2018-08-15,S007-150,07030004-506,Snake River,River/Stream,Kanabec,07030004,-93.2311,46.0246,Kjeldahl nitrogen,Y,0.85,0.85,mg/L,0.2,0.16,mg/L
2018-08-15,S007-150,07030004-506,Snake River,River/Stream,Kanabec,07030004,-93.2311,46.0246,Phosphorus,Y,0.044,0.044,mg/L,0.003,0.002,mg/L
2018-07-23,S007-150,07030004-506,Snake River,River/Stream,Kanabec,07030004,-93.2311,46.0246,Phosphorus,Y,0.077,0.077,mg/L,0.003,0.002,mg/L
2018-07-23,S007-150,07030004-506,Snake River,River/Stream,Kanabec,07030004,-93.2311,46.0246,Kjeldahl nitrogen,Y,1.11,1.11,mg/L,0.2,0.16,mg/L
2018-07-16,S007-150,07030004-506,Snake River,River/Stream,Kanabec,07030004,-93.2311,46.0246,Kjeldahl nitrogen,Y,1.29,1.29,mg/L,0.2,0.16,mg/L
2018-07-16,S007-150,07030004-506,Snake River,River/Stream,Kanabec,07030004,-93.2311,46.0246,Phosphorus,Y,0.071,0.071,mg/L,0.003,0.002,mg/L
2018-07-14,S007-150,07030004-506,Snake River,River/Stream,Kanabec,07030004,-93.2311,46.0246,Kjeldahl nitrogen,Y,1.03,1.03,mg/L,0.2,0.16,mg/L
2018-07-14,S007-150,07030004-506,Snake River,River/Stream,Kanabec,07030004,-93.2311,46.0246,Phosphorus,Y,0.06,0.06,mg/L,0.003,0.002,mg/L
2018-07-13,S007-150,07030004-506,Snake River,River/Stream,Kanabec,07030004,-93.2311,46.0246,Phosphorus,Y,0.069,0.069,mg/L,0.003,0.002,mg/L
2018-07-13,S007-150,07030004-506,Snake River,River/Stream,Kanabec,07030004,-93.2311,46.0246,Kjeldahl nitrogen,Y,0.92,0.92,mg/L,0.2,0.16,mg/L
2018-07-13,S007-150,07030004-506,Snake River,River/Stream,Kanabec,07030004,-93.2311,46.0246,Phosphorus,Y,0.051,0.051,mg/L,0.003,0.002,mg/L
2018-07-12,S007-150,07030004-506,Snake River,River/Stream,Kanabec,07030004,-93.2311,46.0246,Phosphorus,Y,0.12,0.12,mg/L,0.003,0.002,mg/L
2018-07-12,S007-150,07030004-506,Snake River,River/Stream,Kanabec,07030004,-93.2311,46.0246,Kjeldahl nitrogen,Y,0.89,0.89,mg/L,0.2,0.16,mg/L
2018-07-02,S007-150,07030004-506,Snake River,River/Stream,Kanabec,07030004,-93.2311,46.0246,Kjeldahl nitrogen,Y,1.19,1.19,mg/L,0.2,0.16,mg/L
2018-07-02,S007-150,07030004-506,Snake River,River/Stream,Kanabec,07030004,-93.2311,46.0246,Phosphorus,Y,0.089,0.089,mg/L,0.003,0.002,mg/L
2018-06-25,S007-150,07030004-506,Snake River,River/Stream,Kanabec,07030004,-93.2311,46.0246,Kjeldahl nitrogen,Y,1.06,1.06,mg/L,0.2,0.16,mg/L
2018-06-25,S007-150,07030004-506,Snake River,River/Stream,Kanabec,07030004,-93.2311,46.0246,Phosphorus,Y,0.053,0.053,mg/L,0.003,0.002,mg/L
2018-06-22,S007-150,07030004-506,Snake River,River/Stream,Kanabec,07030004,-93.2311,46.0246,Phosphorus,Y,0.051,0.051,mg/L,0.003,0.002,mg/L
2018-06-22,S007-150,07030004-506,Snake River,River/Stream,Kanabec,07030004,-93.2311,46.0246,Kjeldahl nitrogen,Y,1.1,1.1,mg/L,0.2,0.16,mg/L
2018-06-20,S007-150,07030004-506,Snake River,River/Stream,Kanabec,07030004,-93.2311,46.0246,Kjeldahl nitrogen,Y,0.916,0.916,mg/L,0.2,0.16,mg/L
2018-06-20,S007-150,07030004-506,Snake River,River/Stream,Kanabec,07030004,-93.2311,46.0246,Phosphorus,Y,0.05,0.05,mg/L,0.003,0.002,mg/L
2018-06-19,S007-150,07030004-506,Snake River,River/Stream,Kanabec,07030004,-93.2311,46.0246,Kjeldahl nitrogen,Y,1.02,1.02,mg/L,0.2,0.16,mg/L
2018-06-19,S007-150,07030004-506,Snake River,River/Stream,Kanabec,07030004,-93.2311,46.0246,Phosphorus,Y,0.057,0.057,mg/L,0.003,0.002,mg/L
2018-06-18,S007-150,07030004-506,Snake River,River/Stream,Kanabec,07030004,-93.2311,46.0246,Phosphorus,Y,0.094,0.094,mg/L,0.003,0.002,mg/L
2018-06-18,S007-150,07030004-506,Snake River,River/Stream,Kanabec,07030004,-93.2311,46.0246,Kjeldahl nitrogen,Y,0.24,0.24,mg/L,0.2,0.16,mg/L
2018-06-08,S007-150,07030004-506,Snake River,River/Stream,Kanabec,07030004,-93.2311,46.0246,Kjeldahl nitrogen,Y,1,1,mg/L,0.2,0.16,mg/L
2018-06-08,S007-150,07030004-506,Snake River,River/Stream,Kanabec,07030004,-93.2311,46.0246,Phosphorus,Y,0.039,0.039,mg/L,0.003,0.002,mg/L
2018-06-08,S007-150,07030004-506,Snake River,River/Stream,Kanabec,07030004,-93.2311,46.0246,Phosphorus,Y,0.04,0.04,mg/L,0.003,0.002,mg/L
2018-06-08,S007-150,07030004-506,Snake River,River/Stream,Kanabec,07030004,-93.2311,46.0246,Kjeldahl nitrogen,Y,0.94,0.94,mg/L,0.2,0.16,mg/L
2018-06-04,S007-150,07030004-506,Snake River,River/Stream,Kanabec,07030004,-93.2311,46.0246,Kjeldahl nitrogen,Y,1.09,1.09,mg/L,0.2,0.16,mg/L
2018-06-04,S007-150,07030004-506,Snake River,River/Stream,Kanabec,07030004,-93.2311,46.0246,Phosphorus,Y,0.05,0.05,mg/L,0.003,0.002,mg/L
2018-05-29,S007-150,07030004-506,Snake River,River/Stream,Kanabec,07030004,-93.2311,46.0246,Kjeldahl nitrogen,Y,0.94,0.94,mg/L,0.2,0.16,mg/L
2018-05-29,S007-150,07030004-506,Snake River,River/Stream,Kanabec,07030004,-93.2311,46.0246,Phosphorus,Y,0.043,0.043,mg/L,0.003,0.002,mg/L
2018-05-25,S007-150,07030004-506,Snake River,River/Stream,Kanabec,07030004,-93.2311,46.0246,Phosphorus,Y,0.082,0.082,mg/L,0.003,0.002,mg/L
2018-05-25,S007-150,07030004-506,Snake River,River/Stream,Kanabec,07030004,-93.2311,46.0246,Kjeldahl nitrogen,Y,1.13,1.13,mg/L,0.2,0.16,mg/L
2018-05-18,S007-150,07030004-506,Snake River,River/Stream,Kanabec,07030004,-93.2311,46.0246,Kjeldahl nitrogen,Y,1.07,1.07,mg/L,0.2,0.16,mg/L
2018-05-18,S007-150,07030004-506,Snake River,River/Stream,Kanabec,07030004,-93.2311,46.0246,Phosphorus,Y,0.027,0.027,mg/L,0.003,0.002,mg/L
2018-05-03,S007-150,07030004-506,Snake River,River/Stream,Kanabec,07030004,-93.2311,46.0246,Kjeldahl nitrogen,Y,1.07,1.07,mg/L,0.2,0.16,mg/L
2018-05-03,S007-150,07030004-506,Snake River,River/Stream,Kanabec,07030004,-93.2311,46.0246,Phosphorus,Y,0.053,0.053,mg/L,0.003,0.002,mg/L
2018-04-26,S007-150,07030004-506,Snake River,River/Stream,Kanabec,07030004,-93.2311,46.0246,"Temperature, water",Y,4.64,4.64,deg C,,,
2018-04-26,S007-150,07030004-506,Snake River,River/Stream,Kanabec,07030004,-93.2311,46.0246,Kjeldahl nitrogen,Y,0.92,0.92,mg/L,0.2,0.16,mg/L
2018-04-26,S007-150,07030004-506,Snake River,River/Stream,Kanabec,07030004,-93.2311,46.0246,Phosphorus,Y,0.079,0.079,mg/L,0.003,0.002,mg/L
2018-04-26,S007-150,07030004-506,Snake River,River/Stream,Kanabec,07030004,-93.2311,46.0246,Specific conductance,Y,49,49,uS/cm,,,
2018-04-26,S007-150,07030004-506,Snake River,River/Stream,Kanabec,07030004,-93.2311,46.0246,pH,Y,7.44,7.44,None,,,
2018-04-26,S007-150,07030004-506,Snake River,River/Stream,Kanabec,07030004,-93.2311,46.0246,Dissolved oxygen (DO),Y,11.86,11.86,mg/L,,,
2018-04-23,S007-150,07030004-506,Snake River,River/Stream,Kanabec,07030004,-93.2311,46.0246,Phosphorus,Y,0.106,0.106,mg/L,0.003,0.002,mg/L
2018-04-23,S007-150,07030004-506,Snake River,River/Stream,Kanabec,07030004,-93.2311,46.0246,Kjeldahl nitrogen,Y,1.1,1.1,mg/L,0.2,0.16,mg/L
2018-04-21,S007-150,07030004-506,Snake River,River/Stream,Kanabec,07030004,-93.2311,46.0246,Phosphorus,Y,0.123,0.123,mg/L,0.003,0.002,mg/L
2018-04-21,S007-150,07030004-506,Snake River,River/Stream,Kanabec,07030004,-93.2311,46.0246,Kjeldahl nitrogen,Y,1.2,1.2,mg/L,0.2,0.16,mg/L
2018-04-17,S007-150,07030004-506,Snake River,River/Stream,Kanabec,07030004,-93.2311,46.0246,"Temperature, water",Y,2.2,2.2,deg C,,,
2018-04-17,S007-150,07030004-506,Snake River,River/Stream,Kanabec,07030004,-93.2311,46.0246,Dissolved oxygen (DO),Y,13.66,13.66,mg/L,,,
2018-04-17,S007-150,07030004-506,Snake River,River/Stream,Kanabec,07030004,-93.2311,46.0246,Phosphorus,Y,0.08,0.08,mg/L,0.003,0.002,mg/L
2018-04-17,S007-150,07030004-506,Snake River,River/Stream,Kanabec,07030004,-93.2311,46.0246,Specific conductance,Y,195.2,195.2,uS/cm,,,
2018-04-17,S007-150,07030004-506,Snake River,River/Stream,Kanabec,07030004,-93.2311,46.0246,Kjeldahl nitrogen,Y,1.14,1.14,mg/L,0.2,0.16,mg/L
2018-04-17,S007-150,07030004-506,Snake River,River/Stream,Kanabec,07030004,-93.2311,46.0246,pH,Y,7.54,7.54,None,,,
2018-03-30,S007-150,07030004-506,Snake River,River/Stream,Kanabec,07030004,-93.2311,46.0246,Phosphorus,Y,0.065,0.065,mg/L,0.003,0.002,mg/L
2018-03-30,S007-150,07030004-506,Snake River,River/Stream,Kanabec,07030004,-93.2311,46.0246,Kjeldahl nitrogen,Y,0.63,0.63,mg/L,0.2,0.16,mg/L
2017-11-08,S007-150,07030004-506,Snake River,River/Stream,Kanabec,07030004,-93.2311,46.0246,Kjeldahl nitrogen,Y,0.707,0.707,mg/L,0.2,0.18,mg/L
2017-11-07,S007-150,07030004-506,Snake River,River/Stream,Kanabec,07030004,-93.2311,46.0246,Phosphorus,Y,0.035,0.035,mg/L,0.003,0.001,mg/L
2017-10-26,S007-150,07030004-506,Snake River,River/Stream,Kanabec,07030004,-93.2311,46.0246,Phosphorus,Y,0.035,0.035,mg/L,0.003,0.001,mg/L
2017-10-26,S007-150,07030004-506,Snake River,River/Stream,Kanabec,07030004,-93.2311,46.0246,Kjeldahl nitrogen,Y,0.71,0.71,mg/L,0.2,0.18,mg/L
2017-10-26,S007-150,07030004-506,Snake River,River/Stream,Kanabec,07030004,-93.2311,46.0246,Phosphorus,Y,0.036,0.036,mg/L,0.003,0.001,mg/L
2017-10-26,S007-150,07030004-506,Snake River,River/Stream,Kanabec,07030004,-93.2311,46.0246,Kjeldahl nitrogen,Y,0.76,0.76,mg/L,0.2,0.18,mg/L
2017-10-11,S007-150,07030004-506,Snake River,River/Stream,Kanabec,07030004,-93.2311,46.0246,Phosphorus,Y,0.03,0.03,mg/L,0.003,0.001,mg/L
2017-10-11,S007-150,07030004-506,Snake River,River/Stream,Kanabec,07030004,-93.2311,46.0246,Kjeldahl nitrogen,Y,0.73,0.73,mg/L,0.2,0.18,mg/L
2017-10-04,S007-150,07030004-506,Snake River,River/Stream,Kanabec,07030004,-93.2311,46.0246,Phosphorus,Y,0.066,0.066,mg/L,0.003,0.001,mg/L
2017-10-04,S007-150,07030004-506,Snake River,River/Stream,Kanabec,07030004,-93.2311,46.0246,Kjeldahl nitrogen,Y,0.94,0.94,mg/L,0.2,0.18,mg/L
2017-10-03,S007-150,07030004-506,Snake River,River/Stream,Kanabec,07030004,-93.2311,46.0246,Phosphorus,Y,0.129,0.129,mg/L,0.003,0.001,mg/L
2017-10-03,S007-150,07030004-506,Snake River,River/Stream,Kanabec,07030004,-93.2311,46.0246,Kjeldahl nitrogen,Y,1.01,1.01,mg/L,0.2,0.18,mg/L
2017-09-26,S007-150,07030004-506,Snake River,River/Stream,Kanabec,07030004,-93.2311,46.0246,Phosphorus,Y,0.064,0.064,mg/L,0.003,0.001,mg/L
2017-09-26,S007-150,07030004-506,Snake River,River/Stream,Kanabec,07030004,-93.2311,46.0246,Kjeldahl nitrogen,Y,1.12,1.12,mg/L,0.2,0.18,mg/L
2017-09-14,S007-150,07030004-506,Snake River,River/Stream,Kanabec,07030004,-93.2311,46.0246,Kjeldahl nitrogen,Y,0.772,0.772,mg/L,0.2,0.18,mg/L
2017-09-13,S007-150,07030004-506,Snake River,River/Stream,Kanabec,07030004,-93.2311,46.0246,Phosphorus,Y,0.039,0.039,mg/L,0.003,0.001,mg/L
2017-09-13,S007-150,07030004-506,Snake River,River/Stream,Kanabec,07030004,-93.2311,46.0246,Kjeldahl nitrogen,Y,0.78,0.78,mg/L,0.2,0.18,mg/L
2017-08-29,S007-150,07030004-506,Snake River,River/Stream,Kanabec,07030004,-93.2311,46.0246,Kjeldahl nitrogen,Y,0.95,0.95,mg/L,0.2,0.18,mg/L
2017-08-29,S007-150,07030004-506,Snake River,River/Stream,Kanabec,07030004,-93.2311,46.0246,Phosphorus,Y,0.054,0.054,mg/L,0.003,0.001,mg/L
2017-08-16,S007-150,07030004-506,Snake River,River/Stream,Kanabec,07030004,-93.2311,46.0246,Phosphorus,Y,0.046,0.046,mg/L,0.003,0.001,mg/L
2017-08-16,S007-150,07030004-506,Snake River,River/Stream,Kanabec,07030004,-93.2311,46.0246,Kjeldahl nitrogen,Y,0.8,0.8,mg/L,0.2,0.18,mg/L
2017-08-16,S007-150,07030004-506,Snake River,River/Stream,Kanabec,07030004,-93.2311,46.0246,Phosphorus,Y,0.045,0.045,mg/L,0.003,0.001,mg/L
2017-08-16,S007-150,07030004-506,Snake River,River/Stream,Kanabec,07030004,-93.2311,46.0246,Kjeldahl nitrogen,Y,0.96,0.96,mg/L,0.2,0.18,mg/L
2017-07-21,S007-150,07030004-506,Snake River,River/Stream,Kanabec,07030004,-93.2311,46.0246,Phosphorus,Y,0.084,0.084,mg/L,0.003,9e-4,mg/L
2017-07-13,S007-150,07030004-506,Snake River,River/Stream,Kanabec,07030004,-93.2311,46.0246,Kjeldahl nitrogen,Y,0.98,0.98,mg/L,0.2,0.09,mg/L
2017-07-13,S007-150,07030004-506,Snake River,River/Stream,Kanabec,07030004,-93.2311,46.0246,"Temperature, water",Y,20.04,20.04,deg C,,,
2017-07-13,S007-150,07030004-506,Snake River,River/Stream,Kanabec,07030004,-93.2311,46.0246,Specific conductance,Y,100,100,uS/cm,,,
2017-07-13,S007-150,07030004-506,Snake River,River/Stream,Kanabec,07030004,-93.2311,46.0246,pH,Y,7.06,7.06,None,,,
2017-07-13,S007-150,07030004-506,Snake River,River/Stream,Kanabec,07030004,-93.2311,46.0246,Dissolved oxygen (DO),Y,7.46,7.46,mg/L,,,
2017-07-13,S007-150,07030004-506,Snake River,River/Stream,Kanabec,07030004,-93.2311,46.0246,Phosphorus,Y,0.067,0.067,mg/L,0.003,9e-4,mg/L
2017-07-07,S007-150,07030004-506,Snake River,River/Stream,Kanabec,07030004,-93.2311,46.0246,Phosphorus,Y,0.085,0.085,mg/L,0.003,9e-4,mg/L
2017-07-07,S007-150,07030004-506,Snake River,River/Stream,Kanabec,07030004,-93.2311,46.0246,Kjeldahl nitrogen,Y,1.04,1.04,mg/L,0.2,0.09,mg/L
2017-07-07,S007-150,07030004-506,Snake River,River/Stream,Kanabec,07030004,-93.2311,46.0246,Specific conductance,Y,66,66,uS/cm,,,
2017-07-07,S007-150,07030004-506,Snake River,River/Stream,Kanabec,07030004,-93.2311,46.0246,pH,Y,6.91,6.91,None,,,
2017-07-07,S007-150,07030004-506,Snake River,River/Stream,Kanabec,07030004,-93.2311,46.0246,Dissolved oxygen (DO),Y,6.8,6.8,mg/L,,,
2017-07-07,S007-150,07030004-506,Snake River,River/Stream,Kanabec,07030004,-93.2311,46.0246,"Temperature, water",Y,21.37,21.37,deg C,,,
2017-07-06,S007-150,07030004-506,Snake River,River/Stream,Kanabec,07030004,-93.2311,46.0246,Phosphorus,Y,0.207,0.207,mg/L,0.003,9e-4,mg/L
2017-07-06,S007-150,07030004-506,Snake River,River/Stream,Kanabec,07030004,-93.2311,46.0246,Kjeldahl nitrogen,Y,1.52,1.52,mg/L,0.2,0.09,mg/L
2017-06-30,S007-150,07030004-506,Snake River,River/Stream,Kanabec,07030004,-93.2311,46.0246,Kjeldahl nitrogen,Y,0.988,0.988,mg/L,0.2,0.09,mg/L
2017-06-30,S007-150,07030004-506,Snake River,River/Stream,Kanabec,07030004,-93.2311,46.0246,Kjeldahl nitrogen,Y,0.737,0.737,mg/L,0.2,0.09,mg/L
2017-06-27,S007-150,07030004-506,Snake River,River/Stream,Kanabec,07030004,-93.2311,46.0246,Kjeldahl nitrogen,Y,0.89,0.89,mg/L,0.2,0.09,mg/L
2017-06-27,S007-150,07030004-506,Snake River,River/Stream,Kanabec,07030004,-93.2311,46.0246,Phosphorus,Y,0.044,0.044,mg/L,0.003,9e-4,mg/L
2017-06-27,S007-150,07030004-506,Snake River,River/Stream,Kanabec,07030004,-93.2311,46.0246,Kjeldahl nitrogen,Y,0.82,0.82,mg/L,0.2,0.09,mg/L
2017-06-27,S007-150,07030004-506,Snake River,River/Stream,Kanabec,07030004,-93.2311,46.0246,Phosphorus,Y,0.042,0.042,mg/L,0.003,9e-4,mg/L
2017-06-06,S007-150,07030004-506,Snake River,River/Stream,Kanabec,07030004,-93.2311,46.0246,Phosphorus,Y,0.034,0.034,mg/L,0.003,9e-4,mg/L
2017-06-06,S007-150,07030004-506,Snake River,River/Stream,Kanabec,07030004,-93.2311,46.0246,Kjeldahl nitrogen,Y,0.82,0.82,mg/L,0.2,0.09,mg/L
2017-05-22,S007-150,07030004-506,Snake River,River/Stream,Kanabec,07030004,-93.2311,46.0246,Phosphorus,Y,0.034,0.034,mg/L,0.003,9e-4,mg/L
2017-05-22,S007-150,07030004-506,Snake River,River/Stream,Kanabec,07030004,-93.2311,46.0246,Kjeldahl nitrogen,Y,0.75,0.75,mg/L,0.2,0.09,mg/L
2017-05-17,S007-150,07030004-506,Snake River,River/Stream,Kanabec,07030004,-93.2311,46.0246,Phosphorus,Y,0.047,0.047,mg/L,0.003,9e-4,mg/L
2017-05-17,S007-150,07030004-506,Snake River,River/Stream,Kanabec,07030004,-93.2311,46.0246,Kjeldahl nitrogen,Y,0.84,0.84,mg/L,0.2,0.09,mg/L
2017-05-02,S007-150,07030004-506,Snake River,River/Stream,Kanabec,07030004,-93.2311,46.0246,Phosphorus,Y,0.025,0.025,mg/L,0.003,9e-4,mg/L
2017-05-02,S007-150,07030004-506,Snake River,River/Stream,Kanabec,07030004,-93.2311,46.0246,Kjeldahl nitrogen,Y,0.66,0.66,mg/L,0.2,0.09,mg/L
2017-04-20,S007-150,07030004-506,Snake River,River/Stream,Kanabec,07030004,-93.2311,46.0246,Kjeldahl nitrogen,Y,0.84,0.84,mg/L,0.2,0.09,mg/L
2017-04-20,S007-150,07030004-506,Snake River,River/Stream,Kanabec,07030004,-93.2311,46.0246,Phosphorus,Y,0.049,0.049,mg/L,0.003,9e-4,mg/L
2017-04-19,S007-150,07030004-506,Snake River,River/Stream,Kanabec,07030004,-93.2311,46.0246,Phosphorus,Y,0.077,0.077,mg/L,0.003,9e-4,mg/L
2017-04-19,S007-150,07030004-506,Snake River,River/Stream,Kanabec,07030004,-93.2311,46.0246,Kjeldahl nitrogen,Y,0.97,0.97,mg/L,0.2,0.09,mg/L
2017-04-11,S007-150,07030004-506,Snake River,River/Stream,Kanabec,07030004,-93.2311,46.0246,Phosphorus,Y,0.028,0.028,mg/L,0.003,9e-4,mg/L
2017-04-11,S007-150,07030004-506,Snake River,River/Stream,Kanabec,07030004,-93.2311,46.0246,Kjeldahl nitrogen,Y,0.76,0.76,mg/L,0.2,0.09,mg/L
2017-03-28,S007-150,07030004-506,Snake River,River/Stream,Kanabec,07030004,-93.2311,46.0246,Phosphorus,Y,0.029,0.029,mg/L,0.003,9e-4,mg/L
2017-03-28,S007-150,07030004-506,Snake River,River/Stream,Kanabec,07030004,-93.2311,46.0246,Kjeldahl nitrogen,Y,0.6,0.6,mg/L,0.2,0.09,mg/L
2017-03-08,S007-150,07030004-506,Snake River,River/Stream,Kanabec,07030004,-93.2311,46.0246,Phosphorus,Y,0.064,0.064,mg/L,0.003,9e-4,mg/L
2017-03-08,S007-150,07030004-506,Snake River,River/Stream,Kanabec,07030004,-93.2311,46.0246,Kjeldahl nitrogen,Y,0.8,0.8,mg/L,0.2,0.09,mg/L
2017-03-02,S007-150,07030004-506,Snake River,River/Stream,Kanabec,07030004,-93.2311,46.0246,Kjeldahl nitrogen,Y,0.77,0.77,mg/L,0.2,0.09,mg/L
2017-03-02,S007-150,07030004-506,Snake River,River/Stream,Kanabec,07030004,-93.2311,46.0246,Phosphorus,Y,0.032,0.032,mg/L,0.003,9e-4,mg/L
2017-02-24,S007-150,07030004-506,Snake River,River/Stream,Kanabec,07030004,-93.2311,46.0246,Orthophosphate,Y,0.011,0.011,mg/L,0.005,,mg/L
2017-02-23,S007-150,07030004-506,Snake River,River/Stream,Kanabec,07030004,-93.2311,46.0246,Orthophosphate,Y,0.012,0.012,mg/L,0.005,,mg/L
2017-02-23,S007-150,07030004-506,Snake River,River/Stream,Kanabec,07030004,-93.2311,46.0246,Phosphorus,Y,0.067,0.067,mg/L,0.003,9e-4,mg/L
2017-02-23,S007-150,07030004-506,Snake River,River/Stream,Kanabec,07030004,-93.2311,46.0246,Kjeldahl nitrogen,Y,0.87,0.87,mg/L,0.2,0.09,mg/L
2017-02-22,S007-150,07030004-506,Snake River,River/Stream,Kanabec,07030004,-93.2311,46.0246,Orthophosphate,Y,0.021,0.021,mg/L,0.005,,mg/L
2017-02-21,S007-150,07030004-506,Snake River,River/Stream,Kanabec,07030004,-93.2311,46.0246,Phosphorus,Y,0.156,0.156,mg/L,0.003,9e-4,mg/L
2017-02-21,S007-150,07030004-506,Snake River,River/Stream,Kanabec,07030004,-93.2311,46.0246,Kjeldahl nitrogen,Y,1.27,1.27,mg/L,0.2,0.09,mg/L
2017-02-21,S007-150,07030004-506,Snake River,River/Stream,Kanabec,07030004,-93.2311,46.0246,Orthophosphate,Y,0.021,0.021,mg/L,0.005,,mg/L
2016-10-27,S007-150,07030004-506,Snake River,River/Stream,Kanabec,07030004,-93.2311,46.0246,Kjeldahl nitrogen,Y,0.71,0.71,mg/L,0.2,0.09,mg/L
2016-10-27,S007-150,07030004-506,Snake River,River/Stream,Kanabec,07030004,-93.2311,46.0246,"Temperature, water",Y,7.22,7.22,deg C,,,
2016-10-27,S007-150,07030004-506,Snake River,River/Stream,Kanabec,07030004,-93.2311,46.0246,Phosphorus,Y,0.036,0.036,mg/L,0.003,9e-4,mg/L
2016-10-27,S007-150,07030004-506,Snake River,River/Stream,Kanabec,07030004,-93.2311,46.0246,Specific conductance,Y,134,134,uS/cm,,,
2016-10-27,S007-150,07030004-506,Snake River,River/Stream,Kanabec,07030004,-93.2311,46.0246,pH,Y,7.42,7.42,None,,,
2016-10-27,S007-150,07030004-506,Snake River,River/Stream,Kanabec,07030004,-93.2311,46.0246,Dissolved oxygen (DO),Y,10.98,10.98,mg/L,,,
2016-10-03,S007-150,07030004-506,Snake River,River/Stream,Kanabec,07030004,-93.2311,46.0246,"Temperature, water",Y,15.42,15.42,deg C,,,
2016-10-03,S007-150,07030004-506,Snake River,River/Stream,Kanabec,07030004,-93.2311,46.0246,Specific conductance,Y,123,123,uS/cm,,,
2016-10-03,S007-150,07030004-506,Snake River,River/Stream,Kanabec,07030004,-93.2311,46.0246,pH,Y,7.5,7.5,None,,,
2016-10-03,S007-150,07030004-506,Snake River,River/Stream,Kanabec,07030004,-93.2311,46.0246,Dissolved oxygen (DO),Y,9.07,9.07,mg/L,,,
2016-10-03,S007-150,07030004-506,Snake River,River/Stream,Kanabec,07030004,-93.2311,46.0246,Phosphorus,Y,0.045,0.045,mg/L,0.003,9e-4,mg/L
2016-10-03,S007-150,07030004-506,Snake River,River/Stream,Kanabec,07030004,-93.2311,46.0246,Kjeldahl nitrogen,Y,0.98,0.98,mg/L,0.2,0.09,mg/L
2016-09-20,S007-150,07030004-506,Snake River,River/Stream,Kanabec,07030004,-93.2311,46.0246,Specific conductance,Y,128,128,uS/cm,,,
2016-09-20,S007-150,07030004-506,Snake River,River/Stream,Kanabec,07030004,-93.2311,46.0246,Dissolved oxygen (DO),Y,8.74,8.74,mg/L,,,
2016-09-20,S007-150,07030004-506,Snake River,River/Stream,Kanabec,07030004,-93.2311,46.0246,pH,Y,7.42,7.42,None,,,
2016-09-20,S007-150,07030004-506,Snake River,River/Stream,Kanabec,07030004,-93.2311,46.0246,"Temperature, water",Y,15.41,15.41,deg C,,,
2016-09-20,S007-150,07030004-506,Snake River,River/Stream,Kanabec,07030004,-93.2311,46.0246,Phosphorus,Y,0.053,0.053,mg/L,0.003,9e-4,mg/L
2016-09-20,S007-150,07030004-506,Snake River,River/Stream,Kanabec,07030004,-93.2311,46.0246,Kjeldahl nitrogen,Y,0.95,0.95,mg/L,0.2,0.09,mg/L
2016-08-05,S007-150,07030004-506,Snake River,River/Stream,Kanabec,07030004,-93.2311,46.0246,pH,Y,7.4,7.4,None,,,
2016-08-05,S007-150,07030004-506,Snake River,River/Stream,Kanabec,07030004,-93.2311,46.0246,Specific conductance,Y,131,131,uS/cm,,,
2016-08-05,S007-150,07030004-506,Snake River,River/Stream,Kanabec,07030004,-93.2311,46.0246,Kjeldahl nitrogen,Y,1.25,1.25,mg/L,0.2,0.09,mg/L
2016-08-05,S007-150,07030004-506,Snake River,River/Stream,Kanabec,07030004,-93.2311,46.0246,Phosphorus,Y,0.087,0.087,mg/L,0.003,9e-4,mg/L
2016-08-05,S007-150,07030004-506,Snake River,River/Stream,Kanabec,07030004,-93.2311,46.0246,"Temperature, water",Y,23.1,23.1,deg C,,,
2016-07-29,S007-150,07030004-506,Snake River,River/Stream,Kanabec,07030004,-93.2311,46.0246,Phosphorus,Y,0.091,0.091,mg/L,0.003,9e-4,mg/L
2016-07-26,S007-150,07030004-506,Snake River,River/Stream,Kanabec,07030004,-93.2311,46.0246,Phosphorus,Y,0.051,0.051,mg/L,0.003,9e-4,mg/L
2016-07-20,S007-150,07030004-506,Snake River,River/Stream,Kanabec,07030004,-93.2311,46.0246,Kjeldahl nitrogen,Y,1.52,1.52,mg/L,0.2,0.09,mg/L
2016-07-20,S007-150,07030004-506,Snake River,River/Stream,Kanabec,07030004,-93.2311,46.0246,"Temperature, water",Y,24.31,24.31,deg C,,,
2016-07-20,S007-150,07030004-506,Snake River,River/Stream,Kanabec,07030004,-93.2311,46.0246,Phosphorus,Y,0.082,0.082,mg/L,0.003,9e-4,mg/L
2016-07-20,S007-150,07030004-506,Snake River,River/Stream,Kanabec,07030004,-93.2311,46.0246,Specific conductance,Y,86,86,uS/cm,,,
2016-07-20,S007-150,07030004-506,Snake River,River/Stream,Kanabec,07030004,-93.2311,46.0246,pH,Y,7.05,7.05,None,,,
2016-07-20,S007-150,07030004-506,Snake River,River/Stream,Kanabec,07030004,-93.2311,46.0246,Dissolved oxygen (DO),Y,7.15,7.15,mg/L,,,
2016-07-13,S007-150,07030004-506,Snake River,River/Stream,Kanabec,07030004,-93.2311,46.0246,"Temperature, water",Y,20.38,20.38,deg C,,,
2016-07-13,S007-150,07030004-506,Snake River,River/Stream,Kanabec,07030004,-93.2311,46.0246,Specific conductance,Y,44,44,uS/cm,,,
2016-07-13,S007-150,07030004-506,Snake River,River/Stream,Kanabec,07030004,-93.2311,46.0246,Kjeldahl nitrogen,Y,1.08,1.08,mg/L,0.2,0.09,mg/L
2016-07-13,S007-150,07030004-506,Snake River,River/Stream,Kanabec,07030004,-93.2311,46.0246,Orthophosphate,Y,0.009,0.009,mg/L,0.005,,mg/L
2016-07-13,S007-150,07030004-506,Snake River,River/Stream,Kanabec,07030004,-93.2311,46.0246,Phosphorus,Y,0.056,0.056,mg/L,0.003,9e-4,mg/L
2016-07-13,S007-150,07030004-506,Snake River,River/Stream,Kanabec,07030004,-93.2311,46.0246,pH,Y,6.69,6.69,None,,,
2016-07-13,S007-150,07030004-506,Snake River,River/Stream,Kanabec,07030004,-93.2311,46.0246,Dissolved oxygen (DO),Y,6.77,6.77,mg/L,,,
2016-07-12,S007-150,07030004-506,Snake River,River/Stream,Kanabec,07030004,-93.2311,46.0246,"Temperature, water",Y,19.14,19.14,deg C,,,
2016-07-12,S007-150,07030004-506,Snake River,River/Stream,Kanabec,07030004,-93.2311,46.0246,Phosphorus,Y,0.09,0.090,mg/L,0.003,9e-4,mg/L
2016-07-12,S007-150,07030004-506,Snake River,River/Stream,Kanabec,07030004,-93.2311,46.0246,Orthophosphate,Y,0.016,0.016,mg/L,0.005,,mg/L
2016-07-12,S007-150,07030004-506,Snake River,River/Stream,Kanabec,07030004,-93.2311,46.0246,Kjeldahl nitrogen,Y,0.98,0.98,mg/L,0.2,0.09,mg/L
2016-07-12,S007-150,07030004-506,Snake River,River/Stream,Kanabec,07030004,-93.2311,46.0246,pH,Y,6.63,6.63,None,,,
2016-07-12,S007-150,07030004-506,Snake River,River/Stream,Kanabec,07030004,-93.2311,46.0246,Dissolved oxygen (DO),Y,7.42,7.42,mg/L,,,
2016-07-12,S007-150,07030004-506,Snake River,River/Stream,Kanabec,07030004,-93.2311,46.0246,Specific conductance,Y,43,43,uS/cm,,,
2016-07-07,S007-150,07030004-506,Snake River,River/Stream,Kanabec,07030004,-93.2311,46.0246,"Temperature, water",Y,23.51,23.51,deg C,,,
2016-07-07,S007-150,07030004-506,Snake River,River/Stream,Kanabec,07030004,-93.2311,46.0246,Phosphorus,Y,0.053,0.053,mg/L,0.003,9e-4,mg/L
2016-07-07,S007-150,07030004-506,Snake River,River/Stream,Kanabec,07030004,-93.2311,46.0246,Kjeldahl nitrogen,Y,1.18,1.18,mg/L,0.2,0.09,mg/L
2016-07-07,S007-150,07030004-506,Snake River,River/Stream,Kanabec,07030004,-93.2311,46.0246,Orthophosphate,Y,0.014,0.014,mg/L,0.005,,mg/L
2016-07-07,S007-150,07030004-506,Snake River,River/Stream,Kanabec,07030004,-93.2311,46.0246,Dissolved oxygen (DO),Y,7.12,7.12,mg/L,,,
2016-07-07,S007-150,07030004-506,Snake River,River/Stream,Kanabec,07030004,-93.2311,46.0246,pH,Y,7.53,7.53,None,,,
2016-07-07,S007-150,07030004-506,Snake River,River/Stream,Kanabec,07030004,-93.2311,46.0246,Specific conductance,Y,117,117,uS/cm,,,
2016-06-28,S007-150,07030004-506,Snake River,River/Stream,Kanabec,07030004,-93.2311,46.0246,Kjeldahl nitrogen,Y,1.32,1.32,mg/L,0.2,0.09,mg/L
2016-06-28,S007-150,07030004-506,Snake River,River/Stream,Kanabec,07030004,-93.2311,46.0246,"Temperature, water",Y,20.43,20.43,deg C,,,
2016-06-28,S007-150,07030004-506,Snake River,River/Stream,Kanabec,07030004,-93.2311,46.0246,Specific conductance,Y,74,74,uS/cm,,,
2016-06-28,S007-150,07030004-506,Snake River,River/Stream,Kanabec,07030004,-93.2311,46.0246,Dissolved oxygen (DO),Y,7.9,7.9,mg/L,,,
2016-06-28,S007-150,07030004-506,Snake River,River/Stream,Kanabec,07030004,-93.2311,46.0246,Orthophosphate,Y,0.012,0.012,mg/L,0.005,,mg/L
2016-06-28,S007-150,07030004-506,Snake River,River/Stream,Kanabec,07030004,-93.2311,46.0246,Phosphorus,Y,0.066,0.066,mg/L,0.003,9e-4,mg/L
2016-06-14,S007-150,07030004-506,Snake River,River/Stream,Kanabec,07030004,-93.2311,46.0246,Phosphorus,Y,0.039,0.039,mg/L,0.003,9e-4,mg/L
2016-06-14,S007-150,07030004-506,Snake River,River/Stream,Kanabec,07030004,-93.2311,46.0246,Kjeldahl nitrogen,Y,0.8,0.80,mg/L,0.2,0.09,mg/L
2016-06-14,S007-150,07030004-506,Snake River,River/Stream,Kanabec,07030004,-93.2311,46.0246,Orthophosphate,Y,0.008,0.008,mg/L,0.005,,mg/L
2016-06-14,S007-150,07030004-506,Snake River,River/Stream,Kanabec,07030004,-93.2311,46.0246,Specific conductance,Y,153,153,uS/cm,,,
2016-06-14,S007-150,07030004-506,Snake River,River/Stream,Kanabec,07030004,-93.2311,46.0246,pH,Y,7.77,7.77,None,,,
2016-06-14,S007-150,07030004-506,Snake River,River/Stream,Kanabec,07030004,-93.2311,46.0246,Dissolved oxygen (DO),Y,8.68,8.68,mg/L,,,
2016-06-14,S007-150,07030004-506,Snake River,River/Stream,Kanabec,07030004,-93.2311,46.0246,"Temperature, water",Y,18.78,18.78,deg C,,,
2016-05-24,S007-150,07030004-506,Snake River,River/Stream,Kanabec,07030004,-93.2311,46.0246,Orthophosphate,Y,0.005,0.005,mg/L,0.005,,mg/L
2016-05-23,S007-150,07030004-506,Snake River,River/Stream,Kanabec,07030004,-93.2311,46.0246,Phosphorus,Y,0.027,0.027,mg/L,0.003,9e-4,mg/L
2016-05-23,S007-150,07030004-506,Snake River,River/Stream,Kanabec,07030004,-93.2311,46.0246,Orthophosphate,Y,0.006,0.006,mg/L,0.005,,mg/L
2016-05-23,S007-150,07030004-506,Snake River,River/Stream,Kanabec,07030004,-93.2311,46.0246,Kjeldahl nitrogen,Y,0.99,0.99,mg/L,0.2,0.09,mg/L
2016-05-23,S007-150,07030004-506,Snake River,River/Stream,Kanabec,07030004,-93.2311,46.0246,"Temperature, water",Y,19.14,19.14,deg C,,,
2016-05-23,S007-150,07030004-506,Snake River,River/Stream,Kanabec,07030004,-93.2311,46.0246,Specific conductance,Y,130,130,uS/cm,,,
2016-05-23,S007-150,07030004-506,Snake River,River/Stream,Kanabec,07030004,-93.2311,46.0246,pH,Y,7.66,7.66,None,,,
2016-05-23,S007-150,07030004-506,Snake River,River/Stream,Kanabec,07030004,-93.2311,46.0246,Dissolved oxygen (DO),Y,8.19,8.19,mg/L,,,
2016-05-03,S007-150,07030004-506,Snake River,River/Stream,Kanabec,07030004,-93.2311,46.0246,Orthophosphate,N,,,mg/L,0.005,,mg/L
2016-05-02,S007-150,07030004-506,Snake River,River/Stream,Kanabec,07030004,-93.2311,46.0246,Orthophosphate,N,,,mg/L,0.005,,mg/L
2016-05-02,S007-150,07030004-506,Snake River,River/Stream,Kanabec,07030004,-93.2311,46.0246,Phosphorus,Y,0.016,0.016,mg/L,0.003,9e-4,mg/L
2016-05-02,S007-150,07030004-506,Snake River,River/Stream,Kanabec,07030004,-93.2311,46.0246,Kjeldahl nitrogen,Y,0.9,0.90,mg/L,0.2,0.09,mg/L
2016-05-02,S007-150,07030004-506,Snake River,River/Stream,Kanabec,07030004,-93.2311,46.0246,"Temperature, water",Y,11.49,11.49,deg C,,,
2016-05-02,S007-150,07030004-506,Snake River,River/Stream,Kanabec,07030004,-93.2311,46.0246,Specific conductance,Y,58,58,uS/cm,,,
2016-05-02,S007-150,07030004-506,Snake River,River/Stream,Kanabec,07030004,-93.2311,46.0246,pH,Y,7.26,7.26,None,,,
2016-05-02,S007-150,07030004-506,Snake River,River/Stream,Kanabec,07030004,-93.2311,46.0246,Dissolved oxygen (DO),Y,10.27,10.27,mg/L,,,
2016-04-25,S007-150,07030004-506,Snake River,River/Stream,Kanabec,07030004,-93.2311,46.0246,Specific conductance,Y,62,62,uS/cm,,,
2016-04-25,S007-150,07030004-506,Snake River,River/Stream,Kanabec,07030004,-93.2311,46.0246,Phosphorus,Y,0.066,0.066,mg/L,0.003,9e-4,mg/L
2016-04-25,S007-150,07030004-506,Snake River,River/Stream,Kanabec,07030004,-93.2311,46.0246,Orthophosphate,Y,0.008,0.008,mg/L,0.005,,mg/L
2016-04-25,S007-150,07030004-506,Snake River,River/Stream,Kanabec,07030004,-93.2311,46.0246,pH,Y,7.21,7.21,None,,,
2016-04-25,S007-150,07030004-506,Snake River,River/Stream,Kanabec,07030004,-93.2311,46.0246,Dissolved oxygen (DO),Y,10.75,10.75,mg/L,,,
2016-04-25,S007-150,07030004-506,Snake River,River/Stream,Kanabec,07030004,-93.2311,46.0246,"Temperature, water",Y,6.07,6.07,deg C,,,
2016-04-25,S007-150,07030004-506,Snake River,River/Stream,Kanabec,07030004,-93.2311,46.0246,Kjeldahl nitrogen,Y,0.59,0.59,mg/L,0.2,0.09,mg/L
2016-04-20,S007-150,07030004-506,Snake River,River/Stream,Kanabec,07030004,-93.2311,46.0246,"Temperature, water",Y,13.23,13.23,deg C,,,
2016-04-20,S007-150,07030004-506,Snake River,River/Stream,Kanabec,07030004,-93.2311,46.0246,Specific conductance,Y,86,86,uS/cm,,,
2016-04-20,S007-150,07030004-506,Snake River,River/Stream,Kanabec,07030004,-93.2311,46.0246,pH,Y,7.63,7.63,None,,,
2016-04-20,S007-150,07030004-506,Snake River,River/Stream,Kanabec,07030004,-93.2311,46.0246,Dissolved oxygen (DO),Y,10.33,10.33,mg/L,,,
2016-04-20,S007-150,07030004-506,Snake River,River/Stream,Kanabec,07030004,-93.2311,46.0246,Orthophosphate,N,,,mg/L,0.005,,mg/L
2016-04-20,S007-150,07030004-506,Snake River,River/Stream,Kanabec,07030004,-93.2311,46.0246,Phosphorus,Y,0.028,0.028,mg/L,0.003,9e-4,mg/L
2016-04-20,S007-150,07030004-506,Snake River,River/Stream,Kanabec,07030004,-93.2311,46.0246,Kjeldahl nitrogen,Y,0.78,0.78,mg/L,0.2,0.09,mg/L
2016-04-12,S007-150,07030004-506,Snake River,River/Stream,Kanabec,07030004,-93.2311,46.0246,Phosphorus,Y,0.019,0.019,mg/L,0.003,9e-4,mg/L
2016-04-06,S007-150,07030004-506,Snake River,River/Stream,Kanabec,07030004,-93.2311,46.0246,Orthophosphate,N,,,mg/L,0.005,,mg/L
2016-04-06,S007-150,07030004-506,Snake River,River/Stream,Kanabec,07030004,-93.2311,46.0246,Phosphorus,Y,0.018,0.018,mg/L,0.003,9e-4,mg/L
2016-04-06,S007-150,07030004-506,Snake River,River/Stream,Kanabec,07030004,-93.2311,46.0246,pH,Y,7.43,7.43,None,,,
2016-04-06,S007-150,07030004-506,Snake River,River/Stream,Kanabec,07030004,-93.2311,46.0246,Dissolved oxygen (DO),Y,12.38,12.38,mg/L,,,
2016-04-06,S007-150,07030004-506,Snake River,River/Stream,Kanabec,07030004,-93.2311,46.0246,Kjeldahl nitrogen,Y,0.65,0.65,mg/L,0.2,0.09,mg/L
2016-04-06,S007-150,07030004-506,Snake River,River/Stream,Kanabec,07030004,-93.2311,46.0246,"Temperature, water",Y,2.6,2.6,deg C,,,
2016-04-06,S007-150,07030004-506,Snake River,River/Stream,Kanabec,07030004,-93.2311,46.0246,Specific conductance,Y,63,63,uS/cm,,,
2016-03-31,S007-150,07030004-506,Snake River,River/Stream,Kanabec,07030004,-93.2311,46.0246,Orthophosphate,Y,0.006,0.006,mg/L,0.005,,mg/L
2016-03-31,S007-150,07030004-506,Snake River,River/Stream,Kanabec,07030004,-93.2311,46.0246,Dissolved oxygen (DO),Y,11.68,11.68,mg/L,,,
2016-03-31,S007-150,07030004-506,Snake River,River/Stream,Kanabec,07030004,-93.2311,46.0246,pH,Y,7.14,7.14,None,,,
2016-03-31,S007-150,07030004-506,Snake River,River/Stream,Kanabec,07030004,-93.2311,46.0246,Specific conductance,Y,59,59,uS/cm,,,
2016-03-31,S007-150,07030004-506,Snake River,River/Stream,Kanabec,07030004,-93.2311,46.0246,"Temperature, water",Y,4.85,4.85,deg C,,,
2016-03-31,S007-150,07030004-506,Snake River,River/Stream,Kanabec,07030004,-93.2311,46.0246,Kjeldahl nitrogen,Y,0.71,0.71,mg/L,0.2,0.09,mg/L
2016-03-31,S007-150,07030004-506,Snake River,River/Stream,Kanabec,07030004,-93.2311,46.0246,Phosphorus,Y,0.035,0.035,mg/L,0.003,9e-4,mg/L
2016-03-23,S007-150,07030004-506,Snake River,River/Stream,Kanabec,07030004,-93.2311,46.0246,Orthophosphate,Y,0.007,0.007,mg/L,0.005,,mg/L
2016-03-22,S007-150,07030004-506,Snake River,River/Stream,Kanabec,07030004,-93.2311,46.0246,Phosphorus,Y,0.042,0.042,mg/L,0.003,9e-4,mg/L
2016-03-22,S007-150,07030004-506,Snake River,River/Stream,Kanabec,07030004,-93.2311,46.0246,Orthophosphate,Y,0.007,0.007,mg/L,0.005,,mg/L
2016-03-22,S007-150,07030004-506,Snake River,River/Stream,Kanabec,07030004,-93.2311,46.0246,Kjeldahl nitrogen,Y,0.76,0.76,mg/L,0.2,0.09,mg/L
2016-03-22,S007-150,07030004-506,Snake River,River/Stream,Kanabec,07030004,-93.2311,46.0246,Kjeldahl nitrogen,Y,1.35,1.35,mg/L,0.2,0.09,mg/L
2016-03-18,S007-150,07030004-506,Snake River,River/Stream,Kanabec,07030004,-93.2311,46.0246,Orthophosphate,Y,0.015,0.015,mg/L,0.005,,mg/L
2016-03-17,S007-150,07030004-506,Snake River,River/Stream,Kanabec,07030004,-93.2311,46.0246,Kjeldahl nitrogen,Y,1.06,1.06,mg/L,0.2,0.09,mg/L
2016-03-17,S007-150,07030004-506,Snake River,River/Stream,Kanabec,07030004,-93.2311,46.0246,Phosphorus,Y,0.098,0.098,mg/L,0.003,9e-4,mg/L
2016-03-17,S007-150,07030004-506,Snake River,River/Stream,Kanabec,07030004,-93.2311,46.0246,Orthophosphate,Y,0.014,0.014,mg/L,0.005,,mg/L
2016-03-16,S007-150,07030004-506,Snake River,River/Stream,Kanabec,07030004,-93.2311,46.0246,Kjeldahl nitrogen,Y,1.33,1.33,mg/L,0.2,0.09,mg/L
2016-03-16,S007-150,07030004-506,Snake River,River/Stream,Kanabec,07030004,-93.2311,46.0246,Phosphorus,Y,0.168,0.168,mg/L,0.003,9e-4,mg/L
2016-03-16,S007-150,07030004-506,Snake River,River/Stream,Kanabec,07030004,-93.2311,46.0246,Orthophosphate,Y,0.013,0.013,mg/L,0.005,,mg/L
2016-03-10,S007-150,07030004-506,Snake River,River/Stream,Kanabec,07030004,-93.2311,46.0246,Orthophosphate,Y,0.018,0.018,mg/L,0.005,,mg/L
2016-03-10,S007-150,07030004-506,Snake River,River/Stream,Kanabec,07030004,-93.2311,46.0246,Phosphorus,Y,0.098,0.098,mg/L,0.003,9e-4,mg/L
2016-03-10,S007-150,07030004-506,Snake River,River/Stream,Kanabec,07030004,-93.2311,46.0246,Kjeldahl nitrogen,Y,1.03,1.03,mg/L,0.2,0.09,mg/L
2016-03-08,S007-150,07030004-506,Snake River,River/Stream,Kanabec,07030004,-93.2311,46.0246,Dissolved oxygen (DO),Y,12.41,12.41,mg/L,,,
2016-03-08,S007-150,07030004-506,Snake River,River/Stream,Kanabec,07030004,-93.2311,46.0246,Orthophosphate,Y,0.016,0.016,mg/L,0.005,,mg/L
2016-03-08,S007-150,07030004-506,Snake River,River/Stream,Kanabec,07030004,-93.2311,46.0246,Phosphorus,Y,0.048,0.048,mg/L,0.003,9e-4,mg/L
2016-03-08,S007-150,07030004-506,Snake River,River/Stream,Kanabec,07030004,-93.2311,46.0246,pH,Y,7.76,7.76,None,,,
2016-03-08,S007-150,07030004-506,Snake River,River/Stream,Kanabec,07030004,-93.2311,46.0246,Specific conductance,Y,199,199,uS/cm,,,
2016-03-08,S007-150,07030004-506,Snake River,River/Stream,Kanabec,07030004,-93.2311,46.0246,"Temperature, water",Y,0.8,0.8,deg C,,,
2016-03-08,S007-150,07030004-506,Snake River,River/Stream,Kanabec,07030004,-93.2311,46.0246,Kjeldahl nitrogen,Y,0.65,0.65,mg/L,0.2,0.09,mg/L
2015-10-26,S007-150,07030004-506,Snake River,River/Stream,Kanabec,07030004,-93.2311,46.0246,Dissolved oxygen (DO),Y,10.54,10.54,mg/L,,,
2015-10-26,S007-150,07030004-506,Snake River,River/Stream,Kanabec,07030004,-93.2311,46.0246,pH,Y,7.88,7.88,None,,,
2015-10-26,S007-150,07030004-506,Snake River,River/Stream,Kanabec,07030004,-93.2311,46.0246,Specific conductance,Y,166,166,uS/cm,,,
2015-10-26,S007-150,07030004-506,Snake River,River/Stream,Kanabec,07030004,-93.2311,46.0246,Orthophosphate,Y,0.01,0.010,mg/L,0.005,,mg/L
2015-10-26,S007-150,07030004-506,Snake River,River/Stream,Kanabec,07030004,-93.2311,46.0246,"Temperature, water",Y,7.9,7.9,deg C,,,
2015-10-26,S007-150,07030004-506,Snake River,River/Stream,Kanabec,07030004,-93.2311,46.0246,Phosphorus,Y,0.02,0.020,mg/L,0.003,9e-4,mg/L
2015-10-26,S007-150,07030004-506,Snake River,River/Stream,Kanabec,07030004,-93.2311,46.0246,Kjeldahl nitrogen,Y,0.63,0.63,mg/L,0.2,0.09,mg/L
2015-10-07,S007-150,07030004-506,Snake River,River/Stream,Kanabec,07030004,-93.2311,46.0246,Kjeldahl nitrogen,Y,0.7,0.70,mg/L,0.2,0.09,mg/L
2015-10-07,S007-150,07030004-506,Snake River,River/Stream,Kanabec,07030004,-93.2311,46.0246,Orthophosphate,Y,0.008,0.008,mg/L,0.005,,mg/L
2015-10-07,S007-150,07030004-506,Snake River,River/Stream,Kanabec,07030004,-93.2311,46.0246,Phosphorus,Y,0.021,0.021,mg/L,0.003,9e-4,mg/L
2015-10-07,S007-150,07030004-506,Snake River,River/Stream,Kanabec,07030004,-93.2311,46.0246,Dissolved oxygen (DO),Y,10.11,10.11,mg/L,,,
2015-10-07,S007-150,07030004-506,Snake River,River/Stream,Kanabec,07030004,-93.2311,46.0246,pH,Y,7.31,7.31,None,,,
2015-10-07,S007-150,07030004-506,Snake River,River/Stream,Kanabec,07030004,-93.2311,46.0246,Specific conductance,Y,232,232,uS/cm,,,
2015-10-07,S007-150,07030004-506,Snake River,River/Stream,Kanabec,07030004,-93.2311,46.0246,"Temperature, water",Y,12.86,12.86,deg C,,,
2015-09-11,S007-150,07030004-506,Snake River,River/Stream,Kanabec,07030004,-93.2311,46.0246,Orthophosphate,Y,0.011,0.011,mg/L,0.005,,mg/L
2015-09-10,S007-150,07030004-506,Snake River,River/Stream,Kanabec,07030004,-93.2311,46.0246,Phosphorus,Y,0.029,0.029,mg/L,0.003,9e-4,mg/L
2015-09-10,S007-150,07030004-506,Snake River,River/Stream,Kanabec,07030004,-93.2311,46.0246,Orthophosphate,Y,0.01,0.010,mg/L,0.005,,mg/L
2015-09-10,S007-150,07030004-506,Snake River,River/Stream,Kanabec,07030004,-93.2311,46.0246,Kjeldahl nitrogen,Y,0.91,0.91,mg/L,0.2,0.09,mg/L
2015-09-10,S007-150,07030004-506,Snake River,River/Stream,Kanabec,07030004,-93.2311,46.0246,"Temperature, water",Y,18.76,18.76,deg C,,,
2015-09-10,S007-150,07030004-506,Snake River,River/Stream,Kanabec,07030004,-93.2311,46.0246,Specific conductance,Y,176,176,uS/cm,,,
2015-09-10,S007-150,07030004-506,Snake River,River/Stream,Kanabec,07030004,-93.2311,46.0246,Kjeldahl nitrogen,Y,0.89,0.89,mg/L,0.2,0.09,mg/L
2015-09-10,S007-150,07030004-506,Snake River,River/Stream,Kanabec,07030004,-93.2311,46.0246,Dissolved oxygen (DO),Y,8.84,8.84,mg/L,,,
2015-09-10,S007-150,07030004-506,Snake River,River/Stream,Kanabec,07030004,-93.2311,46.0246,Orthophosphate,Y,0.011,0.011,mg/L,0.005,,mg/L
2015-09-10,S007-150,07030004-506,Snake River,River/Stream,Kanabec,07030004,-93.2311,46.0246,Phosphorus,Y,0.028,0.028,mg/L,0.003,9e-4,mg/L
2015-09-10,S007-150,07030004-506,Snake River,River/Stream,Kanabec,07030004,-93.2311,46.0246,pH,Y,7.86,7.86,None,,,
2015-08-10,S007-150,07030004-506,Snake River,River/Stream,Kanabec,07030004,-93.2311,46.0246,Orthophosphate,Y,0.011,0.011,mg/L,0.005,,mg/L
2015-08-10,S007-150,07030004-506,Snake River,River/Stream,Kanabec,07030004,-93.2311,46.0246,"Temperature, water",Y,23.09,23.09,deg C,,,
2015-08-10,S007-150,07030004-506,Snake River,River/Stream,Kanabec,07030004,-93.2311,46.0246,pH,Y,7.72,7.72,None,,,
2015-08-10,S007-150,07030004-506,Snake River,River/Stream,Kanabec,07030004,-93.2311,46.0246,Dissolved oxygen (DO),Y,8.12,8.12,mg/L,,,
2015-08-10,S007-150,07030004-506,Snake River,River/Stream,Kanabec,07030004,-93.2311,46.0246,Specific conductance,Y,127,127,uS/cm,,,
2015-08-10,S007-150,07030004-506,Snake River,River/Stream,Kanabec,07030004,-93.2311,46.0246,Stream stage,Y,936.01,936.01,ft,,,
2015-08-10,S007-150,07030004-506,Snake River,River/Stream,Kanabec,07030004,-93.2311,46.0246,Kjeldahl nitrogen,Y,0.98,0.98,mg/L,0.2,0.09,mg/L
2015-08-10,S007-150,07030004-506,Snake River,River/Stream,Kanabec,07030004,-93.2311,46.0246,Phosphorus,Y,0.032,0.032,mg/L,0.003,9e-4,mg/L
2015-08-05,S007-150,07030004-506,Snake River,River/Stream,Kanabec,07030004,-93.2311,46.0246,Phosphorus,Y,0.043,0.043,mg/L,0.003,9e-4,mg/L
2015-08-05,S007-150,07030004-506,Snake River,River/Stream,Kanabec,07030004,-93.2311,46.0246,Kjeldahl nitrogen,Y,0.25,0.25,mg/L,0.2,0.09,mg/L
2015-08-05,S007-150,07030004-506,Snake River,River/Stream,Kanabec,07030004,-93.2311,46.0246,Orthophosphate,Y,0.014,0.014,mg/L,0.005,,mg/L
2015-08-05,S007-150,07030004-506,Snake River,River/Stream,Kanabec,07030004,-93.2311,46.0246,pH,Y,7.87,7.87,None,,,
2015-08-05,S007-150,07030004-506,Snake River,River/Stream,Kanabec,07030004,-93.2311,46.0246,Dissolved oxygen (DO),Y,8.61,8.61,mg/L,,,
2015-08-05,S007-150,07030004-506,Snake River,River/Stream,Kanabec,07030004,-93.2311,46.0246,Kjeldahl nitrogen,Y,0.52,0.52,mg/L,0.2,0.09,mg/L
2015-08-05,S007-150,07030004-506,Snake River,River/Stream,Kanabec,07030004,-93.2311,46.0246,Orthophosphate,Y,0.012,0.012,mg/L,0.005,,mg/L
2015-08-05,S007-150,07030004-506,Snake River,River/Stream,Kanabec,07030004,-93.2311,46.0246,Phosphorus,Y,0.043,0.043,mg/L,0.003,9e-4,mg/L
2015-08-05,S007-150,07030004-506,Snake River,River/Stream,Kanabec,07030004,-93.2311,46.0246,"Temperature, water",Y,22.68,22.68,deg C,,,
2015-08-05,S007-150,07030004-506,Snake River,River/Stream,Kanabec,07030004,-93.2311,46.0246,Specific conductance,Y,169,169,uS/cm,,,
2015-08-05,S007-150,07030004-506,Snake River,River/Stream,Kanabec,07030004,-93.2311,46.0246,Stream stage,Y,935.27,935.27,ft,,,
2015-07-16,S007-150,07030004-506,Snake River,River/Stream,Kanabec,07030004,-93.2311,46.0246,"Temperature, water",Y,22.74,22.74,deg C,,,
2015-07-16,S007-150,07030004-506,Snake River,River/Stream,Kanabec,07030004,-93.2311,46.0246,Phosphorus,Y,0.05,0.050,mg/L,0.003,9e-4,mg/L
2015-07-16,S007-150,07030004-506,Snake River,River/Stream,Kanabec,07030004,-93.2311,46.0246,Specific conductance,Y,88,88,uS/cm,,,
2015-07-16,S007-150,07030004-506,Snake River,River/Stream,Kanabec,07030004,-93.2311,46.0246,pH,Y,7.34,7.34,None,,,
2015-07-16,S007-150,07030004-506,Snake River,River/Stream,Kanabec,07030004,-93.2311,46.0246,Dissolved oxygen (DO),Y,7.34,7.34,mg/L,,,
2015-07-16,S007-150,07030004-506,Snake River,River/Stream,Kanabec,07030004,-93.2311,46.0246,Turbidity,Y,3.5,3.5,NTU,0.2,,NTU
2015-07-16,S007-150,07030004-506,Snake River,River/Stream,Kanabec,07030004,-93.2311,46.0246,Orthophosphate,Y,0.014,0.014,mg/L,0.005,,mg/L
2015-07-16,S007-150,07030004-506,Snake River,River/Stream,Kanabec,07030004,-93.2311,46.0246,Kjeldahl nitrogen,Y,1.13,1.13,mg/L,0.2,0.09,mg/L
2015-07-13,S007-150,07030004-506,Snake River,River/Stream,Kanabec,07030004,-93.2311,46.0246,Phosphorus,Y,0.068,0.068,mg/L,0.003,9e-4,mg/L
2015-07-13,S007-150,07030004-506,Snake River,River/Stream,Kanabec,07030004,-93.2311,46.0246,Orthophosphate,Y,0.017,0.017,mg/L,0.005,,mg/L
2015-07-13,S007-150,07030004-506,Snake River,River/Stream,Kanabec,07030004,-93.2311,46.0246,Kjeldahl nitrogen,Y,1.11,1.11,mg/L,0.2,0.09,mg/L
2015-07-13,S007-150,07030004-506,Snake River,River/Stream,Kanabec,07030004,-93.2311,46.0246,Turbidity,Y,9.2,9.2,NTU,0.2,,NTU
2015-07-13,S007-150,07030004-506,Snake River,River/Stream,Kanabec,07030004,-93.2311,46.0246,"Temperature, water",Y,22.06,22.06,deg C,,,
2015-07-13,S007-150,07030004-506,Snake River,River/Stream,Kanabec,07030004,-93.2311,46.0246,Specific conductance,Y,63,63,uS/cm,,,
2015-07-13,S007-150,07030004-506,Snake River,River/Stream,Kanabec,07030004,-93.2311,46.0246,pH,Y,6.97,6.97,None,,,
2015-07-13,S007-150,07030004-506,Snake River,River/Stream,Kanabec,07030004,-93.2311,46.0246,Dissolved oxygen (DO),Y,7.14,7.14,mg/L,,,
2015-07-13,S007-150,07030004-506,Snake River,River/Stream,Kanabec,07030004,-93.2311,46.0246,Stream stage,Y,940.31,940.31,ft,,,
2015-07-07,S007-150,07030004-506,Snake River,River/Stream,Kanabec,07030004,-93.2311,46.0246,Kjeldahl nitrogen,Y,1.2,1.20,mg/L,0.2,0.09,mg/L
2015-07-07,S007-150,07030004-506,Snake River,River/Stream,Kanabec,07030004,-93.2311,46.0246,Orthophosphate,Y,0.018,0.018,mg/L,0.005,,mg/L
2015-07-07,S007-150,07030004-506,Snake River,River/Stream,Kanabec,07030004,-93.2311,46.0246,Phosphorus,Y,0.079,0.079,mg/L,0.003,9e-4,mg/L
2015-07-07,S007-150,07030004-506,Snake River,River/Stream,Kanabec,07030004,-93.2311,46.0246,Dissolved oxygen (DO),Y,7.97,7.97,mg/L,,,
2015-07-07,S007-150,07030004-506,Snake River,River/Stream,Kanabec,07030004,-93.2311,46.0246,pH,Y,7.3,7.3,None,,,
2015-07-07,S007-150,07030004-506,Snake River,River/Stream,Kanabec,07030004,-93.2311,46.0246,Specific conductance,Y,90,90,uS/cm,,,
2015-07-07,S007-150,07030004-506,Snake River,River/Stream,Kanabec,07030004,-93.2311,46.0246,"Temperature, water",Y,20.28,20.28,deg C,,,
2015-07-07,S007-150,07030004-506,Snake River,River/Stream,Kanabec,07030004,-93.2311,46.0246,Stream stage,Y,937.97,937.97,ft,,,
2015-07-07,S007-150,07030004-506,Snake River,River/Stream,Kanabec,07030004,-93.2311,46.0246,Turbidity,Y,9.4,9.4,NTU,0.2,,NTU
2015-07-07,S007-150,07030004-506,Snake River,River/Stream,Kanabec,07030004,-93.2311,46.0246,Turbidity,Y,6.4,6.4,NTU,0.2,,NTU
2015-07-07,S007-150,07030004-506,Snake River,River/Stream,Kanabec,07030004,-93.2311,46.0246,Orthophosphate,Y,0.011,0.011,mg/L,0.005,,mg/L
2015-07-06,S007-150,07030004-506,Snake River,River/Stream,Kanabec,07030004,-93.2311,46.0246,Specific conductance,Y,115,115,uS/cm,,,
2015-07-06,S007-150,07030004-506,Snake River,River/Stream,Kanabec,07030004,-93.2311,46.0246,"Temperature, water",Y,22.38,22.38,deg C,,,
2015-07-06,S007-150,07030004-506,Snake River,River/Stream,Kanabec,07030004,-93.2311,46.0246,Stream stage,Y,936.65,936.65,ft,,,
2015-07-06,S007-150,07030004-506,Snake River,River/Stream,Kanabec,07030004,-93.2311,46.0246,Turbidity,Y,6.7,6.7,NTU,0.2,,NTU
2015-07-06,S007-150,07030004-506,Snake River,River/Stream,Kanabec,07030004,-93.2311,46.0246,Kjeldahl nitrogen,Y,1.02,1.02,mg/L,0.2,0.09,mg/L
2015-07-06,S007-150,07030004-506,Snake River,River/Stream,Kanabec,07030004,-93.2311,46.0246,Orthophosphate,Y,0.011,0.011,mg/L,0.005,,mg/L
2015-07-06,S007-150,07030004-506,Snake River,River/Stream,Kanabec,07030004,-93.2311,46.0246,Phosphorus,Y,0.055,0.055,mg/L,0.003,9e-4,mg/L
2015-07-06,S007-150,07030004-506,Snake River,River/Stream,Kanabec,07030004,-93.2311,46.0246,Dissolved oxygen (DO),Y,7.35,7.35,mg/L,,,
2015-07-06,S007-150,07030004-506,Snake River,River/Stream,Kanabec,07030004,-93.2311,46.0246,pH,Y,7.41,7.41,None,,,
2015-06-24,S007-150,07030004-506,Snake River,River/Stream,Kanabec,07030004,-93.2311,46.0246,Orthophosphate,Y,0.008,0.008,mg/L,0.005,,mg/L
2015-06-24,S007-150,07030004-506,Snake River,River/Stream,Kanabec,07030004,-93.2311,46.0246,Turbidity,Y,2.3,2.3,NTU,0.2,,NTU
2015-06-23,S007-150,07030004-506,Snake River,River/Stream,Kanabec,07030004,-93.2311,46.0246,Kjeldahl nitrogen,Y,0.92,0.92,mg/L,0.2,0.09,mg/L
2015-06-23,S007-150,07030004-506,Snake River,River/Stream,Kanabec,07030004,-93.2311,46.0246,Phosphorus,Y,0.026,0.026,mg/L,0.003,9e-4,mg/L
2015-06-23,S007-150,07030004-506,Snake River,River/Stream,Kanabec,07030004,-93.2311,46.0246,Orthophosphate,Y,0.008,0.008,mg/L,0.005,,mg/L
2015-06-23,S007-150,07030004-506,Snake River,River/Stream,Kanabec,07030004,-93.2311,46.0246,"Temperature, water",Y,22.55,22.55,deg C,,,
2015-06-23,S007-150,07030004-506,Snake River,River/Stream,Kanabec,07030004,-93.2311,46.0246,Specific conductance,Y,123,123,uS/cm,,,
2015-06-23,S007-150,07030004-506,Snake River,River/Stream,Kanabec,07030004,-93.2311,46.0246,pH,Y,7.86,7.86,None,,,
2015-06-23,S007-150,07030004-506,Snake River,River/Stream,Kanabec,07030004,-93.2311,46.0246,Dissolved oxygen (DO),Y,8.96,8.96,mg/L,,,
2015-06-23,S007-150,07030004-506,Snake River,River/Stream,Kanabec,07030004,-93.2311,46.0246,Stream stage,Y,935.53,935.53,ft,,,
2015-06-23,S007-150,07030004-506,Snake River,River/Stream,Kanabec,07030004,-93.2311,46.0246,Turbidity,Y,2.3,2.3,NTU,0.2,,NTU
2015-06-01,S007-150,07030004-506,Snake River,River/Stream,Kanabec,07030004,-93.2311,46.0246,Specific conductance,Y,74,74,uS/cm,,,
2015-06-01,S007-150,07030004-506,Snake River,River/Stream,Kanabec,07030004,-93.2311,46.0246,"Temperature, water",Y,16.63,16.63,deg C,,,
2015-06-01,S007-150,07030004-506,Snake River,River/Stream,Kanabec,07030004,-93.2311,46.0246,pH,Y,7.41,7.41,None,,,
2015-06-01,S007-150,07030004-506,Snake River,River/Stream,Kanabec,07030004,-93.2311,46.0246,Turbidity,Y,2.6,2.6,NTU,0.2,,NTU
2015-06-01,S007-150,07030004-506,Snake River,River/Stream,Kanabec,07030004,-93.2311,46.0246,Dissolved oxygen (DO),Y,10.51,10.51,mg/L,,,
2015-06-01,S007-150,07030004-506,Snake River,River/Stream,Kanabec,07030004,-93.2311,46.0246,Phosphorus,Y,0.021,0.021,mg/L,0.003,9e-4,mg/L
2015-06-01,S007-150,07030004-506,Snake River,River/Stream,Kanabec,07030004,-93.2311,46.0246,Orthophosphate,Y,0.007,0.007,mg/L,0.005,,mg/L
2015-06-01,S007-150,07030004-506,Snake River,River/Stream,Kanabec,07030004,-93.2311,46.0246,Kjeldahl nitrogen,Y,1,1.00,mg/L,0.2,0.09,mg/L
2015-05-26,S007-150,07030004-506,Snake River,River/Stream,Kanabec,07030004,-93.2311,46.0246,Turbidity,Y,3,3.0,NTU,0.2,,NTU
2015-05-26,S007-150,07030004-506,Snake River,River/Stream,Kanabec,07030004,-93.2311,46.0246,Dissolved oxygen (DO),Y,10.36,10.36,mg/L,,,
2015-05-26,S007-150,07030004-506,Snake River,River/Stream,Kanabec,07030004,-93.2311,46.0246,Kjeldahl nitrogen,Y,0.86,0.86,mg/L,0.2,0.09,mg/L
2015-05-26,S007-150,07030004-506,Snake River,River/Stream,Kanabec,07030004,-93.2311,46.0246,Orthophosphate,Y,0.006,0.006,mg/L,0.005,,mg/L
2015-05-26,S007-150,07030004-506,Snake River,River/Stream,Kanabec,07030004,-93.2311,46.0246,Phosphorus,Y,0.023,0.023,mg/L,0.003,9e-4,mg/L
2015-05-26,S007-150,07030004-506,Snake River,River/Stream,Kanabec,07030004,-93.2311,46.0246,Stream stage,Y,938.4,938.4,ft,,,
2015-05-26,S007-150,07030004-506,Snake River,River/Stream,Kanabec,07030004,-93.2311,46.0246,"Temperature, water",Y,14.27,14.27,deg C,,,
2015-05-26,S007-150,07030004-506,Snake River,River/Stream,Kanabec,07030004,-93.2311,46.0246,Specific conductance,Y,61,61,uS/cm,,,
2015-05-26,S007-150,07030004-506,Snake River,River/Stream,Kanabec,07030004,-93.2311,46.0246,pH,Y,7.21,7.21,None,,,
2015-05-18,S007-150,07030004-506,Snake River,River/Stream,Kanabec,07030004,-93.2311,46.0246,Orthophosphate,Y,0.01,0.010,mg/L,0.005,,mg/L
2015-05-18,S007-150,07030004-506,Snake River,River/Stream,Kanabec,07030004,-93.2311,46.0246,Kjeldahl nitrogen,Y,0.95,0.95,mg/L,0.2,0.09,mg/L
2015-05-18,S007-150,07030004-506,Snake River,River/Stream,Kanabec,07030004,-93.2311,46.0246,Turbidity,Y,5.8,5.8,NTU,0.2,,NTU
2015-05-18,S007-150,07030004-506,Snake River,River/Stream,Kanabec,07030004,-93.2311,46.0246,Stream stage,Y,941.82,941.82,ft,,,
2015-05-18,S007-150,07030004-506,Snake River,River/Stream,Kanabec,07030004,-93.2311,46.0246,"Temperature, water",Y,12.93,12.93,deg C,,,
2015-05-18,S007-150,07030004-506,Snake River,River/Stream,Kanabec,07030004,-93.2311,46.0246,Phosphorus,Y,0.041,0.041,mg/L,0.003,9e-4,mg/L
2015-05-18,S007-150,07030004-506,Snake River,River/Stream,Kanabec,07030004,-93.2311,46.0246,Specific conductance,Y,56,56,uS/cm,,,
2015-05-18,S007-150,07030004-506,Snake River,River/Stream,Kanabec,07030004,-93.2311,46.0246,pH,Y,7,7,None,,,
2015-05-18,S007-150,07030004-506,Snake River,River/Stream,Kanabec,07030004,-93.2311,46.0246,Dissolved oxygen (DO),Y,10.2,10.2,mg/L,,,
2015-05-12,S007-150,07030004-506,Snake River,River/Stream,Kanabec,07030004,-93.2311,46.0246,Turbidity,Y,6.9,6.9,NTU,0.2,,NTU
2015-05-12,S007-150,07030004-506,Snake River,River/Stream,Kanabec,07030004,-93.2311,46.0246,Orthophosphate,Y,0.006,0.006,mg/L,0.005,,mg/L
2015-05-12,S007-150,07030004-506,Snake River,River/Stream,Kanabec,07030004,-93.2311,46.0246,Phosphorus,Y,0.031,0.031,mg/L,0.003,9e-4,mg/L
2015-05-12,S007-150,07030004-506,Snake River,River/Stream,Kanabec,07030004,-93.2311,46.0246,Kjeldahl nitrogen,Y,0.94,0.94,mg/L,0.2,0.09,mg/L
2015-05-12,S007-150,07030004-506,Snake River,River/Stream,Kanabec,07030004,-93.2311,46.0246,Stream stage,Y,938.74,938.74,ft,,,
2015-05-11,S007-150,07030004-506,Snake River,River/Stream,Kanabec,07030004,-93.2311,46.0246,Stream stage,Y,937.44,937.44,ft,,,
2015-05-11,S007-150,07030004-506,Snake River,River/Stream,Kanabec,07030004,-93.2311,46.0246,Phosphorus,Y,0.028,0.028,mg/L,0.003,9e-4,mg/L
2015-05-11,S007-150,07030004-506,Snake River,River/Stream,Kanabec,07030004,-93.2311,46.0246,Turbidity,Y,6.2,6.2,NTU,0.2,,NTU
2015-05-11,S007-150,07030004-506,Snake River,River/Stream,Kanabec,07030004,-93.2311,46.0246,Kjeldahl nitrogen,Y,0.68,0.68,mg/L,0.2,0.09,mg/L
2015-05-11,S007-150,07030004-506,Snake River,River/Stream,Kanabec,07030004,-93.2311,46.0246,Orthophosphate,N,,,mg/L,0.005,,mg/L
2015-05-05,S007-150,07030004-506,Snake River,River/Stream,Kanabec,07030004,-93.2311,46.0246,Kjeldahl nitrogen,Y,0.84,0.84,mg/L,0.2,0.09,mg/L
2015-05-05,S007-150,07030004-506,Snake River,River/Stream,Kanabec,07030004,-93.2311,46.0246,Turbidity,Y,2.4,2.4,NTU,0.2,,NTU
2015-05-05,S007-150,07030004-506,Snake River,River/Stream,Kanabec,07030004,-93.2311,46.0246,Orthophosphate,N,,,mg/L,0.005,,mg/L
2015-05-05,S007-150,07030004-506,Snake River,River/Stream,Kanabec,07030004,-93.2311,46.0246,Phosphorus,Y,0.016,0.016,mg/L,0.003,9e-4,mg/L
2015-05-05,S007-150,07030004-506,Snake River,River/Stream,Kanabec,07030004,-93.2311,46.0246,Stream stage,Y,935.82,935.82,ft,,,
2015-04-23,S007-150,07030004-506,Snake River,River/Stream,Kanabec,07030004,-93.2311,46.0246,Phosphorus,Y,0.035,0.035,mg/L,5,5,mg/L
2015-04-23,S007-150,07030004-506,Snake River,River/Stream,Kanabec,07030004,-93.2311,46.0246,Dissolved oxygen (DO),Y,12.14,12.14,mg/L,,,
2015-04-23,S007-150,07030004-506,Snake River,River/Stream,Kanabec,07030004,-93.2311,46.0246,Escherichia coli,Y,14,14,MPN/100mL,1,4,MPN/100mL
2015-04-23,S007-150,07030004-506,Snake River,River/Stream,Kanabec,07030004,-93.2311,46.0246,Specific conductance,Y,75,75,uS/cm,,,
2015-04-23,S007-150,07030004-506,Snake River,River/Stream,Kanabec,07030004,-93.2311,46.0246,Orthophosphate,Y,0.005,0.005,mg/L,5,2,mg/L
2015-04-23,S007-150,07030004-506,Snake River,River/Stream,Kanabec,07030004,-93.2311,46.0246,"Temperature, water",Y,5.29,5.29,deg C,,,
2015-04-20,S007-150,07030004-506,Snake River,River/Stream,Kanabec,07030004,-93.2311,46.0246,pH,Y,7.53,7.53,None,,,
2015-04-20,S007-150,07030004-506,Snake River,River/Stream,Kanabec,07030004,-93.2311,46.0246,Turbidity,Y,4,4.0,NTU,0.2,,NTU
2015-04-20,S007-150,07030004-506,Snake River,River/Stream,Kanabec,07030004,-93.2311,46.0246,Phosphorus,Y,0.026,0.026,mg/L,0.003,9e-4,mg/L
2015-04-20,S007-150,07030004-506,Snake River,River/Stream,Kanabec,07030004,-93.2311,46.0246,Orthophosphate,N,,,mg/L,0.005,,mg/L
2015-04-20,S007-150,07030004-506,Snake River,River/Stream,Kanabec,07030004,-93.2311,46.0246,Kjeldahl nitrogen,Y,0.88,0.88,mg/L,0.2,0.09,mg/L
2015-04-20,S007-150,07030004-506,Snake River,River/Stream,Kanabec,07030004,-93.2311,46.0246,Dissolved oxygen (DO),Y,12.38,12.38,mg/L,,,
2015-04-20,S007-150,07030004-506,Snake River,River/Stream,Kanabec,07030004,-93.2311,46.0246,Specific conductance,Y,76,76,uS/cm,,,
2015-04-20,S007-150,07030004-506,Snake River,River/Stream,Kanabec,07030004,-93.2311,46.0246,"Temperature, water",Y,8.42,8.42,deg C,,,
2015-04-20,S007-150,07030004-506,Snake River,River/Stream,Kanabec,07030004,-93.2311,46.0246,Stream stage,Y,937.02,937.02,ft,,,
2015-04-09,S007-150,07030004-506,Snake River,River/Stream,Kanabec,07030004,-93.2311,46.0246,Specific conductance,Y,103,103,uS/cm,,,
2015-04-09,S007-150,07030004-506,Snake River,River/Stream,Kanabec,07030004,-93.2311,46.0246,Dissolved oxygen (DO),Y,12.42,12.42,mg/L,,,
2015-04-09,S007-150,07030004-506,Snake River,River/Stream,Kanabec,07030004,-93.2311,46.0246,"Temperature, water",Y,3.74,3.74,deg C,,,
2015-04-09,S007-150,07030004-506,Snake River,River/Stream,Kanabec,07030004,-93.2311,46.0246,Orthophosphate,Y,0.006,0.006,mg/L,5,2,mg/L
2015-04-09,S007-150,07030004-506,Snake River,River/Stream,Kanabec,07030004,-93.2311,46.0246,Phosphorus,Y,0.034,0.034,mg/L,5,5,mg/L
2015-04-09,S007-150,07030004-506,Snake River,River/Stream,Kanabec,07030004,-93.2311,46.0246,Escherichia coli,Y,1,1,MPN/100mL,1,4,MPN/100mL
2015-03-23,S007-150,07030004-506,Snake River,River/Stream,Kanabec,07030004,-93.2311,46.0246,Orthophosphate,Y,0.014,0.014,mg/L,0.005,,mg/L
2015-03-23,S007-150,07030004-506,Snake River,River/Stream,Kanabec,07030004,-93.2311,46.0246,Turbidity,Y,2.6,2.6,NTU,0.2,,NTU
2015-03-23,S007-150,07030004-506,Snake River,River/Stream,Kanabec,07030004,-93.2311,46.0246,"Temperature, water",Y,1.08,1.08,deg C,,,
2015-03-23,S007-150,07030004-506,Snake River,River/Stream,Kanabec,07030004,-93.2311,46.0246,Specific conductance,Y,93,93,uS/cm,,,
2015-03-23,S007-150,07030004-506,Snake River,River/Stream,Kanabec,07030004,-93.2311,46.0246,pH,Y,7.34,7.34,None,,,
2015-03-23,S007-150,07030004-506,Snake River,River/Stream,Kanabec,07030004,-93.2311,46.0246,Dissolved oxygen (DO),Y,15.37,15.37,mg/L,,,
2015-03-23,S007-150,07030004-506,Snake River,River/Stream,Kanabec,07030004,-93.2311,46.0246,Stream stage,Y,936.57,936.57,ft,,,
2015-03-23,S007-150,07030004-506,Snake River,River/Stream,Kanabec,07030004,-93.2311,46.0246,Kjeldahl nitrogen,Y,0.68,0.68,mg/L,0.2,0.09,mg/L
2015-03-23,S007-150,07030004-506,Snake River,River/Stream,Kanabec,07030004,-93.2311,46.0246,Phosphorus,Y,0.032,0.032,mg/L,0.003,9e-4,mg/L
2015-03-17,S007-150,07030004-506,Snake River,River/Stream,Kanabec,07030004,-93.2311,46.0246,Specific conductance,Y,67,67,uS/cm,,,
2015-03-17,S007-150,07030004-506,Snake River,River/Stream,Kanabec,07030004,-93.2311,46.0246,Phosphorus,Y,0.064,0.064,mg/L,0.003,9e-4,mg/L
2015-03-17,S007-150,07030004-506,Snake River,River/Stream,Kanabec,07030004,-93.2311,46.0246,Orthophosphate,Y,0.008,0.008,mg/L,0.005,,mg/L
2015-03-17,S007-150,07030004-506,Snake River,River/Stream,Kanabec,07030004,-93.2311,46.0246,Turbidity,Y,4.8,4.8,NTU,0.2,,NTU
2015-03-17,S007-150,07030004-506,Snake River,River/Stream,Kanabec,07030004,-93.2311,46.0246,Kjeldahl nitrogen,Y,1.03,1.03,mg/L,0.2,0.09,mg/L
2015-03-17,S007-150,07030004-506,Snake River,River/Stream,Kanabec,07030004,-93.2311,46.0246,"Temperature, water",Y,0.58,0.58,deg C,,,
2015-03-17,S007-150,07030004-506,Snake River,River/Stream,Kanabec,07030004,-93.2311,46.0246,Dissolved oxygen (DO),Y,13.37,13.37,mg/L,,,
2015-03-17,S007-150,07030004-506,Snake River,River/Stream,Kanabec,07030004,-93.2311,46.0246,pH,Y,7.3,7.3,None,,,
2015-03-13,S007-150,07030004-506,Snake River,River/Stream,Kanabec,07030004,-93.2311,46.0246,"Temperature, water",Y,0.22,0.22,deg C,,,
2015-03-13,S007-150,07030004-506,Snake River,River/Stream,Kanabec,07030004,-93.2311,46.0246,Specific conductance,Y,155,155,uS/cm,,,
2015-03-13,S007-150,07030004-506,Snake River,River/Stream,Kanabec,07030004,-93.2311,46.0246,pH,Y,7.65,7.65,None,,,
2015-03-13,S007-150,07030004-506,Snake River,River/Stream,Kanabec,07030004,-93.2311,46.0246,Dissolved oxygen (DO),Y,12.2,12.2,mg/L,,,
2015-03-13,S007-150,07030004-506,Snake River,River/Stream,Kanabec,07030004,-93.2311,46.0246,Stream stage,Y,936.51,936.51,ft,,,
2014-10-21,S007-150,07030004-506,Snake River,River/Stream,Kanabec,07030004,-93.2311,46.0246,Escherichia coli,Y,13,13,MPN/100mL,1,4,MPN/100mL
2014-10-21,S007-150,07030004-506,Snake River,River/Stream,Kanabec,07030004,-93.2311,46.0246,Phosphorus,Y,0.038,0.038,mg/L,5,5,mg/L
2014-10-21,S007-150,07030004-506,Snake River,River/Stream,Kanabec,07030004,-93.2311,46.0246,Orthophosphate,Y,0.011,0.011,mg/L,5,2,mg/L
2014-10-21,S007-150,07030004-506,Snake River,River/Stream,Kanabec,07030004,-93.2311,46.0246,Distance from/to,Y,13.16,13.16,ft,,,
2014-10-21,S007-150,07030004-506,Snake River,River/Stream,Kanabec,07030004,-93.2311,46.0246,"Temperature, water",Y,7.84,7.84,deg C,,,
2014-10-21,S007-150,07030004-506,Snake River,River/Stream,Kanabec,07030004,-93.2311,46.0246,Specific conductance,Y,126,126,uS/cm,,,
2014-10-21,S007-150,07030004-506,Snake River,River/Stream,Kanabec,07030004,-93.2311,46.0246,Dissolved oxygen (DO),Y,10.76,10.76,mg/L,,,
2014-10-08,S007-150,07030004-506,Snake River,River/Stream,Kanabec,07030004,-93.2311,46.0246,Distance from/to,Y,12.76,12.76,ft,,,
2014-10-08,S007-150,07030004-506,Snake River,River/Stream,Kanabec,07030004,-93.2311,46.0246,Escherichia coli,Y,24,24,MPN/100mL,1,4,MPN/100mL
2014-10-08,S007-150,07030004-506,Snake River,River/Stream,Kanabec,07030004,-93.2311,46.0246,Phosphorus,Y,0.044,0.044,mg/L,5,5,mg/L
2014-10-08,S007-150,07030004-506,Snake River,River/Stream,Kanabec,07030004,-93.2311,46.0246,Orthophosphate,Y,0.015,0.015,mg/L,5,2,mg/L
2014-10-08,S007-150,07030004-506,Snake River,River/Stream,Kanabec,07030004,-93.2311,46.0246,"Temperature, water",Y,6.78,6.78,deg C,,,
2014-10-08,S007-150,07030004-506,Snake River,River/Stream,Kanabec,07030004,-93.2311,46.0246,Specific conductance,Y,112,112,uS/cm,,,
2014-10-08,S007-150,07030004-506,Snake River,River/Stream,Kanabec,07030004,-93.2311,46.0246,Dissolved oxygen (DO),Y,11.03,11.03,mg/L,,,
2014-09-23,S007-150,07030004-506,Snake River,River/Stream,Kanabec,07030004,-93.2311,46.0246,Dissolved oxygen (DO),Y,9.6,9.60,mg/L,,,
2014-09-23,S007-150,07030004-506,Snake River,River/Stream,Kanabec,07030004,-93.2311,46.0246,pH,Y,7.4,7.40,None,,,
2014-09-23,S007-150,07030004-506,Snake River,River/Stream,Kanabec,07030004,-93.2311,46.0246,Specific conductance,Y,119,119,uS/cm,,,
2014-09-23,S007-150,07030004-506,Snake River,River/Stream,Kanabec,07030004,-93.2311,46.0246,"Temperature, water",Y,13.13,13.13,deg C,,,
2014-09-23,S007-150,07030004-506,Snake River,River/Stream,Kanabec,07030004,-93.2311,46.0246,Distance from/to,Y,12.85,12.85,ft,,,
2014-09-23,S007-150,07030004-506,Snake River,River/Stream,Kanabec,07030004,-93.2311,46.0246,Orthophosphate,Y,0.016,0.016,mg/L,5,2,mg/L
2014-09-23,S007-150,07030004-506,Snake River,River/Stream,Kanabec,07030004,-93.2311,46.0246,Phosphorus,Y,0.045,0.045,mg/L,5,5,mg/L
2014-09-23,S007-150,07030004-506,Snake River,River/Stream,Kanabec,07030004,-93.2311,46.0246,Escherichia coli,Y,33,33,MPN/100mL,1,4,MPN/100mL
2014-09-11,S007-150,07030004-506,Snake River,River/Stream,Kanabec,07030004,-93.2311,46.0246,Orthophosphate,Y,0.018,0.018,mg/L,5,2,mg/L
2014-09-11,S007-150,07030004-506,Snake River,River/Stream,Kanabec,07030004,-93.2311,46.0246,Phosphorus,Y,0.066,0.066,mg/L,5,5,mg/L
2014-09-11,S007-150,07030004-506,Snake River,River/Stream,Kanabec,07030004,-93.2311,46.0246,Escherichia coli,Y,280,280,MPN/100mL,1,4,MPN/100mL
2014-09-11,S007-150,07030004-506,Snake River,River/Stream,Kanabec,07030004,-93.2311,46.0246,Dissolved oxygen (DO),Y,9.48,9.48,mg/L,,,
2014-09-11,S007-150,07030004-506,Snake River,River/Stream,Kanabec,07030004,-93.2311,46.0246,pH,Y,7.21,7.21,None,,,
2014-09-11,S007-150,07030004-506,Snake River,River/Stream,Kanabec,07030004,-93.2311,46.0246,Specific conductance,Y,92,92,uS/cm,,,
2014-09-11,S007-150,07030004-506,Snake River,River/Stream,Kanabec,07030004,-93.2311,46.0246,"Temperature, water",Y,13.14,13.14,deg C,,,
2014-09-11,S007-150,07030004-506,Snake River,River/Stream,Kanabec,07030004,-93.2311,46.0246,Distance from/to,Y,10.56,10.56,ft,,,
2014-08-26,S007-150,07030004-506,Snake River,River/Stream,Kanabec,07030004,-93.2311,46.0246,Dissolved oxygen (DO),Y,8.14,8.14,mg/L,,,
2014-08-26,S007-150,07030004-506,Snake River,River/Stream,Kanabec,07030004,-93.2311,46.0246,Escherichia coli,Y,1300,1300,MPN/100mL,1,4,MPN/100mL
2014-08-26,S007-150,07030004-506,Snake River,River/Stream,Kanabec,07030004,-93.2311,46.0246,Phosphorus,Y,0.091,0.091,mg/L,5,5,mg/L
2014-08-26,S007-150,07030004-506,Snake River,River/Stream,Kanabec,07030004,-93.2311,46.0246,pH,Y,7.29,7.29,None,,,
2014-08-26,S007-150,07030004-506,Snake River,River/Stream,Kanabec,07030004,-93.2311,46.0246,Distance from/to,Y,10.97,10.97,ft,,,
2014-08-26,S007-150,07030004-506,Snake River,River/Stream,Kanabec,07030004,-93.2311,46.0246,"Temperature, water",Y,18.19,18.19,deg C,,,
2014-08-26,S007-150,07030004-506,Snake River,River/Stream,Kanabec,07030004,-93.2311,46.0246,Specific conductance,Y,89,89,uS/cm,,,
2014-08-26,S007-150,07030004-506,Snake River,River/Stream,Kanabec,07030004,-93.2311,46.0246,Orthophosphate,Y,0.022,0.022,mg/L,5,2,mg/L
2014-08-11,S007-150,07030004-506,Snake River,River/Stream,Kanabec,07030004,-93.2311,46.0246,Escherichia coli,Y,59,59,MPN/100mL,1,4,MPN/100mL
2014-08-11,S007-150,07030004-506,Snake River,River/Stream,Kanabec,07030004,-93.2311,46.0246,Phosphorus,Y,0.035,0.035,mg/L,5,5,mg/L
2014-08-11,S007-150,07030004-506,Snake River,River/Stream,Kanabec,07030004,-93.2311,46.0246,Orthophosphate,Y,0.016,0.016,mg/L,5,2,mg/L
2014-08-11,S007-150,07030004-506,Snake River,River/Stream,Kanabec,07030004,-93.2311,46.0246,"Temperature, water",Y,21.34,21.34,deg C,,,
2014-08-11,S007-150,07030004-506,Snake River,River/Stream,Kanabec,07030004,-93.2311,46.0246,Specific conductance,Y,204,204,uS/cm,,,
2014-08-11,S007-150,07030004-506,Snake River,River/Stream,Kanabec,07030004,-93.2311,46.0246,pH,Y,7.29,7.29,None,,,
2014-08-11,S007-150,07030004-506,Snake River,River/Stream,Kanabec,07030004,-93.2311,46.0246,Dissolved oxygen (DO),Y,8.55,8.55,mg/L,,,
2014-08-11,S007-150,07030004-506,Snake River,River/Stream,Kanabec,07030004,-93.2311,46.0246,Distance from/to,Y,13.6,13.6,ft,,,
2014-07-28,S007-150,07030004-506,Snake River,River/Stream,Kanabec,07030004,-93.2311,46.0246,Distance from/to,Y,13.05,13.05,ft,,,
2014-07-28,S007-150,07030004-506,Snake River,River/Stream,Kanabec,07030004,-93.2311,46.0246,"Temperature, water",Y,19.84,19.84,deg C,,,
2014-07-28,S007-150,07030004-506,Snake River,River/Stream,Kanabec,07030004,-93.2311,46.0246,Phosphorus,Y,0.065,0.065,mg/L,5,5,mg/L
2014-07-28,S007-150,07030004-506,Snake River,River/Stream,Kanabec,07030004,-93.2311,46.0246,Escherichia coli,Y,32,32,MPN/100mL,1,4,MPN/100mL
2014-07-28,S007-150,07030004-506,Snake River,River/Stream,Kanabec,07030004,-93.2311,46.0246,Orthophosphate,Y,0.034,0.034,mg/L,5,2,mg/L
2014-07-28,S007-150,07030004-506,Snake River,River/Stream,Kanabec,07030004,-93.2311,46.0246,Specific conductance,Y,138,138,uS/cm,,,
2014-07-28,S007-150,07030004-506,Snake River,River/Stream,Kanabec,07030004,-93.2311,46.0246,pH,Y,7.59,7.59,None,,,
2014-07-28,S007-150,07030004-506,Snake River,River/Stream,Kanabec,07030004,-93.2311,46.0246,Dissolved oxygen (DO),Y,7.55,7.55,mg/L,,,
2014-07-16,S007-150,07030004-506,Snake River,River/Stream,Kanabec,07030004,-93.2311,46.0246,Specific conductance,Y,101,101,uS/cm,,,
2014-07-16,S007-150,07030004-506,Snake River,River/Stream,Kanabec,07030004,-93.2311,46.0246,pH,Y,7.2,7.20,None,,,
2014-07-16,S007-150,07030004-506,Snake River,River/Stream,Kanabec,07030004,-93.2311,46.0246,Dissolved oxygen (DO),Y,8.69,8.69,mg/L,,,
2014-07-16,S007-150,07030004-506,Snake River,River/Stream,Kanabec,07030004,-93.2311,46.0246,"Temperature, water",Y,17.94,17.94,deg C,,,
2014-07-16,S007-150,07030004-506,Snake River,River/Stream,Kanabec,07030004,-93.2311,46.0246,Phosphorus,Y,0.073,0.073,mg/L,5,5,mg/L
2014-07-16,S007-150,07030004-506,Snake River,River/Stream,Kanabec,07030004,-93.2311,46.0246,Orthophosphate,Y,0.023,0.023,mg/L,5,2,mg/L
2014-07-16,S007-150,07030004-506,Snake River,River/Stream,Kanabec,07030004,-93.2311,46.0246,Distance from/to,Y,12.25,12.25,ft,,,
2014-07-16,S007-150,07030004-506,Snake River,River/Stream,Kanabec,07030004,-93.2311,46.0246,Escherichia coli,Y,820,820,MPN/100mL,1,4,MPN/100mL
2014-07-01,S007-150,07030004-506,Snake River,River/Stream,Kanabec,07030004,-93.2311,46.0246,pH,Y,7.33,7.33,None,,,
2014-07-01,S007-150,07030004-506,Snake River,River/Stream,Kanabec,07030004,-93.2311,46.0246,Specific conductance,Y,122,122,uS/cm,,,
2014-07-01,S007-150,07030004-506,Snake River,River/Stream,Kanabec,07030004,-93.2311,46.0246,"Temperature, water",Y,20.7,20.70,deg C,,,
2014-07-01,S007-150,07030004-506,Snake River,River/Stream,Kanabec,07030004,-93.2311,46.0246,Escherichia coli,Y,36,36,MPN/100mL,1,4,MPN/100mL
2014-07-01,S007-150,07030004-506,Snake River,River/Stream,Kanabec,07030004,-93.2311,46.0246,Phosphorus,Y,0.066,0.066,mg/L,5,5,mg/L
2014-07-01,S007-150,07030004-506,Snake River,River/Stream,Kanabec,07030004,-93.2311,46.0246,Dissolved oxygen (DO),Y,7.64,7.64,mg/L,,,
2014-07-01,S007-150,07030004-506,Snake River,River/Stream,Kanabec,07030004,-93.2311,46.0246,Distance from/to,Y,12.77,12.77,ft,,,
2014-07-01,S007-150,07030004-506,Snake River,River/Stream,Kanabec,07030004,-93.2311,46.0246,Orthophosphate,Y,0.026,0.026,mg/L,5,2,mg/L
2014-06-17,S007-150,07030004-506,Snake River,River/Stream,Kanabec,07030004,-93.2311,46.0246,Escherichia coli,Y,280,280,MPN/100mL,1,4,MPN/100mL
2014-06-17,S007-150,07030004-506,Snake River,River/Stream,Kanabec,07030004,-93.2311,46.0246,Phosphorus,Y,0.054,0.054,mg/L,5,5,mg/L
2014-06-17,S007-150,07030004-506,Snake River,River/Stream,Kanabec,07030004,-93.2311,46.0246,Orthophosphate,Y,0.015,0.015,mg/L,5,2,mg/L
2014-06-17,S007-150,07030004-506,Snake River,River/Stream,Kanabec,07030004,-93.2311,46.0246,Distance from/to,Y,10.01,10.01,ft,,,
2014-06-17,S007-150,07030004-506,Snake River,River/Stream,Kanabec,07030004,-93.2311,46.0246,Specific conductance,Y,74,74,uS/cm,,,
2014-06-17,S007-150,07030004-506,Snake River,River/Stream,Kanabec,07030004,-93.2311,46.0246,pH,Y,6.9,6.90,None,,,
2014-06-17,S007-150,07030004-506,Snake River,River/Stream,Kanabec,07030004,-93.2311,46.0246,Dissolved oxygen (DO),Y,8.67,8.67,mg/L,,,
2014-06-17,S007-150,07030004-506,Snake River,River/Stream,Kanabec,07030004,-93.2311,46.0246,"Temperature, water",Y,17.13,17.13,deg C,,,
2014-06-03,S007-150,07030004-506,Snake River,River/Stream,Kanabec,07030004,-93.2311,46.0246,Distance from/to,Y,5.84,5.84,ft,,,
2014-06-03,S007-150,07030004-506,Snake River,River/Stream,Kanabec,07030004,-93.2311,46.0246,Specific conductance,Y,60,60,uS/cm,,,
2014-06-03,S007-150,07030004-506,Snake River,River/Stream,Kanabec,07030004,-93.2311,46.0246,"Temperature, water",Y,18.41,18.41,deg C,,,
2014-06-03,S007-150,07030004-506,Snake River,River/Stream,Kanabec,07030004,-93.2311,46.0246,pH,Y,6.64,6.64,None,,,
2014-06-03,S007-150,07030004-506,Snake River,River/Stream,Kanabec,07030004,-93.2311,46.0246,Dissolved oxygen (DO),Y,7.46,7.46,mg/L,,,
2014-06-03,S007-150,07030004-506,Snake River,River/Stream,Kanabec,07030004,-93.2311,46.0246,Escherichia coli,Y,290,290,MPN/100mL,1,4,MPN/100mL
2014-06-03,S007-150,07030004-506,Snake River,River/Stream,Kanabec,07030004,-93.2311,46.0246,Orthophosphate,Y,0.016,0.016,mg/L,5,2,mg/L
2014-06-03,S007-150,07030004-506,Snake River,River/Stream,Kanabec,07030004,-93.2311,46.0246,Phosphorus,Y,0.06,0.060,mg/L,5,5,mg/L
2014-05-19,S007-150,07030004-506,Snake River,River/Stream,Kanabec,07030004,-93.2311,46.0246,Dissolved oxygen (DO),Y,9.75,9.75,mg/L,,,
2014-05-19,S007-150,07030004-506,Snake River,River/Stream,Kanabec,07030004,-93.2311,46.0246,pH,Y,6.97,6.97,None,,,
2014-05-19,S007-150,07030004-506,Snake River,River/Stream,Kanabec,07030004,-93.2311,46.0246,Escherichia coli,Y,17,17,MPN/100mL,1,4,MPN/100mL
2014-05-19,S007-150,07030004-506,Snake River,River/Stream,Kanabec,07030004,-93.2311,46.0246,Phosphorus,Y,0.024,0.024,mg/L,5,5,mg/L
2014-05-19,S007-150,07030004-506,Snake River,River/Stream,Kanabec,07030004,-93.2311,46.0246,Orthophosphate,Y,0.005,0.005,mg/L,5,2,mg/L
2014-05-19,S007-150,07030004-506,Snake River,River/Stream,Kanabec,07030004,-93.2311,46.0246,Distance from/to,Y,11.37,11.37,ft,,,
2014-05-19,S007-150,07030004-506,Snake River,River/Stream,Kanabec,07030004,-93.2311,46.0246,"Temperature, water",Y,11.66,11.66,deg C,,,
2014-05-19,S007-150,07030004-506,Snake River,River/Stream,Kanabec,07030004,-93.2311,46.0246,Specific conductance,Y,59,59,uS/cm,,,
2014-05-08,S007-150,07030004-506,Snake River,River/Stream,Kanabec,07030004,-93.2311,46.0246,Dissolved oxygen (DO),Y,10.43,10.43,mg/L,,,
2014-05-08,S007-150,07030004-506,Snake River,River/Stream,Kanabec,07030004,-93.2311,46.0246,Escherichia coli,Y,31,31,MPN/100mL,1,4,MPN/100mL
2014-05-08,S007-150,07030004-506,Snake River,River/Stream,Kanabec,07030004,-93.2311,46.0246,Phosphorus,Y,0.026,0.026,mg/L,5,5,mg/L
2014-05-08,S007-150,07030004-506,Snake River,River/Stream,Kanabec,07030004,-93.2311,46.0246,Orthophosphate,Y,0.004,0.004,mg/L,5,2,mg/L
2014-05-08,S007-150,07030004-506,Snake River,River/Stream,Kanabec,07030004,-93.2311,46.0246,"Temperature, water",Y,9.94,9.94,deg C,,,
2014-05-08,S007-150,07030004-506,Snake River,River/Stream,Kanabec,07030004,-93.2311,46.0246,Specific conductance,Y,55,55,uS/cm,,,
2014-05-08,S007-150,07030004-506,Snake River,River/Stream,Kanabec,07030004,-93.2311,46.0246,pH,Y,6.92,6.92,None,,,
2014-05-08,S007-150,07030004-506,Snake River,River/Stream,Kanabec,07030004,-93.2311,46.0246,Distance from/to,Y,10.56,10.56,ft,,,
2014-04-21,S007-150,07030004-506,Snake River,River/Stream,Kanabec,07030004,-93.2311,46.0246,Distance from/to,Y,7.7,7.7,ft,,,
2014-04-21,S007-150,07030004-506,Snake River,River/Stream,Kanabec,07030004,-93.2311,46.0246,Escherichia coli,Y,11,11,MPN/100mL,1,4,MPN/100mL
2014-04-21,S007-150,07030004-506,Snake River,River/Stream,Kanabec,07030004,-93.2311,46.0246,Orthophosphate,Y,0.007,0.007,mg/L,5,2,mg/L
2014-04-21,S007-150,07030004-506,Snake River,River/Stream,Kanabec,07030004,-93.2311,46.0246,Phosphorus,Y,0.042,0.042,mg/L,5,5,mg/L
2014-04-09,S007-150,07030004-506,Snake River,River/Stream,Kanabec,07030004,-93.2311,46.0246,Phosphorus,Y,0.096,0.096,mg/L,5,5,mg/L
2014-04-09,S007-150,07030004-506,Snake River,River/Stream,Kanabec,07030004,-93.2311,46.0246,Escherichia coli,Y,45,45,MPN/100mL,1,4,MPN/100mL
2014-04-09,S007-150,07030004-506,Snake River,River/Stream,Kanabec,07030004,-93.2311,46.0246,Orthophosphate,Y,0.018,0.018,mg/L,5,2,mg/L
2014-04-09,S007-150,07030004-506,Snake River,River/Stream,Kanabec,07030004,-93.2311,46.0246,"Temperature, water",Y,0.23,0.23,deg C,,,
2014-04-09,S007-150,07030004-506,Snake River,River/Stream,Kanabec,07030004,-93.2311,46.0246,Specific conductance,Y,181,181,uS/cm,,,
2014-04-09,S007-150,07030004-506,Snake River,River/Stream,Kanabec,07030004,-93.2311,46.0246,pH,Y,7.36,7.36,None,,,
2014-04-09,S007-150,07030004-506,Snake River,River/Stream,Kanabec,07030004,-93.2311,46.0246,Dissolved oxygen (DO),Y,12.96,12.96,mg/L,,,
2014-04-09,S007-150,07030004-506,Snake River,River/Stream,Kanabec,07030004,-93.2311,46.0246,Distance from/to,Y,12.4,12.4,ft,,,
2014-04-02,S007-150,07030004-506,Snake River,River/Stream,Kanabec,07030004,-93.2311,46.0246,Phosphorus,Y,0.041,0.041,mg/L,5,5,mg/L
2014-04-02,S007-150,07030004-506,Snake River,River/Stream,Kanabec,07030004,-93.2311,46.0246,Orthophosphate,Y,0.008,0.008,mg/L,5,2,mg/L
2013-10-22,S007-150,07030004-506,Snake River,River/Stream,Kanabec,07030004,-93.2311,46.0246,"Temperature, water",Y,3.72,3.72,deg C,,,
2013-10-22,S007-150,07030004-506,Snake River,River/Stream,Kanabec,07030004,-93.2311,46.0246,Specific conductance,Y,0.109,0.109,uS/cm,,,
2013-10-22,S007-150,07030004-506,Snake River,River/Stream,Kanabec,07030004,-93.2311,46.0246,pH,Y,7.4,7.40,None,,,
2013-10-22,S007-150,07030004-506,Snake River,River/Stream,Kanabec,07030004,-93.2311,46.0246,Escherichia coli,Y,34,34,MPN/100mL,1,4,MPN/100mL
2013-10-22,S007-150,07030004-506,Snake River,River/Stream,Kanabec,07030004,-93.2311,46.0246,Phosphorus,Y,0.034,0.034,mg/L,5,5,mg/L
2013-10-22,S007-150,07030004-506,Snake River,River/Stream,Kanabec,07030004,-93.2311,46.0246,Dissolved oxygen (DO),Y,12.04,12.04,mg/L,,,
2013-10-22,S007-150,07030004-506,Snake River,River/Stream,Kanabec,07030004,-93.2311,46.0246,Distance from/to,Y,12.84,12.84,ft,,,
2013-10-22,S007-150,07030004-506,Snake River,River/Stream,Kanabec,07030004,-93.2311,46.0246,Orthophosphate,Y,0.011,0.011,mg/L,5,2,mg/L
2013-10-10,S007-150,07030004-506,Snake River,River/Stream,Kanabec,07030004,-93.2311,46.0246,"Temperature, water",Y,12.63,12.63,deg C,,,
2013-10-10,S007-150,07030004-506,Snake River,River/Stream,Kanabec,07030004,-93.2311,46.0246,Specific conductance,Y,0.029,0.029,uS/cm,,,
2013-10-10,S007-150,07030004-506,Snake River,River/Stream,Kanabec,07030004,-93.2311,46.0246,pH,Y,7.7,7.70,None,,,
2013-10-10,S007-150,07030004-506,Snake River,River/Stream,Kanabec,07030004,-93.2311,46.0246,Dissolved oxygen (DO),Y,9.7,9.70,mg/L,,,
2013-10-10,S007-150,07030004-506,Snake River,River/Stream,Kanabec,07030004,-93.2311,46.0246,Orthophosphate,Y,0.007,0.007,mg/L,5,2,mg/L
2013-10-10,S007-150,07030004-506,Snake River,River/Stream,Kanabec,07030004,-93.2311,46.0246,Distance from/to,Y,13.53,13.53,ft,,,
2013-10-10,S007-150,07030004-506,Snake River,River/Stream,Kanabec,07030004,-93.2311,46.0246,Phosphorus,Y,0.021,0.021,mg/L,5,5,mg/L
2013-10-10,S007-150,07030004-506,Snake River,River/Stream,Kanabec,07030004,-93.2311,46.0246,Escherichia coli,Y,14,14,MPN/100mL,1,4,MPN/100mL
2013-09-26,S007-150,07030004-506,Snake River,River/Stream,Kanabec,07030004,-93.2311,46.0246,pH,Y,7.92,7.92,None,,,
2013-09-26,S007-150,07030004-506,Snake River,River/Stream,Kanabec,07030004,-93.2311,46.0246,Dissolved oxygen (DO),Y,9.64,9.64,mg/L,,,
2013-09-26,S007-150,07030004-506,Snake River,River/Stream,Kanabec,07030004,-93.2311,46.0246,Escherichia coli,Y,11,11,MPN/100mL,1,4,MPN/100mL
2013-09-26,S007-150,07030004-506,Snake River,River/Stream,Kanabec,07030004,-93.2311,46.0246,"Temperature, water",Y,14.32,14.32,deg C,,,
2013-09-26,S007-150,07030004-506,Snake River,River/Stream,Kanabec,07030004,-93.2311,46.0246,Phosphorus,Y,0.011,0.011,mg/L,5,5,mg/L
2013-09-26,S007-150,07030004-506,Snake River,River/Stream,Kanabec,07030004,-93.2311,46.0246,Orthophosphate,Y,0.002,0.002,mg/L,5,2,mg/L
2013-09-26,S007-150,07030004-506,Snake River,River/Stream,Kanabec,07030004,-93.2311,46.0246,Distance from/to,Y,13.8,13.8,ft,,,
2013-09-26,S007-150,07030004-506,Snake River,River/Stream,Kanabec,07030004,-93.2311,46.0246,Specific conductance,Y,0.281,0.281,uS/cm,,,
2013-09-11,S007-150,07030004-506,Snake River,River/Stream,Kanabec,07030004,-93.2311,46.0246,pH,Y,7.97,7.97,None,,,
2013-09-11,S007-150,07030004-506,Snake River,River/Stream,Kanabec,07030004,-93.2311,46.0246,Specific conductance,Y,0.308,0.308,uS/cm,,,
2013-09-11,S007-150,07030004-506,Snake River,River/Stream,Kanabec,07030004,-93.2311,46.0246,Escherichia coli,Y,27,27,MPN/100mL,1,4,MPN/100mL
2013-09-11,S007-150,07030004-506,Snake River,River/Stream,Kanabec,07030004,-93.2311,46.0246,Phosphorus,Y,0.011,0.011,mg/L,5,5,mg/L
2013-09-11,S007-150,07030004-506,Snake River,River/Stream,Kanabec,07030004,-93.2311,46.0246,"Temperature, water",Y,18.71,18.71,deg C,,,
2013-09-11,S007-150,07030004-506,Snake River,River/Stream,Kanabec,07030004,-93.2311,46.0246,Distance from/to,Y,13.78,13.78,ft,,,
2013-09-11,S007-150,07030004-506,Snake River,River/Stream,Kanabec,07030004,-93.2311,46.0246,Dissolved oxygen (DO),Y,9.12,9.12,mg/L,,,
2013-09-11,S007-150,07030004-506,Snake River,River/Stream,Kanabec,07030004,-93.2311,46.0246,Orthophosphate,Y,0.003,0.003,mg/L,5,2,mg/L
2013-08-29,S007-150,07030004-506,Snake River,River/Stream,Kanabec,07030004,-93.2311,46.0246,Escherichia coli,Y,16,16,MPN/100mL,1,4,MPN/100mL
2013-08-29,S007-150,07030004-506,Snake River,River/Stream,Kanabec,07030004,-93.2311,46.0246,Phosphorus,Y,0.011,0.011,mg/L,5,5,mg/L
2013-08-29,S007-150,07030004-506,Snake River,River/Stream,Kanabec,07030004,-93.2311,46.0246,"Temperature, water",Y,23,23,deg C,,,
2013-08-29,S007-150,07030004-506,Snake River,River/Stream,Kanabec,07030004,-93.2311,46.0246,Specific conductance,Y,0.313,0.313,uS/cm,,,
2013-08-29,S007-150,07030004-506,Snake River,River/Stream,Kanabec,07030004,-93.2311,46.0246,pH,Y,7.89,7.89,None,,,
2013-08-29,S007-150,07030004-506,Snake River,River/Stream,Kanabec,07030004,-93.2311,46.0246,Dissolved oxygen (DO),Y,7.36,7.36,mg/L,,,
2013-08-29,S007-150,07030004-506,Snake River,River/Stream,Kanabec,07030004,-93.2311,46.0246,Distance from/to,Y,13.77,13.77,ft,,,
2013-08-29,S007-150,07030004-506,Snake River,River/Stream,Kanabec,07030004,-93.2311,46.0246,Orthophosphate,Y,0.003,0.003,mg/L,5,2,mg/L
2013-08-14,S007-150,07030004-506,Snake River,River/Stream,Kanabec,07030004,-93.2311,46.0246,Phosphorus,Y,0.016,0.016,mg/L,5,5,mg/L
2013-08-14,S007-150,07030004-506,Snake River,River/Stream,Kanabec,07030004,-93.2311,46.0246,Distance from/to,Y,13.75,13.75,ft,,,
2013-08-14,S007-150,07030004-506,Snake River,River/Stream,Kanabec,07030004,-93.2311,46.0246,"Temperature, water",Y,17.8,17.8,deg C,,,
2013-08-14,S007-150,07030004-506,Snake River,River/Stream,Kanabec,07030004,-93.2311,46.0246,Specific conductance,Y,0.265,0.265,uS/cm,,,
2013-08-14,S007-150,07030004-506,Snake River,River/Stream,Kanabec,07030004,-93.2311,46.0246,pH,Y,7.92,7.92,None,,,
2013-08-14,S007-150,07030004-506,Snake River,River/Stream,Kanabec,07030004,-93.2311,46.0246,Orthophosphate,Y,0.004,0.004,mg/L,5,2,mg/L
2013-08-14,S007-150,07030004-506,Snake River,River/Stream,Kanabec,07030004,-93.2311,46.0246,Escherichia coli,Y,8,8,MPN/100mL,1,4,MPN/100mL
2013-08-14,S007-150,07030004-506,Snake River,River/Stream,Kanabec,07030004,-93.2311,46.0246,Dissolved oxygen (DO),Y,8.65,8.65,mg/L,,,
2013-07-31,S007-150,07030004-506,Snake River,River/Stream,Kanabec,07030004,-93.2311,46.0246,Dissolved oxygen (DO),Y,8.17,8.17,mg/L,,,
2013-07-31,S007-150,07030004-506,Snake River,River/Stream,Kanabec,07030004,-93.2311,46.0246,Orthophosphate,Y,0.015,0.015,mg/L,5,2,mg/L
2013-07-31,S007-150,07030004-506,Snake River,River/Stream,Kanabec,07030004,-93.2311,46.0246,Distance from/to,Y,13.56,13.56,ft,,,
2013-07-31,S007-150,07030004-506,Snake River,River/Stream,Kanabec,07030004,-93.2311,46.0246,"Temperature, water",Y,22.66,22.66,deg C,,,
2013-07-31,S007-150,07030004-506,Snake River,River/Stream,Kanabec,07030004,-93.2311,46.0246,pH,Y,7.75,7.75,None,,,
2013-07-31,S007-150,07030004-506,Snake River,River/Stream,Kanabec,07030004,-93.2311,46.0246,Escherichia coli,Y,22,22,MPN/100mL,1,4,MPN/100mL
2013-07-31,S007-150,07030004-506,Snake River,River/Stream,Kanabec,07030004,-93.2311,46.0246,Phosphorus,Y,0.04,0.040,mg/L,5,5,mg/L
2013-07-31,S007-150,07030004-506,Snake River,River/Stream,Kanabec,07030004,-93.2311,46.0246,Specific conductance,Y,0.182,0.182,uS/cm,,,
2013-07-25,S007-150,07030004-506,Snake River,River/Stream,Kanabec,07030004,-93.2311,46.0246,Dissolved oxygen (DO),Y,8.17,8.17,mg/L,,,
2013-07-25,S007-150,07030004-506,Snake River,River/Stream,Kanabec,07030004,-93.2311,46.0246,pH,Y,7.75,7.75,None,,,
2013-07-25,S007-150,07030004-506,Snake River,River/Stream,Kanabec,07030004,-93.2311,46.0246,Specific conductance,Y,0.182,0.182,uS/cm,,,
2013-07-25,S007-150,07030004-506,Snake River,River/Stream,Kanabec,07030004,-93.2311,46.0246,"Temperature, water",Y,22.66,22.66,deg C,,,
2013-07-25,S007-150,07030004-506,Snake River,River/Stream,Kanabec,07030004,-93.2311,46.0246,Distance from/to,Y,13.56,13.56,ft,,,
2013-07-25,S007-150,07030004-506,Snake River,River/Stream,Kanabec,07030004,-93.2311,46.0246,Orthophosphate,Y,0.028,0.028,mg/L,5,2,mg/L
2013-07-25,S007-150,07030004-506,Snake River,River/Stream,Kanabec,07030004,-93.2311,46.0246,Phosphorus,Y,0.056,0.056,mg/L,5,5,mg/L
2013-07-25,S007-150,07030004-506,Snake River,River/Stream,Kanabec,07030004,-93.2311,46.0246,Escherichia coli,Y,50,50,MPN/100mL,1,4,MPN/100mL
2013-07-03,S007-150,07030004-506,Snake River,River/Stream,Kanabec,07030004,-93.2311,46.0246,Dissolved oxygen (DO),Y,7.85,7.85,mg/L,,,
2013-07-03,S007-150,07030004-506,Snake River,River/Stream,Kanabec,07030004,-93.2311,46.0246,pH,Y,7.08,7.08,None,,,
2013-07-03,S007-150,07030004-506,Snake River,River/Stream,Kanabec,07030004,-93.2311,46.0246,Specific conductance,Y,0.085,0.085,uS/cm,,,
2013-07-03,S007-150,07030004-506,Snake River,River/Stream,Kanabec,07030004,-93.2311,46.0246,Escherichia coli,Y,52,52,MPN/100mL,1,4,MPN/100mL
2013-07-03,S007-150,07030004-506,Snake River,River/Stream,Kanabec,07030004,-93.2311,46.0246,Distance from/to,Y,11.79,11.79,ft,,,
2013-07-03,S007-150,07030004-506,Snake River,River/Stream,Kanabec,07030004,-93.2311,46.0246,Orthophosphate,Y,0.021,0.021,mg/L,5,2,mg/L
2013-07-03,S007-150,07030004-506,Snake River,River/Stream,Kanabec,07030004,-93.2311,46.0246,Phosphorus,Y,0.076,0.076,mg/L,5,5,mg/L
2013-07-03,S007-150,07030004-506,Snake River,River/Stream,Kanabec,07030004,-93.2311,46.0246,"Temperature, water",Y,21.03,21.03,deg C,,,
2013-06-18,S007-150,07030004-506,Snake River,River/Stream,Kanabec,07030004,-93.2311,46.0246,pH,Y,7.29,7.29,None,,,
2013-06-18,S007-150,07030004-506,Snake River,River/Stream,Kanabec,07030004,-93.2311,46.0246,Escherichia coli,Y,56,56,MPN/100mL,1,4,MPN/100mL
2013-06-18,S007-150,07030004-506,Snake River,River/Stream,Kanabec,07030004,-93.2311,46.0246,Phosphorus,Y,0.042,0.042,mg/L,5,5,mg/L
2013-06-18,S007-150,07030004-506,Snake River,River/Stream,Kanabec,07030004,-93.2311,46.0246,Orthophosphate,Y,0.015,0.015,mg/L,5,2,mg/L
2013-06-18,S007-150,07030004-506,Snake River,River/Stream,Kanabec,07030004,-93.2311,46.0246,Distance from/to,Y,12.74,12.74,ft,,,
2013-06-18,S007-150,07030004-506,Snake River,River/Stream,Kanabec,07030004,-93.2311,46.0246,"Temperature, water",Y,18.37,18.37,deg C,,,
2013-06-18,S007-150,07030004-506,Snake River,River/Stream,Kanabec,07030004,-93.2311,46.0246,Specific conductance,Y,0.086,0.086,uS/cm,,,
2013-06-18,S007-150,07030004-506,Snake River,River/Stream,Kanabec,07030004,-93.2311,46.0246,Dissolved oxygen (DO),Y,8.38,8.38,mg/L,,,
2013-06-06,S007-150,07030004-506,Snake River,River/Stream,Kanabec,07030004,-93.2311,46.0246,pH,Y,6.73,6.73,None,,,
2013-06-06,S007-150,07030004-506,Snake River,River/Stream,Kanabec,07030004,-93.2311,46.0246,Dissolved oxygen (DO),Y,9.82,9.82,mg/L,,,
2013-06-06,S007-150,07030004-506,Snake River,River/Stream,Kanabec,07030004,-93.2311,46.0246,Phosphorus,Y,0.067,0.067,mg/L,5,5,mg/L
2013-06-06,S007-150,07030004-506,Snake River,River/Stream,Kanabec,07030004,-93.2311,46.0246,Specific conductance,Y,0.064,0.064,uS/cm,,,
2013-06-06,S007-150,07030004-506,Snake River,River/Stream,Kanabec,07030004,-93.2311,46.0246,Distance from/to,Y,8,8,ft,,,
2013-06-06,S007-150,07030004-506,Snake River,River/Stream,Kanabec,07030004,-93.2311,46.0246,Escherichia coli,Y,2400,2400,MPN/100mL,1,4,MPN/100mL
2013-06-06,S007-150,07030004-506,Snake River,River/Stream,Kanabec,07030004,-93.2311,46.0246,"Temperature, water",Y,10.69,10.69,deg C,,,
2013-06-06,S007-150,07030004-506,Snake River,River/Stream,Kanabec,07030004,-93.2311,46.0246,Orthophosphate,Y,0.016,0.016,mg/L,5,2,mg/L
2013-05-23,S007-150,07030004-506,Snake River,River/Stream,Kanabec,07030004,-93.2311,46.0246,Specific conductance,Y,0.062,0.062,uS/cm,,,
2013-05-23,S007-150,07030004-506,Snake River,River/Stream,Kanabec,07030004,-93.2311,46.0246,Distance from/to,Y,8.78,8.78,ft,,,
2013-05-23,S007-150,07030004-506,Snake River,River/Stream,Kanabec,07030004,-93.2311,46.0246,Escherichia coli,Y,96,96,MPN/100mL,1,4,MPN/100mL
2013-05-23,S007-150,07030004-506,Snake River,River/Stream,Kanabec,07030004,-93.2311,46.0246,Phosphorus,Y,0.035,0.035,mg/L,5,5,mg/L
2013-05-23,S007-150,07030004-506,Snake River,River/Stream,Kanabec,07030004,-93.2311,46.0246,Orthophosphate,Y,0.006,0.006,mg/L,5,2,mg/L
2013-05-23,S007-150,07030004-506,Snake River,River/Stream,Kanabec,07030004,-93.2311,46.0246,pH,Y,6.69,6.69,None,,,
2013-05-23,S007-150,07030004-506,Snake River,River/Stream,Kanabec,07030004,-93.2311,46.0246,Dissolved oxygen (DO),Y,10.83,10.83,mg/L,,,
2013-05-23,S007-150,07030004-506,Snake River,River/Stream,Kanabec,07030004,-93.2311,46.0246,"Temperature, water",Y,8.37,8.37,deg C,,,
2013-05-09,S007-150,07030004-506,Snake River,River/Stream,Kanabec,07030004,-93.2311,46.0246,Escherichia coli,Y,21,21,MPN/100mL,1,4,MPN/100mL
2013-05-09,S007-150,07030004-506,Snake River,River/Stream,Kanabec,07030004,-93.2311,46.0246,Phosphorus,Y,0.036,0.036,mg/L,5,5,mg/L
2013-05-09,S007-150,07030004-506,Snake River,River/Stream,Kanabec,07030004,-93.2311,46.0246,Orthophosphate,Y,0.006,0.006,mg/L,5,2,mg/L
2013-05-09,S007-150,07030004-506,Snake River,River/Stream,Kanabec,07030004,-93.2311,46.0246,Dissolved oxygen (DO),Y,10.35,10.35,mg/L,,,
2013-05-09,S007-150,07030004-506,Snake River,River/Stream,Kanabec,07030004,-93.2311,46.0246,"Temperature, water",Y,9.92,9.92,deg C,,,
2013-05-09,S007-150,07030004-506,Snake River,River/Stream,Kanabec,07030004,-93.2311,46.0246,Specific conductance,Y,0.064,0.064,uS/cm,,,
2013-05-09,S007-150,07030004-506,Snake River,River/Stream,Kanabec,07030004,-93.2311,46.0246,pH,Y,6.99,6.99,None,,,
2013-05-09,S007-150,07030004-506,Snake River,River/Stream,Kanabec,07030004,-93.2311,46.0246,Distance from/to,Y,11.7,11.7,ft,,,
2013-04-24,S007-150,07030004-506,Snake River,River/Stream,Kanabec,07030004,-93.2311,46.0246,"Temperature, water",Y,2.21,2.21,deg C,,,
2013-04-24,S007-150,07030004-506,Snake River,River/Stream,Kanabec,07030004,-93.2311,46.0246,Distance from/to,Y,13.05,13.05,ft,,,
2013-04-24,S007-150,07030004-506,Snake River,River/Stream,Kanabec,07030004,-93.2311,46.0246,Orthophosphate,Y,0.009,0.009,mg/L,5,2,mg/L
2013-04-24,S007-150,07030004-506,Snake River,River/Stream,Kanabec,07030004,-93.2311,46.0246,Phosphorus,Y,0.044,0.044,mg/L,5,5,mg/L
2013-04-24,S007-150,07030004-506,Snake River,River/Stream,Kanabec,07030004,-93.2311,46.0246,Escherichia coli,Y,29,29,MPN/100mL,1,4,MPN/100mL
2013-04-24,S007-150,07030004-506,Snake River,River/Stream,Kanabec,07030004,-93.2311,46.0246,pH,Y,7.36,7.36,None,,,
2013-04-24,S007-150,07030004-506,Snake River,River/Stream,Kanabec,07030004,-93.2311,46.0246,Specific conductance,Y,0.13,0.130,uS/cm,,,
2013-04-24,S007-150,07030004-506,Snake River,River/Stream,Kanabec,07030004,-93.2311,46.0246,Dissolved oxygen (DO),Y,13.05,13.05,mg/L,,,
2013-04-12,S007-150,07030004-506,Snake River,River/Stream,Kanabec,07030004,-93.2311,46.0246,"Temperature, water",Y,0.45,0.45,deg C,,,
2013-04-12,S007-150,07030004-506,Snake River,River/Stream,Kanabec,07030004,-93.2311,46.0246,Distance from/to,Y,13.15,13.15,ft,,,
2013-04-12,S007-150,07030004-506,Snake River,River/Stream,Kanabec,07030004,-93.2311,46.0246,Phosphorus,Y,0.064,0.064,mg/L,5,5,mg/L
2013-04-12,S007-150,07030004-506,Snake River,River/Stream,Kanabec,07030004,-93.2311,46.0246,pH,Y,7.3,7.30,None,,,
2013-04-12,S007-150,07030004-506,Snake River,River/Stream,Kanabec,07030004,-93.2311,46.0246,Dissolved oxygen (DO),Y,13.28,13.28,mg/L,,,
2013-04-12,S007-150,07030004-506,Snake River,River/Stream,Kanabec,07030004,-93.2311,46.0246,Specific conductance,Y,0.123,0.123,uS/cm,,,
2013-04-10,S007-150,07030004-506,Snake River,River/Stream,Kanabec,07030004,-93.2311,46.0246,Dissolved oxygen (DO),Y,13.47,13.47,mg/L,,,
2013-04-10,S007-150,07030004-506,Snake River,River/Stream,Kanabec,07030004,-93.2311,46.0246,Escherichia coli,Y,24,24,MPN/100mL,1,4,MPN/100mL
2013-04-10,S007-150,07030004-506,Snake River,River/Stream,Kanabec,07030004,-93.2311,46.0246,Phosphorus,Y,0.079,0.079,mg/L,5,5,mg/L
2013-04-10,S007-150,07030004-506,Snake River,River/Stream,Kanabec,07030004,-93.2311,46.0246,Orthophosphate,Y,0.017,0.017,mg/L,5,2,mg/L
2013-04-10,S007-150,07030004-506,Snake River,River/Stream,Kanabec,07030004,-93.2311,46.0246,pH,Y,7.2,7.20,None,,,
2013-04-10,S007-150,07030004-506,Snake River,River/Stream,Kanabec,07030004,-93.2311,46.0246,Distance from/to,Y,12.68,12.68,ft,,,
2013-04-10,S007-150,07030004-506,Snake River,River/Stream,Kanabec,07030004,-93.2311,46.0246,"Temperature, water",Y,0.19,0.19,deg C,,,
2013-04-10,S007-150,07030004-506,Snake River,River/Stream,Kanabec,07030004,-93.2311,46.0246,Specific conductance,Y,0.114,0.114,uS/cm,,,
2013-04-09,S007-150,07030004-506,Snake River,River/Stream,Kanabec,07030004,-93.2311,46.0246,Dissolved oxygen (DO),Y,13.47,13.47,mg/L,,,
2013-04-09,S007-150,07030004-506,Snake River,River/Stream,Kanabec,07030004,-93.2311,46.0246,pH,Y,7.26,7.26,None,,,
2013-04-09,S007-150,07030004-506,Snake River,River/Stream,Kanabec,07030004,-93.2311,46.0246,Orthophosphate,Y,0.018,0.018,mg/L,5,2,mg/L
2013-04-09,S007-150,07030004-506,Snake River,River/Stream,Kanabec,07030004,-93.2311,46.0246,Phosphorus,Y,0.083,0.083,mg/L,5,5,mg/L
2013-04-09,S007-150,07030004-506,Snake River,River/Stream,Kanabec,07030004,-93.2311,46.0246,Specific conductance,Y,0.119,0.119,uS/cm,,,
2013-04-09,S007-150,07030004-506,Snake River,River/Stream,Kanabec,07030004,-93.2311,46.0246,"Temperature, water",Y,0.34,0.34,deg C,,,
2013-04-09,S007-150,07030004-506,Snake River,River/Stream,Kanabec,07030004,-93.2311,46.0246,Distance from/to,Y,12.69,12.69,ft,,,
2013-04-03,S007-150,07030004-506,Snake River,River/Stream,Kanabec,07030004,-93.2311,46.0246,"Temperature, water",Y,0.45,0.45,deg C,,,
2013-04-03,S007-150,07030004-506,Snake River,River/Stream,Kanabec,07030004,-93.2311,46.0246,Specific conductance,Y,0.148,0.148,uS/cm,,,
2013-04-03,S007-150,07030004-506,Snake River,River/Stream,Kanabec,07030004,-93.2311,46.0246,pH,Y,7.24,7.24,None,,,
2013-04-03,S007-150,07030004-506,Snake River,River/Stream,Kanabec,07030004,-93.2311,46.0246,Distance from/to,Y,13.05,13.05,ft,,,
2013-04-03,S007-150,07030004-506,Snake River,River/Stream,Kanabec,07030004,-93.2311,46.0246,Orthophosphate,Y,0.028,0.028,mg/L,5,2,mg/L
2013-04-03,S007-150,07030004-506,Snake River,River/Stream,Kanabec,07030004,-93.2311,46.0246,Phosphorus,Y,0.163,0.163,mg/L,5,5,mg/L
2013-04-03,S007-150,07030004-506,Snake River,River/Stream,Kanabec,07030004,-93.2311,46.0246,Dissolved oxygen (DO),Y,12.46,12.46,mg/L,,,
2012-10-23,S007-150,07030004-506,Snake River,River/Stream,Kanabec,07030004,-93.2311,46.0246,"Temperature, water",Y,8.77,8.77,deg C,,,
2012-10-23,S007-150,07030004-506,Snake River,River/Stream,Kanabec,07030004,-93.2311,46.0246,Specific conductance,Y,0.286,0.286,uS/cm,,,
2012-10-23,S007-150,07030004-506,Snake River,River/Stream,Kanabec,07030004,-93.2311,46.0246,pH,Y,7.96,7.96,None,,,
2012-10-23,S007-150,07030004-506,Snake River,River/Stream,Kanabec,07030004,-93.2311,46.0246,Dissolved oxygen (DO),Y,10.25,10.25,mg/L,,,
2012-10-23,S007-150,07030004-506,Snake River,River/Stream,Kanabec,07030004,-93.2311,46.0246,Distance from/to,Y,13.6,13.6,ft,,,
2012-10-23,S007-150,07030004-506,Snake River,River/Stream,Kanabec,07030004,-93.2311,46.0246,Phosphorus,Y,0.015,0.015,mg/L,5,5,mg/L
2012-10-23,S007-150,07030004-506,Snake River,River/Stream,Kanabec,07030004,-93.2311,46.0246,Orthophosphate,Y,0.002,0.002,mg/L,5,2,mg/L
2012-10-23,S007-150,07030004-506,Snake River,River/Stream,Kanabec,07030004,-93.2311,46.0246,Escherichia coli,Y,21,21,MPN/100mL,1,4,MPN/100mL
2012-10-11,S007-150,07030004-506,Snake River,River/Stream,Kanabec,07030004,-93.2311,46.0246,Specific conductance,Y,0.303,0.303,uS/cm,,,
2012-10-11,S007-150,07030004-506,Snake River,River/Stream,Kanabec,07030004,-93.2311,46.0246,pH,Y,7.98,7.98,None,,,
2012-10-11,S007-150,07030004-506,Snake River,River/Stream,Kanabec,07030004,-93.2311,46.0246,Dissolved oxygen (DO),Y,10.94,10.94,mg/L,,,
2012-10-11,S007-150,07030004-506,Snake River,River/Stream,Kanabec,07030004,-93.2311,46.0246,Distance from/to,Y,13.68,13.68,ft,,,
2012-10-11,S007-150,07030004-506,Snake River,River/Stream,Kanabec,07030004,-93.2311,46.0246,Escherichia coli,Y,11,11,MPN/100mL,1,4,MPN/100mL
2012-10-11,S007-150,07030004-506,Snake River,River/Stream,Kanabec,07030004,-93.2311,46.0246,"Temperature, water",Y,5.47,5.47,deg C,,,
2012-10-11,S007-150,07030004-506,Snake River,River/Stream,Kanabec,07030004,-93.2311,46.0246,Orthophosphate,Y,0.003,0.003,mg/L,5,2,mg/L
2012-10-11,S007-150,07030004-506,Snake River,River/Stream,Kanabec,07030004,-93.2311,46.0246,Phosphorus,Y,0.015,0.015,mg/L,5,5,mg/L
2012-09-25,S007-150,07030004-506,Snake River,River/Stream,Kanabec,07030004,-93.2311,46.0246,Dissolved oxygen (DO),Y,9.9,9.90,mg/L,,,
2012-09-25,S007-150,07030004-506,Snake River,River/Stream,Kanabec,07030004,-93.2311,46.0246,pH,Y,8.01,8.01,None,,,
2012-09-25,S007-150,07030004-506,Snake River,River/Stream,Kanabec,07030004,-93.2311,46.0246,Specific conductance,Y,0.294,0.294,uS/cm,,,
2012-09-25,S007-150,07030004-506,Snake River,River/Stream,Kanabec,07030004,-93.2311,46.0246,"Temperature, water",Y,9.5,9.50,deg C,,,
2012-09-25,S007-150,07030004-506,Snake River,River/Stream,Kanabec,07030004,-93.2311,46.0246,Distance from/to,Y,13.71,13.71,ft,,,
2012-09-25,S007-150,07030004-506,Snake River,River/Stream,Kanabec,07030004,-93.2311,46.0246,Orthophosphate,Y,0.003,0.003,mg/L,5,2,mg/L
2012-09-25,S007-150,07030004-506,Snake River,River/Stream,Kanabec,07030004,-93.2311,46.0246,Phosphorus,Y,0.014,0.014,mg/L,5,5,mg/L
2012-09-25,S007-150,07030004-506,Snake River,River/Stream,Kanabec,07030004,-93.2311,46.0246,Escherichia coli,Y,50,50,MPN/100mL,1,4,MPN/100mL
2012-09-11,S007-150,07030004-506,Snake River,River/Stream,Kanabec,07030004,-93.2311,46.0246,Dissolved oxygen (DO),Y,8.66,8.66,mg/L,,,
2012-09-11,S007-150,07030004-506,Snake River,River/Stream,Kanabec,07030004,-93.2311,46.0246,pH,Y,7.94,7.94,None,,,
2012-09-11,S007-150,07030004-506,Snake River,River/Stream,Kanabec,07030004,-93.2311,46.0246,Specific conductance,Y,0.263,0.263,uS/cm,,,
2012-09-11,S007-150,07030004-506,Snake River,River/Stream,Kanabec,07030004,-93.2311,46.0246,Escherichia coli,Y,49,49,MPN/100mL,1,4,MPN/100mL
2012-09-11,S007-150,07030004-506,Snake River,River/Stream,Kanabec,07030004,-93.2311,46.0246,Distance from/to,Y,13.72,13.72,ft,,,
2012-09-11,S007-150,07030004-506,Snake River,River/Stream,Kanabec,07030004,-93.2311,46.0246,Orthophosphate,Y,0.007,0.007,mg/L,5,2,mg/L
2012-09-11,S007-150,07030004-506,Snake River,River/Stream,Kanabec,07030004,-93.2311,46.0246,Phosphorus,Y,0.018,0.018,mg/L,5,5,mg/L
2012-09-11,S007-150,07030004-506,Snake River,River/Stream,Kanabec,07030004,-93.2311,46.0246,"Temperature, water",Y,15.5,15.50,deg C,,,
2012-08-28,S007-150,07030004-506,Snake River,River/Stream,Kanabec,07030004,-93.2311,46.0246,Escherichia coli,Y,21,21,MPN/100mL,1,4,MPN/100mL
2012-08-28,S007-150,07030004-506,Snake River,River/Stream,Kanabec,07030004,-93.2311,46.0246,Phosphorus,Y,0.027,0.027,mg/L,5,5,mg/L
2012-08-28,S007-150,07030004-506,Snake River,River/Stream,Kanabec,07030004,-93.2311,46.0246,Orthophosphate,Y,0.012,0.012,mg/L,5,2,mg/L
2012-08-28,S007-150,07030004-506,Snake River,River/Stream,Kanabec,07030004,-93.2311,46.0246,Distance from/to,Y,13.62,13.62,ft,,,
2012-08-28,S007-150,07030004-506,Snake River,River/Stream,Kanabec,07030004,-93.2311,46.0246,Specific conductance,Y,0.218,0.218,uS/cm,,,
2012-08-28,S007-150,07030004-506,Snake River,River/Stream,Kanabec,07030004,-93.2311,46.0246,pH,Y,7.94,7.94,None,,,
2012-08-28,S007-150,07030004-506,Snake River,River/Stream,Kanabec,07030004,-93.2311,46.0246,Dissolved oxygen (DO),Y,7.26,7.26,mg/L,,,
2012-08-28,S007-150,07030004-506,Snake River,River/Stream,Kanabec,07030004,-93.2311,46.0246,"Temperature, water",Y,19.82,19.82,deg C,,,
2012-08-14,S007-150,07030004-506,Snake River,River/Stream,Kanabec,07030004,-93.2311,46.0246,Escherichia coli,Y,26,26,MPN/100mL,1,4,MPN/100mL
2012-08-14,S007-150,07030004-506,Snake River,River/Stream,Kanabec,07030004,-93.2311,46.0246,Phosphorus,Y,0.044,0.044,mg/L,5,5,mg/L
2012-08-14,S007-150,07030004-506,Snake River,River/Stream,Kanabec,07030004,-93.2311,46.0246,Orthophosphate,Y,0.018,0.018,mg/L,5,2,mg/L
2012-08-14,S007-150,07030004-506,Snake River,River/Stream,Kanabec,07030004,-93.2311,46.0246,Distance from/to,Y,13.4,13.4,ft,,,
2012-08-14,S007-150,07030004-506,Snake River,River/Stream,Kanabec,07030004,-93.2311,46.0246,Specific conductance,Y,0.155,0.155,uS/cm,,,
2012-08-14,S007-150,07030004-506,Snake River,River/Stream,Kanabec,07030004,-93.2311,46.0246,pH,Y,7.79,7.79,None,,,
2012-08-14,S007-150,07030004-506,Snake River,River/Stream,Kanabec,07030004,-93.2311,46.0246,"Temperature, water",Y,19.84,19.84,deg C,,,
2012-08-14,S007-150,07030004-506,Snake River,River/Stream,Kanabec,07030004,-93.2311,46.0246,Dissolved oxygen (DO),Y,8.42,8.42,mg/L,,,
2012-07-31,S007-150,07030004-506,Snake River,River/Stream,Kanabec,07030004,-93.2311,46.0246,Specific conductance,Y,0.124,0.124,uS/cm,,,
2012-07-31,S007-150,07030004-506,Snake River,River/Stream,Kanabec,07030004,-93.2311,46.0246,Escherichia coli,Y,31,31,MPN/100mL,1,4,MPN/100mL
2012-07-31,S007-150,07030004-506,Snake River,River/Stream,Kanabec,07030004,-93.2311,46.0246,Phosphorus,Y,0.057,0.057,mg/L,5,5,mg/L
2012-07-31,S007-150,07030004-506,Snake River,River/Stream,Kanabec,07030004,-93.2311,46.0246,Orthophosphate,Y,0.021,0.021,mg/L,5,2,mg/L
2012-07-31,S007-150,07030004-506,Snake River,River/Stream,Kanabec,07030004,-93.2311,46.0246,Dissolved oxygen (DO),Y,7.16,7.16,mg/L,,,
2012-07-31,S007-150,07030004-506,Snake River,River/Stream,Kanabec,07030004,-93.2311,46.0246,pH,Y,7.56,7.56,None,,,
2012-07-31,S007-150,07030004-506,Snake River,River/Stream,Kanabec,07030004,-93.2311,46.0246,"Temperature, water",Y,24.32,24.32,deg C,,,
2012-07-31,S007-150,07030004-506,Snake River,River/Stream,Kanabec,07030004,-93.2311,46.0246,Distance from/to,Y,13.1,13.1,ft,,,
2012-07-16,S007-150,07030004-506,Snake River,River/Stream,Kanabec,07030004,-93.2311,46.0246,Dissolved oxygen (DO),Y,6.89,6.89,mg/L,,,
2012-07-16,S007-150,07030004-506,Snake River,River/Stream,Kanabec,07030004,-93.2311,46.0246,Distance from/to,Y,12.9,12.9,ft,,,
2012-07-16,S007-150,07030004-506,Snake River,River/Stream,Kanabec,07030004,-93.2311,46.0246,"Temperature, water",Y,25.51,25.51,deg C,,,
2012-07-16,S007-150,07030004-506,Snake River,River/Stream,Kanabec,07030004,-93.2311,46.0246,Specific conductance,Y,0.125,0.125,uS/cm,,,
2012-07-16,S007-150,07030004-506,Snake River,River/Stream,Kanabec,07030004,-93.2311,46.0246,pH,Y,7.44,7.44,None,,,
2012-07-16,S007-150,07030004-506,Snake River,River/Stream,Kanabec,07030004,-93.2311,46.0246,Escherichia coli,Y,31,31,MPN/100mL,1,4,MPN/100mL
2012-07-16,S007-150,07030004-506,Snake River,River/Stream,Kanabec,07030004,-93.2311,46.0246,Phosphorus,Y,0.076,0.076,mg/L,5,5,mg/L
2012-07-16,S007-150,07030004-506,Snake River,River/Stream,Kanabec,07030004,-93.2311,46.0246,Orthophosphate,Y,0.019,0.019,mg/L,5,2,mg/L
2012-07-03,S007-150,07030004-506,Snake River,River/Stream,Kanabec,07030004,-93.2311,46.0246,Orthophosphate,Y,0.017,0.017,mg/L,5,2,mg/L
2012-07-03,S007-150,07030004-506,Snake River,River/Stream,Kanabec,07030004,-93.2311,46.0246,Phosphorus,Y,0.071,0.071,mg/L,5,5,mg/L
2012-07-03,S007-150,07030004-506,Snake River,River/Stream,Kanabec,07030004,-93.2311,46.0246,Escherichia coli,Y,61,61,MPN/100mL,1,4,MPN/100mL
2012-07-03,S007-150,07030004-506,Snake River,River/Stream,Kanabec,07030004,-93.2311,46.0246,pH,Y,7.32,7.32,None,,,
2012-07-03,S007-150,07030004-506,Snake River,River/Stream,Kanabec,07030004,-93.2311,46.0246,Distance from/to,Y,12.68,12.68,ft,,,
2012-07-03,S007-150,07030004-506,Snake River,River/Stream,Kanabec,07030004,-93.2311,46.0246,"Temperature, water",Y,25.39,25.39,deg C,,,
2012-07-03,S007-150,07030004-506,Snake River,River/Stream,Kanabec,07030004,-93.2311,46.0246,Specific conductance,Y,0.109,0.109,uS/cm,,,
2012-07-03,S007-150,07030004-506,Snake River,River/Stream,Kanabec,07030004,-93.2311,46.0246,Dissolved oxygen (DO),Y,6.82,6.82,mg/L,,,
2012-06-19,S007-150,07030004-506,Snake River,River/Stream,Kanabec,07030004,-93.2311,46.0246,Escherichia coli,Y,160,160,MPN/100mL,1,4,MPN/100mL
2012-06-19,S007-150,07030004-506,Snake River,River/Stream,Kanabec,07030004,-93.2311,46.0246,Phosphorus,Y,0.061,0.061,mg/L,5,5,mg/L
2012-06-19,S007-150,07030004-506,Snake River,River/Stream,Kanabec,07030004,-93.2311,46.0246,Orthophosphate,Y,0.015,0.015,mg/L,5,2,mg/L
2012-06-19,S007-150,07030004-506,Snake River,River/Stream,Kanabec,07030004,-93.2311,46.0246,Distance from/to,Y,11.8,11.8,ft,,,
2012-06-19,S007-150,07030004-506,Snake River,River/Stream,Kanabec,07030004,-93.2311,46.0246,Specific conductance,Y,0.085,0.085,uS/cm,,,
2012-06-19,S007-150,07030004-506,Snake River,River/Stream,Kanabec,07030004,-93.2311,46.0246,pH,Y,7.32,7.32,None,,,
2012-06-19,S007-150,07030004-506,Snake River,River/Stream,Kanabec,07030004,-93.2311,46.0246,Dissolved oxygen (DO),Y,7.97,7.97,mg/L,,,
2012-06-19,S007-150,07030004-506,Snake River,River/Stream,Kanabec,07030004,-93.2311,46.0246,"Temperature, water",Y,19.32,19.32,deg C,,,
2012-06-06,S007-150,07030004-506,Snake River,River/Stream,Kanabec,07030004,-93.2311,46.0246,Escherichia coli,Y,69,69,MPN/100mL,1,4,MPN/100mL
2012-06-06,S007-150,07030004-506,Snake River,River/Stream,Kanabec,07030004,-93.2311,46.0246,Phosphorus,Y,0.044,0.044,mg/L,5,5,mg/L
2012-06-06,S007-150,07030004-506,Snake River,River/Stream,Kanabec,07030004,-93.2311,46.0246,Orthophosphate,Y,0.008,0.008,mg/L,5,2,mg/L
2012-06-06,S007-150,07030004-506,Snake River,River/Stream,Kanabec,07030004,-93.2311,46.0246,Distance from/to,Y,12,12,ft,,,
2012-06-06,S007-150,07030004-506,Snake River,River/Stream,Kanabec,07030004,-93.2311,46.0246,"Temperature, water",Y,19.89,19.89,deg C,,,
2012-06-06,S007-150,07030004-506,Snake River,River/Stream,Kanabec,07030004,-93.2311,46.0246,Specific conductance,Y,0.069,0.069,uS/cm,,,
2012-06-06,S007-150,07030004-506,Snake River,River/Stream,Kanabec,07030004,-93.2311,46.0246,Dissolved oxygen (DO),Y,8.03,8.03,mg/L,,,
2012-06-06,S007-150,07030004-506,Snake River,River/Stream,Kanabec,07030004,-93.2311,46.0246,pH,Y,7.18,7.18,None,,,
2021-08-25,S007-151,07030004-558,Snowshoe Brook,River/Stream,Kanabec,07030004,-93.239078,46.024751,Specific conductance,Y,240.6,240.6,uS/cm,,,
2021-08-25,S007-151,07030004-558,Snowshoe Brook,River/Stream,Kanabec,07030004,-93.239078,46.024751,pH,Y,6.99,6.99,None,,,
2021-08-25,S007-151,07030004-558,Snowshoe Brook,River/Stream,Kanabec,07030004,-93.239078,46.024751,Escherichia coli,Y,110,110,MPN/100mL,10,,MPN/100mL
2021-08-25,S007-151,07030004-558,Snowshoe Brook,River/Stream,Kanabec,07030004,-93.239078,46.024751,"Temperature, water",Y,18.65,18.65,deg C,,,
2021-08-25,S007-151,07030004-558,Snowshoe Brook,River/Stream,Kanabec,07030004,-93.239078,46.024751,Dissolved oxygen (DO),Y,6.89,6.89,mg/L,,,
2021-06-22,S007-151,07030004-558,Snowshoe Brook,River/Stream,Kanabec,07030004,-93.239078,46.024751,Specific conductance,Y,260.8,260.8,uS/cm,,,
2021-06-22,S007-151,07030004-558,Snowshoe Brook,River/Stream,Kanabec,07030004,-93.239078,46.024751,pH,Y,7.3,7.30,None,,,
2021-06-22,S007-151,07030004-558,Snowshoe Brook,River/Stream,Kanabec,07030004,-93.239078,46.024751,Dissolved oxygen (DO),Y,6.75,6.75,mg/L,,,
2021-06-22,S007-151,07030004-558,Snowshoe Brook,River/Stream,Kanabec,07030004,-93.239078,46.024751,Escherichia coli,Y,290,290,MPN/100mL,10,,MPN/100mL
2021-06-22,S007-151,07030004-558,Snowshoe Brook,River/Stream,Kanabec,07030004,-93.239078,46.024751,"Temperature, water",Y,15.29,15.29,deg C,,,
2017-09-26,S007-151,07030004-558,Snowshoe Brook,River/Stream,Kanabec,07030004,-93.239078,46.024751,Specific conductance,Y,111.2,111.2,uS/cm,,,
2017-09-26,S007-151,07030004-558,Snowshoe Brook,River/Stream,Kanabec,07030004,-93.239078,46.024751,"Temperature, water",Y,16,16.00,deg C,,,
2017-09-26,S007-151,07030004-558,Snowshoe Brook,River/Stream,Kanabec,07030004,-93.239078,46.024751,Dissolved oxygen (DO),Y,8.14,8.14,mg/L,,,
2017-09-26,S007-151,07030004-558,Snowshoe Brook,River/Stream,Kanabec,07030004,-93.239078,46.024751,Phosphorus,Y,0.098,0.098,mg/L,0.003,0.001,mg/L
2017-09-26,S007-151,07030004-558,Snowshoe Brook,River/Stream,Kanabec,07030004,-93.239078,46.024751,Orthophosphate,Y,0.046,0.046,mg/L,0.003,0.001,mg/L
2017-09-26,S007-151,07030004-558,Snowshoe Brook,River/Stream,Kanabec,07030004,-93.239078,46.024751,Kjeldahl nitrogen,Y,0.957,0.957,mg/L,0.3,0.081,mg/L
2017-09-26,S007-151,07030004-558,Snowshoe Brook,River/Stream,Kanabec,07030004,-93.239078,46.024751,pH,Y,7.14,7.14,None,,,
2017-09-20,S007-151,07030004-558,Snowshoe Brook,River/Stream,Kanabec,07030004,-93.239078,46.024751,Orthophosphate,Y,0.057,0.057,mg/L,0.003,0.001,mg/L
2017-09-20,S007-151,07030004-558,Snowshoe Brook,River/Stream,Kanabec,07030004,-93.239078,46.024751,"Temperature, water",Y,16.9,16.90,deg C,,,
2017-09-20,S007-151,07030004-558,Snowshoe Brook,River/Stream,Kanabec,07030004,-93.239078,46.024751,Specific conductance,Y,175.5,175.5,uS/cm,,,
2017-09-20,S007-151,07030004-558,Snowshoe Brook,River/Stream,Kanabec,07030004,-93.239078,46.024751,pH,Y,7.09,7.09,None,,,
2017-09-20,S007-151,07030004-558,Snowshoe Brook,River/Stream,Kanabec,07030004,-93.239078,46.024751,Dissolved oxygen (DO),Y,8.37,8.37,mg/L,,,
2017-09-20,S007-151,07030004-558,Snowshoe Brook,River/Stream,Kanabec,07030004,-93.239078,46.024751,Phosphorus,Y,0.116,0.116,mg/L,0.003,0.001,mg/L
2017-09-20,S007-151,07030004-558,Snowshoe Brook,River/Stream,Kanabec,07030004,-93.239078,46.024751,Kjeldahl nitrogen,Y,0.704,0.704,mg/L,0.3,0.081,mg/L
2017-09-11,S007-151,07030004-558,Snowshoe Brook,River/Stream,Kanabec,07030004,-93.239078,46.024751,Specific conductance,Y,231,231,uS/cm,,,
2017-09-11,S007-151,07030004-558,Snowshoe Brook,River/Stream,Kanabec,07030004,-93.239078,46.024751,"Temperature, water",Y,12.7,12.70,deg C,,,
2017-09-11,S007-151,07030004-558,Snowshoe Brook,River/Stream,Kanabec,07030004,-93.239078,46.024751,pH,Y,7.23,7.23,None,,,
2017-09-11,S007-151,07030004-558,Snowshoe Brook,River/Stream,Kanabec,07030004,-93.239078,46.024751,Kjeldahl nitrogen,Y,0.331,0.331,mg/L,0.3,0.0811,mg/L
2017-09-11,S007-151,07030004-558,Snowshoe Brook,River/Stream,Kanabec,07030004,-93.239078,46.024751,Phosphorus,Y,0.043,0.043,mg/L,0.003,0.001,mg/L
2017-09-11,S007-151,07030004-558,Snowshoe Brook,River/Stream,Kanabec,07030004,-93.239078,46.024751,Orthophosphate,Y,0.026,0.026,mg/L,0.003,0.001,mg/L
2017-09-11,S007-151,07030004-558,Snowshoe Brook,River/Stream,Kanabec,07030004,-93.239078,46.024751,Dissolved oxygen (DO),Y,8.1,8.10,mg/L,,,
2017-08-29,S007-151,07030004-558,Snowshoe Brook,River/Stream,Kanabec,07030004,-93.239078,46.024751,Orthophosphate,Y,0.034,0.034,mg/L,0.003,0.001,mg/L
2017-08-29,S007-151,07030004-558,Snowshoe Brook,River/Stream,Kanabec,07030004,-93.239078,46.024751,Phosphorus,Y,0.076,0.076,mg/L,0.003,0.001,mg/L
2017-08-29,S007-151,07030004-558,Snowshoe Brook,River/Stream,Kanabec,07030004,-93.239078,46.024751,Kjeldahl nitrogen,Y,0.929,0.929,mg/L,0.3,0.0811,mg/L
2017-08-29,S007-151,07030004-558,Snowshoe Brook,River/Stream,Kanabec,07030004,-93.239078,46.024751,Specific conductance,Y,76.6,76.6,uS/cm,,,
2017-08-29,S007-151,07030004-558,Snowshoe Brook,River/Stream,Kanabec,07030004,-93.239078,46.024751,pH,Y,7.21,7.21,None,,,
2017-08-29,S007-151,07030004-558,Snowshoe Brook,River/Stream,Kanabec,07030004,-93.239078,46.024751,Dissolved oxygen (DO),Y,8.21,8.21,mg/L,,,
2017-08-29,S007-151,07030004-558,Snowshoe Brook,River/Stream,Kanabec,07030004,-93.239078,46.024751,"Temperature, water",Y,16,16.00,deg C,,,
2017-08-10,S007-151,07030004-558,Snowshoe Brook,River/Stream,Kanabec,07030004,-93.239078,46.024751,Kjeldahl nitrogen,Y,0.514,0.514,mg/L,0.3,0.0811,mg/L
2017-08-10,S007-151,07030004-558,Snowshoe Brook,River/Stream,Kanabec,07030004,-93.239078,46.024751,Phosphorus,Y,0.068,0.068,mg/L,0.003,0.001,mg/L
2017-08-10,S007-151,07030004-558,Snowshoe Brook,River/Stream,Kanabec,07030004,-93.239078,46.024751,Dissolved oxygen (DO),Y,7.72,7.72,mg/L,,,
2017-08-10,S007-151,07030004-558,Snowshoe Brook,River/Stream,Kanabec,07030004,-93.239078,46.024751,pH,Y,7.36,7.36,None,,,
2017-08-10,S007-151,07030004-558,Snowshoe Brook,River/Stream,Kanabec,07030004,-93.239078,46.024751,Specific conductance,Y,203,203,uS/cm,,,
2017-08-10,S007-151,07030004-558,Snowshoe Brook,River/Stream,Kanabec,07030004,-93.239078,46.024751,Phosphorus,Y,0.066,0.066,mg/L,0.003,0.001,mg/L
2017-08-10,S007-151,07030004-558,Snowshoe Brook,River/Stream,Kanabec,07030004,-93.239078,46.024751,"Temperature, water",Y,15.4,15.40,deg C,,,
2017-08-10,S007-151,07030004-558,Snowshoe Brook,River/Stream,Kanabec,07030004,-93.239078,46.024751,Kjeldahl nitrogen,Y,0.45,0.45,mg/L,0.3,0.0811,mg/L
2017-07-25,S007-151,07030004-558,Snowshoe Brook,River/Stream,Kanabec,07030004,-93.239078,46.024751,"Temperature, water",Y,17.3,17.30,deg C,,,
2017-07-25,S007-151,07030004-558,Snowshoe Brook,River/Stream,Kanabec,07030004,-93.239078,46.024751,Kjeldahl nitrogen,Y,0.699,0.699,mg/L,0.3,0.059,mg/L
2017-07-25,S007-151,07030004-558,Snowshoe Brook,River/Stream,Kanabec,07030004,-93.239078,46.024751,Orthophosphate,Y,0.095,0.095,mg/L,0.003,0.001,mg/L
2017-07-25,S007-151,07030004-558,Snowshoe Brook,River/Stream,Kanabec,07030004,-93.239078,46.024751,Phosphorus,Y,0.146,0.146,mg/L,0.003,0.001,mg/L
2017-07-25,S007-151,07030004-558,Snowshoe Brook,River/Stream,Kanabec,07030004,-93.239078,46.024751,Dissolved oxygen (DO),Y,7,7.00,mg/L,,,
2017-07-25,S007-151,07030004-558,Snowshoe Brook,River/Stream,Kanabec,07030004,-93.239078,46.024751,pH,Y,7.17,7.17,None,,,
2017-07-25,S007-151,07030004-558,Snowshoe Brook,River/Stream,Kanabec,07030004,-93.239078,46.024751,Specific conductance,Y,188.7,188.7,uS/cm,,,
2017-07-11,S007-151,07030004-558,Snowshoe Brook,River/Stream,Kanabec,07030004,-93.239078,46.024751,Specific conductance,Y,142,142,uS/cm,,,
2017-07-11,S007-151,07030004-558,Snowshoe Brook,River/Stream,Kanabec,07030004,-93.239078,46.024751,pH,Y,7.05,7.05,None,,,
2017-07-11,S007-151,07030004-558,Snowshoe Brook,River/Stream,Kanabec,07030004,-93.239078,46.024751,Dissolved oxygen (DO),Y,6.41,6.41,mg/L,,,
2017-07-11,S007-151,07030004-558,Snowshoe Brook,River/Stream,Kanabec,07030004,-93.239078,46.024751,"Temperature, water",Y,18.5,18.50,deg C,,,
2017-07-11,S007-151,07030004-558,Snowshoe Brook,River/Stream,Kanabec,07030004,-93.239078,46.024751,Orthophosphate,Y,0.126,0.126,mg/L,0.003,0.001,mg/L
2017-07-11,S007-151,07030004-558,Snowshoe Brook,River/Stream,Kanabec,07030004,-93.239078,46.024751,Kjeldahl nitrogen,Y,1,1,mg/L,0.3,0.059,mg/L
2017-07-11,S007-151,07030004-558,Snowshoe Brook,River/Stream,Kanabec,07030004,-93.239078,46.024751,Phosphorus,Y,0.225,0.225,mg/L,0.003,0.001,mg/L
2017-06-28,S007-151,07030004-558,Snowshoe Brook,River/Stream,Kanabec,07030004,-93.239078,46.024751,Phosphorus,Y,0.04,0.04,mg/L,0.003,0.001,mg/L
2017-06-28,S007-151,07030004-558,Snowshoe Brook,River/Stream,Kanabec,07030004,-93.239078,46.024751,Orthophosphate,Y,0.017,0.017,mg/L,0.003,0.001,mg/L
2017-06-28,S007-151,07030004-558,Snowshoe Brook,River/Stream,Kanabec,07030004,-93.239078,46.024751,Kjeldahl nitrogen,N,,,mg/L,0.3,0.059,mg/L
2017-06-28,S007-151,07030004-558,Snowshoe Brook,River/Stream,Kanabec,07030004,-93.239078,46.024751,Dissolved oxygen (DO),Y,8,8.00,mg/L,,,
2017-06-28,S007-151,07030004-558,Snowshoe Brook,River/Stream,Kanabec,07030004,-93.239078,46.024751,pH,Y,7.63,7.63,None,,,
2017-06-28,S007-151,07030004-558,Snowshoe Brook,River/Stream,Kanabec,07030004,-93.239078,46.024751,Specific conductance,Y,242,242,uS/cm,,,
2017-06-28,S007-151,07030004-558,Snowshoe Brook,River/Stream,Kanabec,07030004,-93.239078,46.024751,"Temperature, water",Y,13.32,13.32,deg C,,,
2017-06-14,S007-151,07030004-558,Snowshoe Brook,River/Stream,Kanabec,07030004,-93.239078,46.024751,Phosphorus,Y,0.094,0.094,mg/L,0.003,0.001,mg/L
2017-06-14,S007-151,07030004-558,Snowshoe Brook,River/Stream,Kanabec,07030004,-93.239078,46.024751,Orthophosphate,Y,0.041,0.041,mg/L,0.003,0.001,mg/L
2017-06-14,S007-151,07030004-558,Snowshoe Brook,River/Stream,Kanabec,07030004,-93.239078,46.024751,Kjeldahl nitrogen,Y,0.61,0.61,mg/L,0.3,0.059,mg/L
2017-05-31,S007-151,07030004-558,Snowshoe Brook,River/Stream,Kanabec,07030004,-93.239078,46.024751,"Temperature, water",Y,11.5,11.50,deg C,,,
2017-05-31,S007-151,07030004-558,Snowshoe Brook,River/Stream,Kanabec,07030004,-93.239078,46.024751,Phosphorus,Y,0.048,0.048,mg/L,0.003,0.001,mg/L
2017-05-31,S007-151,07030004-558,Snowshoe Brook,River/Stream,Kanabec,07030004,-93.239078,46.024751,Specific conductance,Y,153,153,uS/cm,,,
2017-05-31,S007-151,07030004-558,Snowshoe Brook,River/Stream,Kanabec,07030004,-93.239078,46.024751,Orthophosphate,Y,0.025,0.025,mg/L,0.003,0.001,mg/L
2017-05-31,S007-151,07030004-558,Snowshoe Brook,River/Stream,Kanabec,07030004,-93.239078,46.024751,Kjeldahl nitrogen,Y,0.448,0.448,mg/L,0.3,0.059,mg/L
2017-05-31,S007-151,07030004-558,Snowshoe Brook,River/Stream,Kanabec,07030004,-93.239078,46.024751,Dissolved oxygen (DO),Y,9.08,9.08,mg/L,,,
2017-05-17,S007-151,07030004-558,Snowshoe Brook,River/Stream,Kanabec,07030004,-93.239078,46.024751,"Temperature, water",Y,14.7,14.70,deg C,,,
2017-05-17,S007-151,07030004-558,Snowshoe Brook,River/Stream,Kanabec,07030004,-93.239078,46.024751,Phosphorus,Y,0.072,0.072,mg/L,0.003,0.001,mg/L
2017-05-17,S007-151,07030004-558,Snowshoe Brook,River/Stream,Kanabec,07030004,-93.239078,46.024751,Orthophosphate,Y,0.022,0.022,mg/L,0.003,0.001,mg/L
2017-05-17,S007-151,07030004-558,Snowshoe Brook,River/Stream,Kanabec,07030004,-93.239078,46.024751,Kjeldahl nitrogen,Y,0.783,0.783,mg/L,0.3,0.059,mg/L
2017-05-17,S007-151,07030004-558,Snowshoe Brook,River/Stream,Kanabec,07030004,-93.239078,46.024751,Dissolved oxygen (DO),Y,8.39,8.39,mg/L,,,
2017-05-17,S007-151,07030004-558,Snowshoe Brook,River/Stream,Kanabec,07030004,-93.239078,46.024751,Specific conductance,Y,106.8,106.8,uS/cm,,,
2016-10-27,S007-151,07030004-558,Snowshoe Brook,River/Stream,Kanabec,07030004,-93.239078,46.024751,Dissolved oxygen (DO),Y,10.89,10.89,mg/L,,,
2016-10-27,S007-151,07030004-558,Snowshoe Brook,River/Stream,Kanabec,07030004,-93.239078,46.024751,Phosphorus,Y,0.043,0.043,mg/L,5,5,mg/L
2016-10-27,S007-151,07030004-558,Snowshoe Brook,River/Stream,Kanabec,07030004,-93.239078,46.024751,Orthophosphate,Y,0.0068,0.0068,mg/L,5,2,mg/L
2016-10-27,S007-151,07030004-558,Snowshoe Brook,River/Stream,Kanabec,07030004,-93.239078,46.024751,Specific conductance,Y,173,173,uS/cm,,,
2016-10-27,S007-151,07030004-558,Snowshoe Brook,River/Stream,Kanabec,07030004,-93.239078,46.024751,"Temperature, water",Y,6.61,6.61,deg C,,,
2016-10-27,S007-151,07030004-558,Snowshoe Brook,River/Stream,Kanabec,07030004,-93.239078,46.024751,Kjeldahl nitrogen,N,,,mg/L,0.6,0.151,mg/L
2016-10-11,S007-151,07030004-558,Snowshoe Brook,River/Stream,Kanabec,07030004,-93.239078,46.024751,Dissolved oxygen (DO),Y,9.59,9.59,mg/L,,,
2016-10-11,S007-151,07030004-558,Snowshoe Brook,River/Stream,Kanabec,07030004,-93.239078,46.024751,"Temperature, water",Y,11,11,deg C,,,
2016-10-11,S007-151,07030004-558,Snowshoe Brook,River/Stream,Kanabec,07030004,-93.239078,46.024751,Kjeldahl nitrogen,Y,0.66,0.66,mg/L,0.6,0.151,mg/L
2016-10-11,S007-151,07030004-558,Snowshoe Brook,River/Stream,Kanabec,07030004,-93.239078,46.024751,Orthophosphate,Y,0.0061,0.0061,mg/L,5,2,mg/L
2016-10-11,S007-151,07030004-558,Snowshoe Brook,River/Stream,Kanabec,07030004,-93.239078,46.024751,Phosphorus,Y,0.047,0.047,mg/L,5,5,mg/L
2016-10-11,S007-151,07030004-558,Snowshoe Brook,River/Stream,Kanabec,07030004,-93.239078,46.024751,Specific conductance,Y,158,158,uS/cm,,,
2016-09-19,S007-151,07030004-558,Snowshoe Brook,River/Stream,Kanabec,07030004,-93.239078,46.024751,"Temperature, water",Y,14.14,14.14,deg C,,,
2016-09-19,S007-151,07030004-558,Snowshoe Brook,River/Stream,Kanabec,07030004,-93.239078,46.024751,Specific conductance,Y,125,125,uS/cm,,,
2016-09-19,S007-151,07030004-558,Snowshoe Brook,River/Stream,Kanabec,07030004,-93.239078,46.024751,Dissolved oxygen (DO),Y,8.19,8.19,mg/L,,,
2016-09-19,S007-151,07030004-558,Snowshoe Brook,River/Stream,Kanabec,07030004,-93.239078,46.024751,Kjeldahl nitrogen,Y,0.85,0.85,mg/L,0.6,0.151,mg/L
2016-09-19,S007-151,07030004-558,Snowshoe Brook,River/Stream,Kanabec,07030004,-93.239078,46.024751,Orthophosphate,Y,0.02,0.02,mg/L,5,2,mg/L
2016-09-19,S007-151,07030004-558,Snowshoe Brook,River/Stream,Kanabec,07030004,-93.239078,46.024751,Phosphorus,Y,0.076,0.076,mg/L,5,5,mg/L
2016-09-08,S007-151,07030004-558,Snowshoe Brook,River/Stream,Kanabec,07030004,-93.239078,46.024751,Kjeldahl nitrogen,Y,1.2,1.2,mg/L,0.6,0.151,mg/L
2016-09-08,S007-151,07030004-558,Snowshoe Brook,River/Stream,Kanabec,07030004,-93.239078,46.024751,Phosphorus,Y,0.18,0.18,mg/L,5,5,mg/L
2016-09-08,S007-151,07030004-558,Snowshoe Brook,River/Stream,Kanabec,07030004,-93.239078,46.024751,Dissolved oxygen (DO),Y,7.48,7.48,mg/L,,,
2016-09-08,S007-151,07030004-558,Snowshoe Brook,River/Stream,Kanabec,07030004,-93.239078,46.024751,Specific conductance,Y,102,102,uS/cm,,,
2016-09-08,S007-151,07030004-558,Snowshoe Brook,River/Stream,Kanabec,07030004,-93.239078,46.024751,"Temperature, water",Y,17.62,17.62,deg C,,,
2016-08-23,S007-151,07030004-558,Snowshoe Brook,River/Stream,Kanabec,07030004,-93.239078,46.024751,Dissolved oxygen (DO),Y,7.6,7.6,mg/L,,,
2016-08-23,S007-151,07030004-558,Snowshoe Brook,River/Stream,Kanabec,07030004,-93.239078,46.024751,Specific conductance,Y,122,122,uS/cm,,,
2016-08-23,S007-151,07030004-558,Snowshoe Brook,River/Stream,Kanabec,07030004,-93.239078,46.024751,Phosphorus,Y,0.086,0.086,mg/L,5,5,mg/L
2016-08-23,S007-151,07030004-558,Snowshoe Brook,River/Stream,Kanabec,07030004,-93.239078,46.024751,"Temperature, water",Y,18.48,18.48,deg C,,,
2016-08-23,S007-151,07030004-558,Snowshoe Brook,River/Stream,Kanabec,07030004,-93.239078,46.024751,Kjeldahl nitrogen,Y,1.1,1.1,mg/L,0.6,0.151,mg/L
2016-08-10,S007-151,07030004-558,Snowshoe Brook,River/Stream,Kanabec,07030004,-93.239078,46.024751,Kjeldahl nitrogen,N,,,mg/L,0.6,0.151,mg/L
2016-08-10,S007-151,07030004-558,Snowshoe Brook,River/Stream,Kanabec,07030004,-93.239078,46.024751,Orthophosphate,Y,0.0079,0.0079,mg/L,5,2,mg/L
2016-08-10,S007-151,07030004-558,Snowshoe Brook,River/Stream,Kanabec,07030004,-93.239078,46.024751,Phosphorus,Y,0.068,0.068,mg/L,5,5,mg/L
2016-08-10,S007-151,07030004-558,Snowshoe Brook,River/Stream,Kanabec,07030004,-93.239078,46.024751,Dissolved oxygen (DO),Y,7.04,7.04,mg/L,,,
2016-08-10,S007-151,07030004-558,Snowshoe Brook,River/Stream,Kanabec,07030004,-93.239078,46.024751,Specific conductance,Y,219,219,uS/cm,,,
2016-08-10,S007-151,07030004-558,Snowshoe Brook,River/Stream,Kanabec,07030004,-93.239078,46.024751,"Temperature, water",Y,16.2,16.2,deg C,,,
2016-07-26,S007-151,07030004-558,Snowshoe Brook,River/Stream,Kanabec,07030004,-93.239078,46.024751,Phosphorus,Y,0.19,0.19,mg/L,5,5,mg/L
2016-07-26,S007-151,07030004-558,Snowshoe Brook,River/Stream,Kanabec,07030004,-93.239078,46.024751,Orthophosphate,Y,0.044,0.044,mg/L,5,2,mg/L
2016-07-26,S007-151,07030004-558,Snowshoe Brook,River/Stream,Kanabec,07030004,-93.239078,46.024751,Kjeldahl nitrogen,Y,1.1,1.1,mg/L,0.6,0.151,mg/L
2016-07-26,S007-151,07030004-558,Snowshoe Brook,River/Stream,Kanabec,07030004,-93.239078,46.024751,Specific conductance,Y,168,168,uS/cm,,,
2016-07-26,S007-151,07030004-558,Snowshoe Brook,River/Stream,Kanabec,07030004,-93.239078,46.024751,Dissolved oxygen (DO),Y,6.51,6.51,mg/L,,,
2016-07-26,S007-151,07030004-558,Snowshoe Brook,River/Stream,Kanabec,07030004,-93.239078,46.024751,"Temperature, water",Y,19.96,19.96,deg C,,,
2016-07-14,S007-151,07030004-558,Snowshoe Brook,River/Stream,Kanabec,07030004,-93.239078,46.024751,"Temperature, water",Y,19.87,19.87,deg C,,,
2016-07-14,S007-151,07030004-558,Snowshoe Brook,River/Stream,Kanabec,07030004,-93.239078,46.024751,Kjeldahl nitrogen,Y,1,1,mg/L,0.6,0.151,mg/L
2016-07-14,S007-151,07030004-558,Snowshoe Brook,River/Stream,Kanabec,07030004,-93.239078,46.024751,Specific conductance,Y,64,64,uS/cm,,,
2016-07-14,S007-151,07030004-558,Snowshoe Brook,River/Stream,Kanabec,07030004,-93.239078,46.024751,Phosphorus,Y,0.11,0.11,mg/L,5,5,mg/L
2016-07-14,S007-151,07030004-558,Snowshoe Brook,River/Stream,Kanabec,07030004,-93.239078,46.024751,Orthophosphate,Y,0.043,0.043,mg/L,5,2,mg/L
2016-07-14,S007-151,07030004-558,Snowshoe Brook,River/Stream,Kanabec,07030004,-93.239078,46.024751,Dissolved oxygen (DO),Y,5.36,5.36,mg/L,,,
2016-06-30,S007-151,07030004-558,Snowshoe Brook,River/Stream,Kanabec,07030004,-93.239078,46.024751,"Temperature, water",Y,15.88,15.88,deg C,,,
2016-06-30,S007-151,07030004-558,Snowshoe Brook,River/Stream,Kanabec,07030004,-93.239078,46.024751,Orthophosphate,Y,0.014,0.014,mg/L,5,2,mg/L
2016-06-30,S007-151,07030004-558,Snowshoe Brook,River/Stream,Kanabec,07030004,-93.239078,46.024751,Phosphorus,Y,0.086,0.086,mg/L,5,5,mg/L
2016-06-30,S007-151,07030004-558,Snowshoe Brook,River/Stream,Kanabec,07030004,-93.239078,46.024751,Dissolved oxygen (DO),Y,7.26,7.26,mg/L,,,
2016-06-30,S007-151,07030004-558,Snowshoe Brook,River/Stream,Kanabec,07030004,-93.239078,46.024751,Specific conductance,Y,199,199,uS/cm,,,
2016-06-30,S007-151,07030004-558,Snowshoe Brook,River/Stream,Kanabec,07030004,-93.239078,46.024751,Kjeldahl nitrogen,Y,0.64,0.64,mg/L,0.6,0.151,mg/L
2016-06-14,S007-151,07030004-558,Snowshoe Brook,River/Stream,Kanabec,07030004,-93.239078,46.024751,"Temperature, water",Y,14.42,14.42,deg C,,,
2016-06-14,S007-151,07030004-558,Snowshoe Brook,River/Stream,Kanabec,07030004,-93.239078,46.024751,Dissolved oxygen (DO),Y,7.77,7.77,mg/L,,,
2016-06-14,S007-151,07030004-558,Snowshoe Brook,River/Stream,Kanabec,07030004,-93.239078,46.024751,Phosphorus,Y,0.043,0.043,mg/L,5,5,mg/L
2016-06-14,S007-151,07030004-558,Snowshoe Brook,River/Stream,Kanabec,07030004,-93.239078,46.024751,Orthophosphate,Y,0.0042,0.0042,mg/L,5,2,mg/L
2016-06-14,S007-151,07030004-558,Snowshoe Brook,River/Stream,Kanabec,07030004,-93.239078,46.024751,Kjeldahl nitrogen,Y,0.64,0.64,mg/L,0.6,0.151,mg/L
2016-06-01,S007-151,07030004-558,Snowshoe Brook,River/Stream,Kanabec,07030004,-93.239078,46.024751,Phosphorus,Y,0.049,0.049,mg/L,5,5,mg/L
2016-06-01,S007-151,07030004-558,Snowshoe Brook,River/Stream,Kanabec,07030004,-93.239078,46.024751,Kjeldahl nitrogen,Y,0.77,0.77,mg/L,0.6,0.151,mg/L
2016-06-01,S007-151,07030004-558,Snowshoe Brook,River/Stream,Kanabec,07030004,-93.239078,46.024751,"Temperature, water",Y,15.05,15.05,deg C,,,
2016-06-01,S007-151,07030004-558,Snowshoe Brook,River/Stream,Kanabec,07030004,-93.239078,46.024751,Dissolved oxygen (DO),Y,8.77,8.77,mg/L,,,
2016-05-16,S007-151,07030004-558,Snowshoe Brook,River/Stream,Kanabec,07030004,-93.239078,46.024751,"Temperature, water",Y,12.41,12.41,deg C,,,
2016-05-16,S007-151,07030004-558,Snowshoe Brook,River/Stream,Kanabec,07030004,-93.239078,46.024751,Specific conductance,Y,178,178,uS/cm,,,
2016-05-16,S007-151,07030004-558,Snowshoe Brook,River/Stream,Kanabec,07030004,-93.239078,46.024751,Dissolved oxygen (DO),Y,10.53,10.53,mg/L,,,
2016-05-16,S007-151,07030004-558,Snowshoe Brook,River/Stream,Kanabec,07030004,-93.239078,46.024751,Phosphorus,Y,0.033,0.033,mg/L,5,5,mg/L
2016-05-16,S007-151,07030004-558,Snowshoe Brook,River/Stream,Kanabec,07030004,-93.239078,46.024751,Orthophosphate,Y,0.0033,0.0033,mg/L,5,2,mg/L
2016-05-16,S007-151,07030004-558,Snowshoe Brook,River/Stream,Kanabec,07030004,-93.239078,46.024751,Kjeldahl nitrogen,N,,,mg/L,0.6,0.151,mg/L
2015-04-23,S007-151,07030004-558,Snowshoe Brook,River/Stream,Kanabec,07030004,-93.239078,46.024751,Phosphorus,Y,0.042,0.042,mg/L,5,5,mg/L
2015-04-23,S007-151,07030004-558,Snowshoe Brook,River/Stream,Kanabec,07030004,-93.239078,46.024751,Orthophosphate,Y,0.005,0.005,mg/L,5,2,mg/L
2015-04-23,S007-151,07030004-558,Snowshoe Brook,River/Stream,Kanabec,07030004,-93.239078,46.024751,"Temperature, water",Y,4.26,4.26,deg C,,,
2015-04-23,S007-151,07030004-558,Snowshoe Brook,River/Stream,Kanabec,07030004,-93.239078,46.024751,Specific conductance,Y,118,118,uS/cm,,,
2015-04-23,S007-151,07030004-558,Snowshoe Brook,River/Stream,Kanabec,07030004,-93.239078,46.024751,Dissolved oxygen (DO),Y,12.33,12.33,mg/L,,,
2015-04-23,S007-151,07030004-558,Snowshoe Brook,River/Stream,Kanabec,07030004,-93.239078,46.024751,Escherichia coli,Y,53,53,MPN/100mL,1,4,MPN/100mL
2015-04-09,S007-151,07030004-558,Snowshoe Brook,River/Stream,Kanabec,07030004,-93.239078,46.024751,Phosphorus,Y,0.043,0.043,mg/L,5,5,mg/L
2015-04-09,S007-151,07030004-558,Snowshoe Brook,River/Stream,Kanabec,07030004,-93.239078,46.024751,Orthophosphate,Y,0.005,0.005,mg/L,5,2,mg/L
2015-04-09,S007-151,07030004-558,Snowshoe Brook,River/Stream,Kanabec,07030004,-93.239078,46.024751,"Temperature, water",Y,3.21,3.21,deg C,,,
2015-04-09,S007-151,07030004-558,Snowshoe Brook,River/Stream,Kanabec,07030004,-93.239078,46.024751,Specific conductance,Y,158,158,uS/cm,,,
2015-04-09,S007-151,07030004-558,Snowshoe Brook,River/Stream,Kanabec,07030004,-93.239078,46.024751,Dissolved oxygen (DO),Y,11.21,11.21,mg/L,,,
2015-04-09,S007-151,07030004-558,Snowshoe Brook,River/Stream,Kanabec,07030004,-93.239078,46.024751,Escherichia coli,Y,1,1,MPN/100mL,1,4,MPN/100mL
2014-10-21,S007-151,07030004-558,Snowshoe Brook,River/Stream,Kanabec,07030004,-93.239078,46.024751,Dissolved oxygen (DO),Y,8.56,8.56,mg/L,,,
2014-10-21,S007-151,07030004-558,Snowshoe Brook,River/Stream,Kanabec,07030004,-93.239078,46.024751,Escherichia coli,Y,49,49,MPN/100mL,1,4,MPN/100mL
2014-10-21,S007-151,07030004-558,Snowshoe Brook,River/Stream,Kanabec,07030004,-93.239078,46.024751,Phosphorus,Y,0.043,0.043,mg/L,5,5,mg/L
2014-10-21,S007-151,07030004-558,Snowshoe Brook,River/Stream,Kanabec,07030004,-93.239078,46.024751,Orthophosphate,Y,0.006,0.006,mg/L,5,2,mg/L
2014-10-21,S007-151,07030004-558,Snowshoe Brook,River/Stream,Kanabec,07030004,-93.239078,46.024751,Distance from/to,Y,10.38,10.38,ft,,,
2014-10-21,S007-151,07030004-558,Snowshoe Brook,River/Stream,Kanabec,07030004,-93.239078,46.024751,"Temperature, water",Y,6.74,6.74,deg C,,,
2014-10-21,S007-151,07030004-558,Snowshoe Brook,River/Stream,Kanabec,07030004,-93.239078,46.024751,Specific conductance,Y,216,216,uS/cm,,,
2014-10-08,S007-151,07030004-558,Snowshoe Brook,River/Stream,Kanabec,07030004,-93.239078,46.024751,Dissolved oxygen (DO),Y,9.55,9.55,mg/L,,,
2014-10-08,S007-151,07030004-558,Snowshoe Brook,River/Stream,Kanabec,07030004,-93.239078,46.024751,Escherichia coli,Y,41,41,MPN/100mL,1,4,MPN/100mL
2014-10-08,S007-151,07030004-558,Snowshoe Brook,River/Stream,Kanabec,07030004,-93.239078,46.024751,Phosphorus,Y,0.07,0.070,mg/L,5,5,mg/L
2014-10-08,S007-151,07030004-558,Snowshoe Brook,River/Stream,Kanabec,07030004,-93.239078,46.024751,Orthophosphate,Y,0.028,0.028,mg/L,5,2,mg/L
2014-10-08,S007-151,07030004-558,Snowshoe Brook,River/Stream,Kanabec,07030004,-93.239078,46.024751,Distance from/to,Y,10.96,10.96,ft,,,
2014-10-08,S007-151,07030004-558,Snowshoe Brook,River/Stream,Kanabec,07030004,-93.239078,46.024751,"Temperature, water",Y,6.08,6.08,deg C,,,
2014-10-08,S007-151,07030004-558,Snowshoe Brook,River/Stream,Kanabec,07030004,-93.239078,46.024751,Specific conductance,Y,172,172,uS/cm,,,
2014-09-23,S007-151,07030004-558,Snowshoe Brook,River/Stream,Kanabec,07030004,-93.239078,46.024751,Dissolved oxygen (DO),Y,8.16,8.16,mg/L,,,
2014-09-23,S007-151,07030004-558,Snowshoe Brook,River/Stream,Kanabec,07030004,-93.239078,46.024751,Escherichia coli,Y,37,37,MPN/100mL,1,4,MPN/100mL
2014-09-23,S007-151,07030004-558,Snowshoe Brook,River/Stream,Kanabec,07030004,-93.239078,46.024751,Phosphorus,Y,0.05,0.050,mg/L,5,5,mg/L
2014-09-23,S007-151,07030004-558,Snowshoe Brook,River/Stream,Kanabec,07030004,-93.239078,46.024751,Orthophosphate,Y,0.025,0.025,mg/L,5,2,mg/L
2014-09-23,S007-151,07030004-558,Snowshoe Brook,River/Stream,Kanabec,07030004,-93.239078,46.024751,Distance from/to,Y,11.6,11.6,ft,,,
2014-09-23,S007-151,07030004-558,Snowshoe Brook,River/Stream,Kanabec,07030004,-93.239078,46.024751,"Temperature, water",Y,10.07,10.07,deg C,,,
2014-09-23,S007-151,07030004-558,Snowshoe Brook,River/Stream,Kanabec,07030004,-93.239078,46.024751,Specific conductance,Y,203,203,uS/cm,,,
2014-09-23,S007-151,07030004-558,Snowshoe Brook,River/Stream,Kanabec,07030004,-93.239078,46.024751,pH,Y,7.25,7.25,None,,,
2014-09-11,S007-151,07030004-558,Snowshoe Brook,River/Stream,Kanabec,07030004,-93.239078,46.024751,Escherichia coli,Y,220,220,MPN/100mL,1,4,MPN/100mL
2014-09-11,S007-151,07030004-558,Snowshoe Brook,River/Stream,Kanabec,07030004,-93.239078,46.024751,Phosphorus,Y,0.104,0.104,mg/L,5,5,mg/L
2014-09-11,S007-151,07030004-558,Snowshoe Brook,River/Stream,Kanabec,07030004,-93.239078,46.024751,Orthophosphate,Y,0.052,0.052,mg/L,5,2,mg/L
2014-09-11,S007-151,07030004-558,Snowshoe Brook,River/Stream,Kanabec,07030004,-93.239078,46.024751,Distance from/to,Y,11.73,11.73,ft,,,
2014-09-11,S007-151,07030004-558,Snowshoe Brook,River/Stream,Kanabec,07030004,-93.239078,46.024751,pH,Y,7.08,7.08,None,,,
2014-09-11,S007-151,07030004-558,Snowshoe Brook,River/Stream,Kanabec,07030004,-93.239078,46.024751,Dissolved oxygen (DO),Y,9.27,9.27,mg/L,,,
2014-09-11,S007-151,07030004-558,Snowshoe Brook,River/Stream,Kanabec,07030004,-93.239078,46.024751,Specific conductance,Y,104,104,uS/cm,,,
2014-09-11,S007-151,07030004-558,Snowshoe Brook,River/Stream,Kanabec,07030004,-93.239078,46.024751,"Temperature, water",Y,11.44,11.44,deg C,,,
2014-08-26,S007-151,07030004-558,Snowshoe Brook,River/Stream,Kanabec,07030004,-93.239078,46.024751,Distance from/to,Y,12.29,12.29,ft,,,
2014-08-26,S007-151,07030004-558,Snowshoe Brook,River/Stream,Kanabec,07030004,-93.239078,46.024751,"Temperature, water",Y,14.9,14.90,deg C,,,
2014-08-26,S007-151,07030004-558,Snowshoe Brook,River/Stream,Kanabec,07030004,-93.239078,46.024751,Specific conductance,Y,229,229,uS/cm,,,
2014-08-26,S007-151,07030004-558,Snowshoe Brook,River/Stream,Kanabec,07030004,-93.239078,46.024751,pH,Y,7.33,7.33,None,,,
2014-08-26,S007-151,07030004-558,Snowshoe Brook,River/Stream,Kanabec,07030004,-93.239078,46.024751,Orthophosphate,Y,0.014,0.014,mg/L,5,2,mg/L
2014-08-26,S007-151,07030004-558,Snowshoe Brook,River/Stream,Kanabec,07030004,-93.239078,46.024751,Escherichia coli,Y,140,140,MPN/100mL,1,4,MPN/100mL
2014-08-26,S007-151,07030004-558,Snowshoe Brook,River/Stream,Kanabec,07030004,-93.239078,46.024751,Phosphorus,Y,0.043,0.043,mg/L,5,5,mg/L
2014-08-26,S007-151,07030004-558,Snowshoe Brook,River/Stream,Kanabec,07030004,-93.239078,46.024751,Dissolved oxygen (DO),Y,7.02,7.02,mg/L,,,
2014-08-11,S007-151,07030004-558,Snowshoe Brook,River/Stream,Kanabec,07030004,-93.239078,46.024751,Orthophosphate,Y,0.004,0.004,mg/L,5,2,mg/L
2014-08-11,S007-151,07030004-558,Snowshoe Brook,River/Stream,Kanabec,07030004,-93.239078,46.024751,Distance from/to,Y,12.41,12.41,ft,,,
2014-08-11,S007-151,07030004-558,Snowshoe Brook,River/Stream,Kanabec,07030004,-93.239078,46.024751,"Temperature, water",Y,14.06,14.06,deg C,,,
2014-08-11,S007-151,07030004-558,Snowshoe Brook,River/Stream,Kanabec,07030004,-93.239078,46.024751,Specific conductance,Y,268,268,uS/cm,,,
2014-08-11,S007-151,07030004-558,Snowshoe Brook,River/Stream,Kanabec,07030004,-93.239078,46.024751,pH,Y,6.82,6.82,None,,,
2014-08-11,S007-151,07030004-558,Snowshoe Brook,River/Stream,Kanabec,07030004,-93.239078,46.024751,Phosphorus,Y,0.021,0.021,mg/L,5,5,mg/L
2014-08-11,S007-151,07030004-558,Snowshoe Brook,River/Stream,Kanabec,07030004,-93.239078,46.024751,Dissolved oxygen (DO),Y,8.46,8.46,mg/L,,,
2014-08-11,S007-151,07030004-558,Snowshoe Brook,River/Stream,Kanabec,07030004,-93.239078,46.024751,Escherichia coli,Y,120,120,MPN/100mL,1,4,MPN/100mL
2014-07-28,S007-151,07030004-558,Snowshoe Brook,River/Stream,Kanabec,07030004,-93.239078,46.024751,Escherichia coli,Y,150,150,MPN/100mL,1,4,MPN/100mL
2014-07-28,S007-151,07030004-558,Snowshoe Brook,River/Stream,Kanabec,07030004,-93.239078,46.024751,Phosphorus,Y,0.102,0.102,mg/L,5,5,mg/L
2014-07-28,S007-151,07030004-558,Snowshoe Brook,River/Stream,Kanabec,07030004,-93.239078,46.024751,Orthophosphate,Y,0.06,0.060,mg/L,5,2,mg/L
2014-07-28,S007-151,07030004-558,Snowshoe Brook,River/Stream,Kanabec,07030004,-93.239078,46.024751,Distance from/to,Y,12.13,12.13,ft,,,
2014-07-28,S007-151,07030004-558,Snowshoe Brook,River/Stream,Kanabec,07030004,-93.239078,46.024751,Specific conductance,Y,204,204,uS/cm,,,
2014-07-28,S007-151,07030004-558,Snowshoe Brook,River/Stream,Kanabec,07030004,-93.239078,46.024751,pH,Y,7.1,7.10,None,,,
2014-07-28,S007-151,07030004-558,Snowshoe Brook,River/Stream,Kanabec,07030004,-93.239078,46.024751,Dissolved oxygen (DO),Y,6.79,6.79,mg/L,,,
2014-07-28,S007-151,07030004-558,Snowshoe Brook,River/Stream,Kanabec,07030004,-93.239078,46.024751,"Temperature, water",Y,15.36,15.36,deg C,,,
2014-07-16,S007-151,07030004-558,Snowshoe Brook,River/Stream,Kanabec,07030004,-93.239078,46.024751,Escherichia coli,Y,170,170,MPN/100mL,1,4,MPN/100mL
2014-07-16,S007-151,07030004-558,Snowshoe Brook,River/Stream,Kanabec,07030004,-93.239078,46.024751,Phosphorus,Y,0.109,0.109,mg/L,5,5,mg/L
2014-07-16,S007-151,07030004-558,Snowshoe Brook,River/Stream,Kanabec,07030004,-93.239078,46.024751,Orthophosphate,Y,0.051,0.051,mg/L,5,2,mg/L
2014-07-16,S007-151,07030004-558,Snowshoe Brook,River/Stream,Kanabec,07030004,-93.239078,46.024751,"Temperature, water",Y,15.8,15.80,deg C,,,
2014-07-16,S007-151,07030004-558,Snowshoe Brook,River/Stream,Kanabec,07030004,-93.239078,46.024751,Specific conductance,Y,134,134,uS/cm,,,
2014-07-16,S007-151,07030004-558,Snowshoe Brook,River/Stream,Kanabec,07030004,-93.239078,46.024751,pH,Y,7.25,7.25,None,,,
2014-07-16,S007-151,07030004-558,Snowshoe Brook,River/Stream,Kanabec,07030004,-93.239078,46.024751,Distance from/to,Y,11.99,11.99,ft,,,
2014-07-16,S007-151,07030004-558,Snowshoe Brook,River/Stream,Kanabec,07030004,-93.239078,46.024751,Dissolved oxygen (DO),Y,8.9,8.90,mg/L,,,
2014-07-01,S007-151,07030004-558,Snowshoe Brook,River/Stream,Kanabec,07030004,-93.239078,46.024751,Orthophosphate,Y,0.075,0.075,mg/L,5,2,mg/L
2014-07-01,S007-151,07030004-558,Snowshoe Brook,River/Stream,Kanabec,07030004,-93.239078,46.024751,Phosphorus,Y,0.152,0.152,mg/L,5,5,mg/L
2014-07-01,S007-151,07030004-558,Snowshoe Brook,River/Stream,Kanabec,07030004,-93.239078,46.024751,Escherichia coli,Y,64,64,MPN/100mL,1,4,MPN/100mL
2014-07-01,S007-151,07030004-558,Snowshoe Brook,River/Stream,Kanabec,07030004,-93.239078,46.024751,"Temperature, water",Y,18.03,18.03,deg C,,,
2014-07-01,S007-151,07030004-558,Snowshoe Brook,River/Stream,Kanabec,07030004,-93.239078,46.024751,Dissolved oxygen (DO),Y,7.51,7.51,mg/L,,,
2014-07-01,S007-151,07030004-558,Snowshoe Brook,River/Stream,Kanabec,07030004,-93.239078,46.024751,pH,Y,7.12,7.12,None,,,
2014-07-01,S007-151,07030004-558,Snowshoe Brook,River/Stream,Kanabec,07030004,-93.239078,46.024751,Specific conductance,Y,159,159,uS/cm,,,
2014-07-01,S007-151,07030004-558,Snowshoe Brook,River/Stream,Kanabec,07030004,-93.239078,46.024751,Distance from/to,Y,12.8,12.8,ft,,,
2014-06-17,S007-151,07030004-558,Snowshoe Brook,River/Stream,Kanabec,07030004,-93.239078,46.024751,Distance from/to,Y,11.82,11.82,ft,,,
2014-06-17,S007-151,07030004-558,Snowshoe Brook,River/Stream,Kanabec,07030004,-93.239078,46.024751,"Temperature, water",Y,11.82,11.82,deg C,,,
2014-06-17,S007-151,07030004-558,Snowshoe Brook,River/Stream,Kanabec,07030004,-93.239078,46.024751,Specific conductance,Y,91,91,uS/cm,,,
2014-06-17,S007-151,07030004-558,Snowshoe Brook,River/Stream,Kanabec,07030004,-93.239078,46.024751,Dissolved oxygen (DO),Y,8.06,8.06,mg/L,,,
2014-06-17,S007-151,07030004-558,Snowshoe Brook,River/Stream,Kanabec,07030004,-93.239078,46.024751,Phosphorus,Y,0.104,0.104,mg/L,5,5,mg/L
2014-06-17,S007-151,07030004-558,Snowshoe Brook,River/Stream,Kanabec,07030004,-93.239078,46.024751,Orthophosphate,Y,0.044,0.044,mg/L,5,2,mg/L
2014-06-17,S007-151,07030004-558,Snowshoe Brook,River/Stream,Kanabec,07030004,-93.239078,46.024751,Escherichia coli,Y,160,160,MPN/100mL,1,4,MPN/100mL
2014-06-17,S007-151,07030004-558,Snowshoe Brook,River/Stream,Kanabec,07030004,-93.239078,46.024751,pH,Y,7.07,7.07,None,,,
2014-06-03,S007-151,07030004-558,Snowshoe Brook,River/Stream,Kanabec,07030004,-93.239078,46.024751,Distance from/to,Y,9.67,9.67,ft,,,
2014-06-03,S007-151,07030004-558,Snowshoe Brook,River/Stream,Kanabec,07030004,-93.239078,46.024751,Orthophosphate,Y,0.051,0.051,mg/L,5,2,mg/L
2014-06-03,S007-151,07030004-558,Snowshoe Brook,River/Stream,Kanabec,07030004,-93.239078,46.024751,Phosphorus,Y,0.122,0.122,mg/L,5,5,mg/L
2014-06-03,S007-151,07030004-558,Snowshoe Brook,River/Stream,Kanabec,07030004,-93.239078,46.024751,Escherichia coli,Y,96,96,MPN/100mL,1,4,MPN/100mL
2014-06-03,S007-151,07030004-558,Snowshoe Brook,River/Stream,Kanabec,07030004,-93.239078,46.024751,Dissolved oxygen (DO),Y,7.05,7.05,mg/L,,,
2014-06-03,S007-151,07030004-558,Snowshoe Brook,River/Stream,Kanabec,07030004,-93.239078,46.024751,pH,Y,6.85,6.85,None,,,
2014-06-03,S007-151,07030004-558,Snowshoe Brook,River/Stream,Kanabec,07030004,-93.239078,46.024751,Specific conductance,Y,75,75,uS/cm,,,
2014-06-03,S007-151,07030004-558,Snowshoe Brook,River/Stream,Kanabec,07030004,-93.239078,46.024751,"Temperature, water",Y,17.75,17.75,deg C,,,
2014-05-19,S007-151,07030004-558,Snowshoe Brook,River/Stream,Kanabec,07030004,-93.239078,46.024751,Phosphorus,Y,0.044,0.044,mg/L,5,5,mg/L
2014-05-19,S007-151,07030004-558,Snowshoe Brook,River/Stream,Kanabec,07030004,-93.239078,46.024751,Orthophosphate,Y,0.019,0.019,mg/L,5,2,mg/L
2014-05-19,S007-151,07030004-558,Snowshoe Brook,River/Stream,Kanabec,07030004,-93.239078,46.024751,Distance from/to,Y,12.61,12.61,ft,,,
2014-05-19,S007-151,07030004-558,Snowshoe Brook,River/Stream,Kanabec,07030004,-93.239078,46.024751,Dissolved oxygen (DO),Y,8.94,8.94,mg/L,,,
2014-05-19,S007-151,07030004-558,Snowshoe Brook,River/Stream,Kanabec,07030004,-93.239078,46.024751,"Temperature, water",Y,11.33,11.33,deg C,,,
2014-05-19,S007-151,07030004-558,Snowshoe Brook,River/Stream,Kanabec,07030004,-93.239078,46.024751,pH,Y,6.96,6.96,None,,,
2014-05-19,S007-151,07030004-558,Snowshoe Brook,River/Stream,Kanabec,07030004,-93.239078,46.024751,Specific conductance,Y,105,105,uS/cm,,,
2014-05-19,S007-151,07030004-558,Snowshoe Brook,River/Stream,Kanabec,07030004,-93.239078,46.024751,Escherichia coli,Y,22,22,MPN/100mL,1,4,MPN/100mL
2014-05-08,S007-151,07030004-558,Snowshoe Brook,River/Stream,Kanabec,07030004,-93.239078,46.024751,Distance from/to,Y,12.48,12.48,ft,,,
2014-05-08,S007-151,07030004-558,Snowshoe Brook,River/Stream,Kanabec,07030004,-93.239078,46.024751,"Temperature, water",Y,9.82,9.82,deg C,,,
2014-05-08,S007-151,07030004-558,Snowshoe Brook,River/Stream,Kanabec,07030004,-93.239078,46.024751,Specific conductance,Y,100,100,uS/cm,,,
2014-05-08,S007-151,07030004-558,Snowshoe Brook,River/Stream,Kanabec,07030004,-93.239078,46.024751,Dissolved oxygen (DO),Y,9.6,9.60,mg/L,,,
2014-05-08,S007-151,07030004-558,Snowshoe Brook,River/Stream,Kanabec,07030004,-93.239078,46.024751,Orthophosphate,Y,0.018,0.018,mg/L,5,2,mg/L
2014-05-08,S007-151,07030004-558,Snowshoe Brook,River/Stream,Kanabec,07030004,-93.239078,46.024751,pH,Y,7.28,7.28,None,,,
2014-05-08,S007-151,07030004-558,Snowshoe Brook,River/Stream,Kanabec,07030004,-93.239078,46.024751,Escherichia coli,Y,70,70,MPN/100mL,1,4,MPN/100mL
2014-05-08,S007-151,07030004-558,Snowshoe Brook,River/Stream,Kanabec,07030004,-93.239078,46.024751,Phosphorus,Y,0.048,0.048,mg/L,5,5,mg/L
2014-04-21,S007-151,07030004-558,Snowshoe Brook,River/Stream,Kanabec,07030004,-93.239078,46.024751,Escherichia coli,Y,5,5,MPN/100mL,1,4,MPN/100mL
2014-04-21,S007-151,07030004-558,Snowshoe Brook,River/Stream,Kanabec,07030004,-93.239078,46.024751,Distance from/to,Y,11.05,11.05,ft,,,
2014-04-21,S007-151,07030004-558,Snowshoe Brook,River/Stream,Kanabec,07030004,-93.239078,46.024751,Orthophosphate,Y,0.021,0.021,mg/L,5,2,mg/L
2014-04-21,S007-151,07030004-558,Snowshoe Brook,River/Stream,Kanabec,07030004,-93.239078,46.024751,Phosphorus,Y,0.088,0.088,mg/L,5,5,mg/L
2014-04-09,S007-151,07030004-558,Snowshoe Brook,River/Stream,Kanabec,07030004,-93.239078,46.024751,Dissolved oxygen (DO),Y,12.68,12.68,mg/L,,,
2014-04-09,S007-151,07030004-558,Snowshoe Brook,River/Stream,Kanabec,07030004,-93.239078,46.024751,Phosphorus,Y,0.159,0.159,mg/L,5,5,mg/L
2014-04-09,S007-151,07030004-558,Snowshoe Brook,River/Stream,Kanabec,07030004,-93.239078,46.024751,"Temperature, water",Y,0.04,0.04,deg C,,,
2014-04-09,S007-151,07030004-558,Snowshoe Brook,River/Stream,Kanabec,07030004,-93.239078,46.024751,Specific conductance,Y,132,132,uS/cm,,,
2014-04-09,S007-151,07030004-558,Snowshoe Brook,River/Stream,Kanabec,07030004,-93.239078,46.024751,Escherichia coli,Y,26,26,MPN/100mL,1,4,MPN/100mL
2014-04-09,S007-151,07030004-558,Snowshoe Brook,River/Stream,Kanabec,07030004,-93.239078,46.024751,Distance from/to,Y,11.31,11.31,ft,,,
2014-04-09,S007-151,07030004-558,Snowshoe Brook,River/Stream,Kanabec,07030004,-93.239078,46.024751,Orthophosphate,Y,0.065,0.065,mg/L,5,2,mg/L
2014-04-09,S007-151,07030004-558,Snowshoe Brook,River/Stream,Kanabec,07030004,-93.239078,46.024751,pH,Y,7.44,7.44,None,,,
2014-04-02,S007-151,07030004-558,Snowshoe Brook,River/Stream,Kanabec,07030004,-93.239078,46.024751,Phosphorus,Y,0.044,0.044,mg/L,5,5,mg/L
2014-04-02,S007-151,07030004-558,Snowshoe Brook,River/Stream,Kanabec,07030004,-93.239078,46.024751,Orthophosphate,Y,0.006,0.006,mg/L,5,2,mg/L
2013-10-22,S007-151,07030004-558,Snowshoe Brook,River/Stream,Kanabec,07030004,-93.239078,46.024751,"Temperature, water",Y,3.66,3.66,deg C,,,
2013-10-22,S007-151,07030004-558,Snowshoe Brook,River/Stream,Kanabec,07030004,-93.239078,46.024751,Specific conductance,Y,0.173,0.173,uS/cm,,,
2013-10-22,S007-151,07030004-558,Snowshoe Brook,River/Stream,Kanabec,07030004,-93.239078,46.024751,pH,Y,7.45,7.45,None,,,
2013-10-22,S007-151,07030004-558,Snowshoe Brook,River/Stream,Kanabec,07030004,-93.239078,46.024751,Dissolved oxygen (DO),Y,11.27,11.27,mg/L,,,
2013-10-22,S007-151,07030004-558,Snowshoe Brook,River/Stream,Kanabec,07030004,-93.239078,46.024751,Distance from/to,Y,12.27,12.27,ft,,,
2013-10-22,S007-151,07030004-558,Snowshoe Brook,River/Stream,Kanabec,07030004,-93.239078,46.024751,Escherichia coli,Y,34,34,MPN/100mL,1,4,MPN/100mL
2013-10-22,S007-151,07030004-558,Snowshoe Brook,River/Stream,Kanabec,07030004,-93.239078,46.024751,Phosphorus,Y,0.042,0.042,mg/L,5,5,mg/L
2013-10-22,S007-151,07030004-558,Snowshoe Brook,River/Stream,Kanabec,07030004,-93.239078,46.024751,Orthophosphate,Y,0.021,0.021,mg/L,5,2,mg/L
2013-10-10,S007-151,07030004-558,Snowshoe Brook,River/Stream,Kanabec,07030004,-93.239078,46.024751,pH,Y,7.48,7.48,None,,,
2013-10-10,S007-151,07030004-558,Snowshoe Brook,River/Stream,Kanabec,07030004,-93.239078,46.024751,Specific conductance,Y,0.262,0.262,uS/cm,,,
2013-10-10,S007-151,07030004-558,Snowshoe Brook,River/Stream,Kanabec,07030004,-93.239078,46.024751,Phosphorus,Y,0.023,0.023,mg/L,5,5,mg/L
2013-10-10,S007-151,07030004-558,Snowshoe Brook,River/Stream,Kanabec,07030004,-93.239078,46.024751,"Temperature, water",Y,10.45,10.45,deg C,,,
2013-10-10,S007-151,07030004-558,Snowshoe Brook,River/Stream,Kanabec,07030004,-93.239078,46.024751,Escherichia coli,Y,14,14,MPN/100mL,1,4,MPN/100mL
2013-10-10,S007-151,07030004-558,Snowshoe Brook,River/Stream,Kanabec,07030004,-93.239078,46.024751,Dissolved oxygen (DO),Y,8.43,8.43,mg/L,,,
2013-10-10,S007-151,07030004-558,Snowshoe Brook,River/Stream,Kanabec,07030004,-93.239078,46.024751,Distance from/to,Y,12.86,12.86,ft,,,
2013-10-10,S007-151,07030004-558,Snowshoe Brook,River/Stream,Kanabec,07030004,-93.239078,46.024751,Orthophosphate,Y,0.005,0.005,mg/L,5,2,mg/L
2013-09-26,S007-151,07030004-558,Snowshoe Brook,River/Stream,Kanabec,07030004,-93.239078,46.024751,pH,Y,7.69,7.69,None,,,
2013-09-26,S007-151,07030004-558,Snowshoe Brook,River/Stream,Kanabec,07030004,-93.239078,46.024751,Escherichia coli,Y,13,13,MPN/100mL,1,4,MPN/100mL
2013-09-26,S007-151,07030004-558,Snowshoe Brook,River/Stream,Kanabec,07030004,-93.239078,46.024751,Phosphorus,Y,0.018,0.018,mg/L,5,5,mg/L
2013-09-26,S007-151,07030004-558,Snowshoe Brook,River/Stream,Kanabec,07030004,-93.239078,46.024751,Orthophosphate,Y,0.004,0.004,mg/L,5,2,mg/L
2013-09-26,S007-151,07030004-558,Snowshoe Brook,River/Stream,Kanabec,07030004,-93.239078,46.024751,Distance from/to,Y,12.83,12.83,ft,,,
2013-09-26,S007-151,07030004-558,Snowshoe Brook,River/Stream,Kanabec,07030004,-93.239078,46.024751,"Temperature, water",Y,11.97,11.97,deg C,,,
2013-09-26,S007-151,07030004-558,Snowshoe Brook,River/Stream,Kanabec,07030004,-93.239078,46.024751,Specific conductance,Y,0.266,0.266,uS/cm,,,
2013-09-26,S007-151,07030004-558,Snowshoe Brook,River/Stream,Kanabec,07030004,-93.239078,46.024751,Dissolved oxygen (DO),Y,9.54,9.54,mg/L,,,
2013-09-11,S007-151,07030004-558,Snowshoe Brook,River/Stream,Kanabec,07030004,-93.239078,46.024751,pH,Y,7.55,7.55,None,,,
2013-09-11,S007-151,07030004-558,Snowshoe Brook,River/Stream,Kanabec,07030004,-93.239078,46.024751,Escherichia coli,Y,42,42,MPN/100mL,1,4,MPN/100mL
2013-09-11,S007-151,07030004-558,Snowshoe Brook,River/Stream,Kanabec,07030004,-93.239078,46.024751,Specific conductance,Y,0.268,0.268,uS/cm,,,
2013-09-11,S007-151,07030004-558,Snowshoe Brook,River/Stream,Kanabec,07030004,-93.239078,46.024751,Phosphorus,Y,0.021,0.021,mg/L,5,5,mg/L
2013-09-11,S007-151,07030004-558,Snowshoe Brook,River/Stream,Kanabec,07030004,-93.239078,46.024751,"Temperature, water",Y,15.16,15.16,deg C,,,
2013-09-11,S007-151,07030004-558,Snowshoe Brook,River/Stream,Kanabec,07030004,-93.239078,46.024751,Distance from/to,Y,12.81,12.81,ft,,,
2013-09-11,S007-151,07030004-558,Snowshoe Brook,River/Stream,Kanabec,07030004,-93.239078,46.024751,Orthophosphate,Y,0.006,0.006,mg/L,5,2,mg/L
2013-09-11,S007-151,07030004-558,Snowshoe Brook,River/Stream,Kanabec,07030004,-93.239078,46.024751,Dissolved oxygen (DO),Y,8.78,8.78,mg/L,,,
2013-08-29,S007-151,07030004-558,Snowshoe Brook,River/Stream,Kanabec,07030004,-93.239078,46.024751,"Temperature, water",Y,17.23,17.23,deg C,,,
2013-08-29,S007-151,07030004-558,Snowshoe Brook,River/Stream,Kanabec,07030004,-93.239078,46.024751,pH,Y,7.59,7.59,None,,,
2013-08-29,S007-151,07030004-558,Snowshoe Brook,River/Stream,Kanabec,07030004,-93.239078,46.024751,Specific conductance,Y,0.272,0.272,uS/cm,,,
2013-08-29,S007-151,07030004-558,Snowshoe Brook,River/Stream,Kanabec,07030004,-93.239078,46.024751,Dissolved oxygen (DO),Y,7.71,7.71,mg/L,,,
2013-08-29,S007-151,07030004-558,Snowshoe Brook,River/Stream,Kanabec,07030004,-93.239078,46.024751,Orthophosphate,Y,0.004,0.004,mg/L,5,2,mg/L
2013-08-29,S007-151,07030004-558,Snowshoe Brook,River/Stream,Kanabec,07030004,-93.239078,46.024751,Escherichia coli,Y,150,150,MPN/100mL,1,4,MPN/100mL
2013-08-29,S007-151,07030004-558,Snowshoe Brook,River/Stream,Kanabec,07030004,-93.239078,46.024751,Phosphorus,Y,0.016,0.016,mg/L,5,5,mg/L
2013-08-29,S007-151,07030004-558,Snowshoe Brook,River/Stream,Kanabec,07030004,-93.239078,46.024751,Distance from/to,Y,13.24,13.24,ft,,,
2013-08-14,S007-151,07030004-558,Snowshoe Brook,River/Stream,Kanabec,07030004,-93.239078,46.024751,Dissolved oxygen (DO),Y,9.66,9.66,mg/L,,,
2013-08-14,S007-151,07030004-558,Snowshoe Brook,River/Stream,Kanabec,07030004,-93.239078,46.024751,pH,Y,7.7,7.70,None,,,
2013-08-14,S007-151,07030004-558,Snowshoe Brook,River/Stream,Kanabec,07030004,-93.239078,46.024751,Specific conductance,Y,0.27,0.270,uS/cm,,,
2013-08-14,S007-151,07030004-558,Snowshoe Brook,River/Stream,Kanabec,07030004,-93.239078,46.024751,"Temperature, water",Y,12.72,12.72,deg C,,,
2013-08-14,S007-151,07030004-558,Snowshoe Brook,River/Stream,Kanabec,07030004,-93.239078,46.024751,Distance from/to,Y,13.3,13.3,ft,,,
2013-08-14,S007-151,07030004-558,Snowshoe Brook,River/Stream,Kanabec,07030004,-93.239078,46.024751,Orthophosphate,Y,0.004,0.004,mg/L,5,2,mg/L
2013-08-14,S007-151,07030004-558,Snowshoe Brook,River/Stream,Kanabec,07030004,-93.239078,46.024751,Phosphorus,Y,0.012,0.012,mg/L,5,5,mg/L
2013-08-14,S007-151,07030004-558,Snowshoe Brook,River/Stream,Kanabec,07030004,-93.239078,46.024751,Escherichia coli,Y,41,41,MPN/100mL,1,4,MPN/100mL
2013-07-31,S007-151,07030004-558,Snowshoe Brook,River/Stream,Kanabec,07030004,-93.239078,46.024751,Specific conductance,Y,0.26,0.260,uS/cm,,,
2013-07-31,S007-151,07030004-558,Snowshoe Brook,River/Stream,Kanabec,07030004,-93.239078,46.024751,pH,Y,7.57,7.57,None,,,
2013-07-31,S007-151,07030004-558,Snowshoe Brook,River/Stream,Kanabec,07030004,-93.239078,46.024751,"Temperature, water",Y,16.02,16.02,deg C,,,
2013-07-31,S007-151,07030004-558,Snowshoe Brook,River/Stream,Kanabec,07030004,-93.239078,46.024751,Distance from/to,Y,13.33,13.33,ft,,,
2013-07-31,S007-151,07030004-558,Snowshoe Brook,River/Stream,Kanabec,07030004,-93.239078,46.024751,Orthophosphate,Y,0.003,0.003,mg/L,5,2,mg/L
2013-07-31,S007-151,07030004-558,Snowshoe Brook,River/Stream,Kanabec,07030004,-93.239078,46.024751,Phosphorus,Y,0.019,0.019,mg/L,5,5,mg/L
2013-07-31,S007-151,07030004-558,Snowshoe Brook,River/Stream,Kanabec,07030004,-93.239078,46.024751,Escherichia coli,Y,120,120,MPN/100mL,1,4,MPN/100mL
2013-07-31,S007-151,07030004-558,Snowshoe Brook,River/Stream,Kanabec,07030004,-93.239078,46.024751,Dissolved oxygen (DO),Y,9.53,9.53,mg/L,,,
2013-07-25,S007-151,07030004-558,Snowshoe Brook,River/Stream,Kanabec,07030004,-93.239078,46.024751,Phosphorus,Y,0.033,0.033,mg/L,5,5,mg/L
2013-07-25,S007-151,07030004-558,Snowshoe Brook,River/Stream,Kanabec,07030004,-93.239078,46.024751,Orthophosphate,Y,0.005,0.005,mg/L,5,2,mg/L
2013-07-25,S007-151,07030004-558,Snowshoe Brook,River/Stream,Kanabec,07030004,-93.239078,46.024751,Distance from/to,Y,13.33,13.33,ft,,,
2013-07-25,S007-151,07030004-558,Snowshoe Brook,River/Stream,Kanabec,07030004,-93.239078,46.024751,Escherichia coli,Y,410,410,MPN/100mL,1,4,MPN/100mL
2013-07-25,S007-151,07030004-558,Snowshoe Brook,River/Stream,Kanabec,07030004,-93.239078,46.024751,Specific conductance,Y,0.26,0.260,uS/cm,,,
2013-07-25,S007-151,07030004-558,Snowshoe Brook,River/Stream,Kanabec,07030004,-93.239078,46.024751,pH,Y,7.57,7.57,None,,,
2013-07-25,S007-151,07030004-558,Snowshoe Brook,River/Stream,Kanabec,07030004,-93.239078,46.024751,Dissolved oxygen (DO),Y,9.53,9.53,mg/L,,,
2013-07-25,S007-151,07030004-558,Snowshoe Brook,River/Stream,Kanabec,07030004,-93.239078,46.024751,"Temperature, water",Y,16.02,16.02,deg C,,,
2013-07-03,S007-151,07030004-558,Snowshoe Brook,River/Stream,Kanabec,07030004,-93.239078,46.024751,Specific conductance,Y,0.149,0.149,uS/cm,,,
2013-07-03,S007-151,07030004-558,Snowshoe Brook,River/Stream,Kanabec,07030004,-93.239078,46.024751,pH,Y,7.26,7.26,None,,,
2013-07-03,S007-151,07030004-558,Snowshoe Brook,River/Stream,Kanabec,07030004,-93.239078,46.024751,Dissolved oxygen (DO),Y,7.7,7.70,mg/L,,,
2013-07-03,S007-151,07030004-558,Snowshoe Brook,River/Stream,Kanabec,07030004,-93.239078,46.024751,Escherichia coli,Y,62,62,MPN/100mL,1,4,MPN/100mL
2013-07-03,S007-151,07030004-558,Snowshoe Brook,River/Stream,Kanabec,07030004,-93.239078,46.024751,Phosphorus,Y,0.126,0.126,mg/L,5,5,mg/L
2013-07-03,S007-151,07030004-558,Snowshoe Brook,River/Stream,Kanabec,07030004,-93.239078,46.024751,"Temperature, water",Y,18.81,18.81,deg C,,,
2013-07-03,S007-151,07030004-558,Snowshoe Brook,River/Stream,Kanabec,07030004,-93.239078,46.024751,Distance from/to,Y,12.88,12.88,ft,,,
2013-07-03,S007-151,07030004-558,Snowshoe Brook,River/Stream,Kanabec,07030004,-93.239078,46.024751,Orthophosphate,Y,0.06,0.060,mg/L,5,2,mg/L
2013-06-18,S007-151,07030004-558,Snowshoe Brook,River/Stream,Kanabec,07030004,-93.239078,46.024751,Escherichia coli,Y,88,88,MPN/100mL,1,4,MPN/100mL
2013-06-18,S007-151,07030004-558,Snowshoe Brook,River/Stream,Kanabec,07030004,-93.239078,46.024751,Phosphorus,Y,0.078,0.078,mg/L,5,5,mg/L
2013-06-18,S007-151,07030004-558,Snowshoe Brook,River/Stream,Kanabec,07030004,-93.239078,46.024751,Orthophosphate,Y,0.044,0.044,mg/L,5,2,mg/L
2013-06-18,S007-151,07030004-558,Snowshoe Brook,River/Stream,Kanabec,07030004,-93.239078,46.024751,Distance from/to,Y,13.03,13.03,ft,,,
2013-06-18,S007-151,07030004-558,Snowshoe Brook,River/Stream,Kanabec,07030004,-93.239078,46.024751,Specific conductance,Y,0.154,0.154,uS/cm,,,
2013-06-18,S007-151,07030004-558,Snowshoe Brook,River/Stream,Kanabec,07030004,-93.239078,46.024751,pH,Y,7.31,7.31,None,,,
2013-06-18,S007-151,07030004-558,Snowshoe Brook,River/Stream,Kanabec,07030004,-93.239078,46.024751,Dissolved oxygen (DO),Y,8.5,8.50,mg/L,,,
2013-06-18,S007-151,07030004-558,Snowshoe Brook,River/Stream,Kanabec,07030004,-93.239078,46.024751,"Temperature, water",Y,15.69,15.69,deg C,,,
2013-06-06,S007-151,07030004-558,Snowshoe Brook,River/Stream,Kanabec,07030004,-93.239078,46.024751,Escherichia coli,Y,2400,2400,MPN/100mL,1,4,MPN/100mL
2013-06-06,S007-151,07030004-558,Snowshoe Brook,River/Stream,Kanabec,07030004,-93.239078,46.024751,Phosphorus,Y,0.114,0.114,mg/L,5,5,mg/L
2013-06-06,S007-151,07030004-558,Snowshoe Brook,River/Stream,Kanabec,07030004,-93.239078,46.024751,Orthophosphate,Y,0.036,0.036,mg/L,5,2,mg/L
2013-06-06,S007-151,07030004-558,Snowshoe Brook,River/Stream,Kanabec,07030004,-93.239078,46.024751,Distance from/to,Y,11.29,11.29,ft,,,
2013-06-06,S007-151,07030004-558,Snowshoe Brook,River/Stream,Kanabec,07030004,-93.239078,46.024751,"Temperature, water",Y,10.3,10.3,deg C,,,
2013-06-06,S007-151,07030004-558,Snowshoe Brook,River/Stream,Kanabec,07030004,-93.239078,46.024751,Specific conductance,Y,0.092,0.092,uS/cm,,,
2013-06-06,S007-151,07030004-558,Snowshoe Brook,River/Stream,Kanabec,07030004,-93.239078,46.024751,Dissolved oxygen (DO),Y,9.52,9.52,mg/L,,,
2013-06-06,S007-151,07030004-558,Snowshoe Brook,River/Stream,Kanabec,07030004,-93.239078,46.024751,pH,Y,6.78,6.78,None,,,
2013-05-23,S007-151,07030004-558,Snowshoe Brook,River/Stream,Kanabec,07030004,-93.239078,46.024751,Escherichia coli,Y,76,76,MPN/100mL,1,4,MPN/100mL
2013-05-23,S007-151,07030004-558,Snowshoe Brook,River/Stream,Kanabec,07030004,-93.239078,46.024751,Phosphorus,Y,0.071,0.071,mg/L,5,5,mg/L
2013-05-23,S007-151,07030004-558,Snowshoe Brook,River/Stream,Kanabec,07030004,-93.239078,46.024751,Orthophosphate,Y,0.018,0.018,mg/L,5,2,mg/L
2013-05-23,S007-151,07030004-558,Snowshoe Brook,River/Stream,Kanabec,07030004,-93.239078,46.024751,Distance from/to,Y,11.43,11.43,ft,,,
2013-05-23,S007-151,07030004-558,Snowshoe Brook,River/Stream,Kanabec,07030004,-93.239078,46.024751,Specific conductance,Y,0.087,0.087,uS/cm,,,
2013-05-23,S007-151,07030004-558,Snowshoe Brook,River/Stream,Kanabec,07030004,-93.239078,46.024751,pH,Y,6.89,6.89,None,,,
2013-05-23,S007-151,07030004-558,Snowshoe Brook,River/Stream,Kanabec,07030004,-93.239078,46.024751,Dissolved oxygen (DO),Y,10.29,10.29,mg/L,,,
2013-05-23,S007-151,07030004-558,Snowshoe Brook,River/Stream,Kanabec,07030004,-93.239078,46.024751,"Temperature, water",Y,8.27,8.27,deg C,,,
2013-05-09,S007-151,07030004-558,Snowshoe Brook,River/Stream,Kanabec,07030004,-93.239078,46.024751,Escherichia coli,Y,91,91,MPN/100mL,1,4,MPN/100mL
2013-05-09,S007-151,07030004-558,Snowshoe Brook,River/Stream,Kanabec,07030004,-93.239078,46.024751,Phosphorus,Y,0.051,0.051,mg/L,5,5,mg/L
2013-05-09,S007-151,07030004-558,Snowshoe Brook,River/Stream,Kanabec,07030004,-93.239078,46.024751,"Temperature, water",Y,11.5,11.5,deg C,,,
2013-05-09,S007-151,07030004-558,Snowshoe Brook,River/Stream,Kanabec,07030004,-93.239078,46.024751,Specific conductance,Y,0.135,0.135,uS/cm,,,
2013-05-09,S007-151,07030004-558,Snowshoe Brook,River/Stream,Kanabec,07030004,-93.239078,46.024751,Distance from/to,Y,12.91,12.91,ft,,,
2013-05-09,S007-151,07030004-558,Snowshoe Brook,River/Stream,Kanabec,07030004,-93.239078,46.024751,Orthophosphate,Y,0.015,0.015,mg/L,5,2,mg/L
2013-05-09,S007-151,07030004-558,Snowshoe Brook,River/Stream,Kanabec,07030004,-93.239078,46.024751,Dissolved oxygen (DO),Y,9.11,9.11,mg/L,,,
2013-05-09,S007-151,07030004-558,Snowshoe Brook,River/Stream,Kanabec,07030004,-93.239078,46.024751,pH,Y,7.33,7.33,None,,,
2013-04-24,S007-151,07030004-558,Snowshoe Brook,River/Stream,Kanabec,07030004,-93.239078,46.024751,Phosphorus,Y,0.059,0.059,mg/L,5,5,mg/L
2013-04-24,S007-151,07030004-558,Snowshoe Brook,River/Stream,Kanabec,07030004,-93.239078,46.024751,Escherichia coli,Y,3,3,MPN/100mL,1,4,MPN/100mL
2013-04-24,S007-151,07030004-558,Snowshoe Brook,River/Stream,Kanabec,07030004,-93.239078,46.024751,Orthophosphate,Y,0.014,0.014,mg/L,5,2,mg/L
2013-04-24,S007-151,07030004-558,Snowshoe Brook,River/Stream,Kanabec,07030004,-93.239078,46.024751,Dissolved oxygen (DO),Y,13.31,13.31,mg/L,,,
2013-04-24,S007-151,07030004-558,Snowshoe Brook,River/Stream,Kanabec,07030004,-93.239078,46.024751,"Temperature, water",Y,0.89,0.89,deg C,,,
2013-04-24,S007-151,07030004-558,Snowshoe Brook,River/Stream,Kanabec,07030004,-93.239078,46.024751,Specific conductance,Y,0.143,0.143,uS/cm,,,
2013-04-24,S007-151,07030004-558,Snowshoe Brook,River/Stream,Kanabec,07030004,-93.239078,46.024751,pH,Y,7.37,7.37,None,,,
2013-04-24,S007-151,07030004-558,Snowshoe Brook,River/Stream,Kanabec,07030004,-93.239078,46.024751,Distance from/to,Y,12.58,12.58,ft,,,
2013-04-12,S007-151,07030004-558,Snowshoe Brook,River/Stream,Kanabec,07030004,-93.239078,46.024751,Specific conductance,Y,0.14,0.140,uS/cm,,,
2013-04-12,S007-151,07030004-558,Snowshoe Brook,River/Stream,Kanabec,07030004,-93.239078,46.024751,pH,Y,7.29,7.29,None,,,
2013-04-12,S007-151,07030004-558,Snowshoe Brook,River/Stream,Kanabec,07030004,-93.239078,46.024751,Dissolved oxygen (DO),Y,12.75,12.75,mg/L,,,
2013-04-12,S007-151,07030004-558,Snowshoe Brook,River/Stream,Kanabec,07030004,-93.239078,46.024751,"Temperature, water",Y,1.35,1.35,deg C,,,
2013-04-12,S007-151,07030004-558,Snowshoe Brook,River/Stream,Kanabec,07030004,-93.239078,46.024751,Phosphorus,Y,0.103,0.103,mg/L,5,5,mg/L
2013-04-12,S007-151,07030004-558,Snowshoe Brook,River/Stream,Kanabec,07030004,-93.239078,46.024751,Distance from/to,Y,12.86,12.86,ft,,,
2013-04-10,S007-151,07030004-558,Snowshoe Brook,River/Stream,Kanabec,07030004,-93.239078,46.024751,Escherichia coli,Y,5,5,MPN/100mL,1,4,MPN/100mL
2013-04-10,S007-151,07030004-558,Snowshoe Brook,River/Stream,Kanabec,07030004,-93.239078,46.024751,Phosphorus,Y,0.11,0.110,mg/L,5,5,mg/L
2013-04-10,S007-151,07030004-558,Snowshoe Brook,River/Stream,Kanabec,07030004,-93.239078,46.024751,Orthophosphate,Y,0.043,0.043,mg/L,5,2,mg/L
2013-04-10,S007-151,07030004-558,Snowshoe Brook,River/Stream,Kanabec,07030004,-93.239078,46.024751,pH,Y,7.08,7.08,None,,,
2013-04-10,S007-151,07030004-558,Snowshoe Brook,River/Stream,Kanabec,07030004,-93.239078,46.024751,Dissolved oxygen (DO),Y,13.15,13.15,mg/L,,,
2013-04-10,S007-151,07030004-558,Snowshoe Brook,River/Stream,Kanabec,07030004,-93.239078,46.024751,Specific conductance,Y,0.123,0.123,uS/cm,,,
2013-04-10,S007-151,07030004-558,Snowshoe Brook,River/Stream,Kanabec,07030004,-93.239078,46.024751,"Temperature, water",Y,0.11,0.11,deg C,,,
2013-04-10,S007-151,07030004-558,Snowshoe Brook,River/Stream,Kanabec,07030004,-93.239078,46.024751,Distance from/to,Y,12.65,12.65,ft,,,
2013-04-09,S007-151,07030004-558,Snowshoe Brook,River/Stream,Kanabec,07030004,-93.239078,46.024751,Dissolved oxygen (DO),Y,13.17,13.17,mg/L,,,
2013-04-09,S007-151,07030004-558,Snowshoe Brook,River/Stream,Kanabec,07030004,-93.239078,46.024751,pH,Y,7.08,7.08,None,,,
2013-04-09,S007-151,07030004-558,Snowshoe Brook,River/Stream,Kanabec,07030004,-93.239078,46.024751,Specific conductance,Y,0.118,0.118,uS/cm,,,
2013-04-09,S007-151,07030004-558,Snowshoe Brook,River/Stream,Kanabec,07030004,-93.239078,46.024751,"Temperature, water",Y,0.19,0.19,deg C,,,
2013-04-09,S007-151,07030004-558,Snowshoe Brook,River/Stream,Kanabec,07030004,-93.239078,46.024751,Distance from/to,Y,12.55,12.55,ft,,,
2013-04-09,S007-151,07030004-558,Snowshoe Brook,River/Stream,Kanabec,07030004,-93.239078,46.024751,Orthophosphate,Y,0.057,0.057,mg/L,5,2,mg/L
2013-04-09,S007-151,07030004-558,Snowshoe Brook,River/Stream,Kanabec,07030004,-93.239078,46.024751,Phosphorus,Y,0.127,0.127,mg/L,5,5,mg/L
2013-04-03,S007-151,07030004-558,Snowshoe Brook,River/Stream,Kanabec,07030004,-93.239078,46.024751,Dissolved oxygen (DO),Y,11.16,11.16,mg/L,,,
2013-04-03,S007-151,07030004-558,Snowshoe Brook,River/Stream,Kanabec,07030004,-93.239078,46.024751,pH,Y,6.81,6.81,None,,,
2013-04-03,S007-151,07030004-558,Snowshoe Brook,River/Stream,Kanabec,07030004,-93.239078,46.024751,Specific conductance,Y,0.141,0.141,uS/cm,,,
2013-04-03,S007-151,07030004-558,Snowshoe Brook,River/Stream,Kanabec,07030004,-93.239078,46.024751,Distance from/to,Y,12.5,12.5,ft,,,
2013-04-03,S007-151,07030004-558,Snowshoe Brook,River/Stream,Kanabec,07030004,-93.239078,46.024751,Orthophosphate,Y,0.315,0.315,mg/L,5,2,mg/L
2013-04-03,S007-151,07030004-558,Snowshoe Brook,River/Stream,Kanabec,07030004,-93.239078,46.024751,Phosphorus,Y,0.435,0.435,mg/L,5,5,mg/L
2013-04-03,S007-151,07030004-558,Snowshoe Brook,River/Stream,Kanabec,07030004,-93.239078,46.024751,"Temperature, water",Y,1.15,1.15,deg C,,,
2012-10-23,S007-151,07030004-558,Snowshoe Brook,River/Stream,Kanabec,07030004,-93.239078,46.024751,Escherichia coli,Y,3,3,MPN/100mL,1,4,MPN/100mL
2012-10-23,S007-151,07030004-558,Snowshoe Brook,River/Stream,Kanabec,07030004,-93.239078,46.024751,Distance from/to,Y,13.1,13.1,ft,,,
2012-10-23,S007-151,07030004-558,Snowshoe Brook,River/Stream,Kanabec,07030004,-93.239078,46.024751,Orthophosphate,Y,0.003,0.003,mg/L,5,2,mg/L
2012-10-23,S007-151,07030004-558,Snowshoe Brook,River/Stream,Kanabec,07030004,-93.239078,46.024751,"Temperature, water",Y,8.27,8.27,deg C,,,
2012-10-23,S007-151,07030004-558,Snowshoe Brook,River/Stream,Kanabec,07030004,-93.239078,46.024751,Dissolved oxygen (DO),Y,8.58,8.58,mg/L,,,
2012-10-23,S007-151,07030004-558,Snowshoe Brook,River/Stream,Kanabec,07030004,-93.239078,46.024751,pH,Y,7.65,7.65,None,,,
2012-10-23,S007-151,07030004-558,Snowshoe Brook,River/Stream,Kanabec,07030004,-93.239078,46.024751,Specific conductance,Y,0.269,0.269,uS/cm,,,
2012-10-23,S007-151,07030004-558,Snowshoe Brook,River/Stream,Kanabec,07030004,-93.239078,46.024751,Phosphorus,Y,0.019,0.019,mg/L,5,5,mg/L
2012-10-11,S007-151,07030004-558,Snowshoe Brook,River/Stream,Kanabec,07030004,-93.239078,46.024751,Orthophosphate,Y,0.003,0.003,mg/L,5,2,mg/L
2012-10-11,S007-151,07030004-558,Snowshoe Brook,River/Stream,Kanabec,07030004,-93.239078,46.024751,Phosphorus,Y,0.013,0.013,mg/L,5,5,mg/L
2012-10-11,S007-151,07030004-558,Snowshoe Brook,River/Stream,Kanabec,07030004,-93.239078,46.024751,Escherichia coli,Y,5,5,MPN/100mL,1,4,MPN/100mL
2012-10-11,S007-151,07030004-558,Snowshoe Brook,River/Stream,Kanabec,07030004,-93.239078,46.024751,Dissolved oxygen (DO),Y,10,10.00,mg/L,,,
2012-10-11,S007-151,07030004-558,Snowshoe Brook,River/Stream,Kanabec,07030004,-93.239078,46.024751,pH,Y,7.71,7.71,None,,,
2012-10-11,S007-151,07030004-558,Snowshoe Brook,River/Stream,Kanabec,07030004,-93.239078,46.024751,Specific conductance,Y,0.273,0.273,uS/cm,,,
2012-10-11,S007-151,07030004-558,Snowshoe Brook,River/Stream,Kanabec,07030004,-93.239078,46.024751,"Temperature, water",Y,5.48,5.48,deg C,,,
2012-10-11,S007-151,07030004-558,Snowshoe Brook,River/Stream,Kanabec,07030004,-93.239078,46.024751,Distance from/to,Y,13.14,13.14,ft,,,
2012-09-25,S007-151,07030004-558,Snowshoe Brook,River/Stream,Kanabec,07030004,-93.239078,46.024751,Escherichia coli,Y,10,10,MPN/100mL,1,4,MPN/100mL
2012-09-25,S007-151,07030004-558,Snowshoe Brook,River/Stream,Kanabec,07030004,-93.239078,46.024751,Phosphorus,Y,0.018,0.018,mg/L,5,5,mg/L
2012-09-25,S007-151,07030004-558,Snowshoe Brook,River/Stream,Kanabec,07030004,-93.239078,46.024751,Orthophosphate,Y,0.004,0.004,mg/L,5,2,mg/L
2012-09-25,S007-151,07030004-558,Snowshoe Brook,River/Stream,Kanabec,07030004,-93.239078,46.024751,Distance from/to,Y,13.3,13.3,ft,,,
2012-09-25,S007-151,07030004-558,Snowshoe Brook,River/Stream,Kanabec,07030004,-93.239078,46.024751,Specific conductance,Y,0.274,0.274,uS/cm,,,
2012-09-25,S007-151,07030004-558,Snowshoe Brook,River/Stream,Kanabec,07030004,-93.239078,46.024751,pH,Y,7.64,7.64,None,,,
2012-09-25,S007-151,07030004-558,Snowshoe Brook,River/Stream,Kanabec,07030004,-93.239078,46.024751,Dissolved oxygen (DO),Y,9.17,9.17,mg/L,,,
2012-09-25,S007-151,07030004-558,Snowshoe Brook,River/Stream,Kanabec,07030004,-93.239078,46.024751,"Temperature, water",Y,7.46,7.46,deg C,,,
2012-09-11,S007-151,07030004-558,Snowshoe Brook,River/Stream,Kanabec,07030004,-93.239078,46.024751,Escherichia coli,Y,42,42,MPN/100mL,1,4,MPN/100mL
2012-09-11,S007-151,07030004-558,Snowshoe Brook,River/Stream,Kanabec,07030004,-93.239078,46.024751,Phosphorus,Y,0.016,0.016,mg/L,5,5,mg/L
2012-09-11,S007-151,07030004-558,Snowshoe Brook,River/Stream,Kanabec,07030004,-93.239078,46.024751,Orthophosphate,Y,0.007,0.007,mg/L,5,2,mg/L
2012-09-11,S007-151,07030004-558,Snowshoe Brook,River/Stream,Kanabec,07030004,-93.239078,46.024751,Distance from/to,Y,13.28,13.28,ft,,,
2012-09-11,S007-151,07030004-558,Snowshoe Brook,River/Stream,Kanabec,07030004,-93.239078,46.024751,"Temperature, water",Y,11.97,11.97,deg C,,,
2012-09-11,S007-151,07030004-558,Snowshoe Brook,River/Stream,Kanabec,07030004,-93.239078,46.024751,Specific conductance,Y,0.273,0.273,uS/cm,,,
2012-09-11,S007-151,07030004-558,Snowshoe Brook,River/Stream,Kanabec,07030004,-93.239078,46.024751,Dissolved oxygen (DO),Y,9.24,9.24,mg/L,,,
2012-09-11,S007-151,07030004-558,Snowshoe Brook,River/Stream,Kanabec,07030004,-93.239078,46.024751,pH,Y,7.67,7.67,None,,,
2012-08-28,S007-151,07030004-558,Snowshoe Brook,River/Stream,Kanabec,07030004,-93.239078,46.024751,Escherichia coli,Y,37,37,MPN/100mL,1,4,MPN/100mL
2012-08-28,S007-151,07030004-558,Snowshoe Brook,River/Stream,Kanabec,07030004,-93.239078,46.024751,Phosphorus,Y,0.015,0.015,mg/L,5,5,mg/L
2012-08-28,S007-151,07030004-558,Snowshoe Brook,River/Stream,Kanabec,07030004,-93.239078,46.024751,Orthophosphate,Y,0.012,0.012,mg/L,5,2,mg/L
2012-08-28,S007-151,07030004-558,Snowshoe Brook,River/Stream,Kanabec,07030004,-93.239078,46.024751,Distance from/to,Y,13.28,13.28,ft,,,
2012-08-28,S007-151,07030004-558,Snowshoe Brook,River/Stream,Kanabec,07030004,-93.239078,46.024751,Specific conductance,Y,0.271,0.271,uS/cm,,,
2012-08-28,S007-151,07030004-558,Snowshoe Brook,River/Stream,Kanabec,07030004,-93.239078,46.024751,pH,Y,7.56,7.56,None,,,
2012-08-28,S007-151,07030004-558,Snowshoe Brook,River/Stream,Kanabec,07030004,-93.239078,46.024751,Dissolved oxygen (DO),Y,8.72,8.72,mg/L,,,
2012-08-28,S007-151,07030004-558,Snowshoe Brook,River/Stream,Kanabec,07030004,-93.239078,46.024751,"Temperature, water",Y,13.13,13.13,deg C,,,
2012-08-14,S007-151,07030004-558,Snowshoe Brook,River/Stream,Kanabec,07030004,-93.239078,46.024751,Escherichia coli,Y,20,20,MPN/100mL,1,4,MPN/100mL
2012-08-14,S007-151,07030004-558,Snowshoe Brook,River/Stream,Kanabec,07030004,-93.239078,46.024751,Phosphorus,Y,0.022,0.022,mg/L,5,5,mg/L
2012-08-14,S007-151,07030004-558,Snowshoe Brook,River/Stream,Kanabec,07030004,-93.239078,46.024751,Orthophosphate,Y,0.004,0.004,mg/L,5,2,mg/L
2012-08-14,S007-151,07030004-558,Snowshoe Brook,River/Stream,Kanabec,07030004,-93.239078,46.024751,"Temperature, water",Y,13.69,13.69,deg C,,,
2012-08-14,S007-151,07030004-558,Snowshoe Brook,River/Stream,Kanabec,07030004,-93.239078,46.024751,Specific conductance,Y,0.255,0.255,uS/cm,,,
2012-08-14,S007-151,07030004-558,Snowshoe Brook,River/Stream,Kanabec,07030004,-93.239078,46.024751,pH,Y,7.57,7.57,None,,,
2012-08-14,S007-151,07030004-558,Snowshoe Brook,River/Stream,Kanabec,07030004,-93.239078,46.024751,Dissolved oxygen (DO),Y,9.26,9.26,mg/L,,,
2012-08-14,S007-151,07030004-558,Snowshoe Brook,River/Stream,Kanabec,07030004,-93.239078,46.024751,Distance from/to,Y,13.28,13.28,ft,,,
2012-07-31,S007-151,07030004-558,Snowshoe Brook,River/Stream,Kanabec,07030004,-93.239078,46.024751,Escherichia coli,Y,60,60,MPN/100mL,1,4,MPN/100mL
2012-07-31,S007-151,07030004-558,Snowshoe Brook,River/Stream,Kanabec,07030004,-93.239078,46.024751,"Temperature, water",Y,18.02,18.02,deg C,,,
2012-07-31,S007-151,07030004-558,Snowshoe Brook,River/Stream,Kanabec,07030004,-93.239078,46.024751,Orthophosphate,Y,0.016,0.016,mg/L,5,2,mg/L
2012-07-31,S007-151,07030004-558,Snowshoe Brook,River/Stream,Kanabec,07030004,-93.239078,46.024751,Phosphorus,Y,0.057,0.057,mg/L,5,5,mg/L
2012-07-31,S007-151,07030004-558,Snowshoe Brook,River/Stream,Kanabec,07030004,-93.239078,46.024751,Specific conductance,Y,0.229,0.229,uS/cm,,,
2012-07-31,S007-151,07030004-558,Snowshoe Brook,River/Stream,Kanabec,07030004,-93.239078,46.024751,Dissolved oxygen (DO),Y,8.31,8.31,mg/L,,,
2012-07-31,S007-151,07030004-558,Snowshoe Brook,River/Stream,Kanabec,07030004,-93.239078,46.024751,Distance from/to,Y,13.22,13.22,ft,,,
2012-07-31,S007-151,07030004-558,Snowshoe Brook,River/Stream,Kanabec,07030004,-93.239078,46.024751,pH,Y,7.42,7.42,None,,,
2012-07-16,S007-151,07030004-558,Snowshoe Brook,River/Stream,Kanabec,07030004,-93.239078,46.024751,"Temperature, water",Y,19.44,19.44,deg C,,,
2012-07-16,S007-151,07030004-558,Snowshoe Brook,River/Stream,Kanabec,07030004,-93.239078,46.024751,Dissolved oxygen (DO),Y,10.82,10.82,mg/L,,,
2012-07-16,S007-151,07030004-558,Snowshoe Brook,River/Stream,Kanabec,07030004,-93.239078,46.024751,pH,Y,7.61,7.61,None,,,
2012-07-16,S007-151,07030004-558,Snowshoe Brook,River/Stream,Kanabec,07030004,-93.239078,46.024751,Specific conductance,Y,0.254,0.254,uS/cm,,,
2012-07-16,S007-151,07030004-558,Snowshoe Brook,River/Stream,Kanabec,07030004,-93.239078,46.024751,Distance from/to,Y,13.22,13.22,ft,,,
2012-07-16,S007-151,07030004-558,Snowshoe Brook,River/Stream,Kanabec,07030004,-93.239078,46.024751,Escherichia coli,Y,86,86,MPN/100mL,1,4,MPN/100mL
2012-07-16,S007-151,07030004-558,Snowshoe Brook,River/Stream,Kanabec,07030004,-93.239078,46.024751,Phosphorus,Y,0.034,0.034,mg/L,5,5,mg/L
2012-07-16,S007-151,07030004-558,Snowshoe Brook,River/Stream,Kanabec,07030004,-93.239078,46.024751,Orthophosphate,Y,0.005,0.005,mg/L,5,2,mg/L
2012-07-03,S007-151,07030004-558,Snowshoe Brook,River/Stream,Kanabec,07030004,-93.239078,46.024751,Escherichia coli,Y,78,78,MPN/100mL,1,4,MPN/100mL
2012-07-03,S007-151,07030004-558,Snowshoe Brook,River/Stream,Kanabec,07030004,-93.239078,46.024751,Phosphorus,Y,0.086,0.086,mg/L,5,5,mg/L
2012-07-03,S007-151,07030004-558,Snowshoe Brook,River/Stream,Kanabec,07030004,-93.239078,46.024751,Orthophosphate,Y,0.027,0.027,mg/L,5,2,mg/L
2012-07-03,S007-151,07030004-558,Snowshoe Brook,River/Stream,Kanabec,07030004,-93.239078,46.024751,Distance from/to,Y,13.02,13.02,ft,,,
2012-07-03,S007-151,07030004-558,Snowshoe Brook,River/Stream,Kanabec,07030004,-93.239078,46.024751,Specific conductance,Y,0.197,0.197,uS/cm,,,
2012-07-03,S007-151,07030004-558,Snowshoe Brook,River/Stream,Kanabec,07030004,-93.239078,46.024751,pH,Y,7.32,7.32,None,,,
2012-07-03,S007-151,07030004-558,Snowshoe Brook,River/Stream,Kanabec,07030004,-93.239078,46.024751,Dissolved oxygen (DO),Y,8.3,8.30,mg/L,,,
2012-07-03,S007-151,07030004-558,Snowshoe Brook,River/Stream,Kanabec,07030004,-93.239078,46.024751,"Temperature, water",Y,20.11,20.11,deg C,,,
2012-06-19,S007-151,07030004-558,Snowshoe Brook,River/Stream,Kanabec,07030004,-93.239078,46.024751,Phosphorus,Y,0.095,0.095,mg/L,5,5,mg/L
2012-06-19,S007-151,07030004-558,Snowshoe Brook,River/Stream,Kanabec,07030004,-93.239078,46.024751,Orthophosphate,Y,0.036,0.036,mg/L,5,2,mg/L
2012-06-19,S007-151,07030004-558,Snowshoe Brook,River/Stream,Kanabec,07030004,-93.239078,46.024751,Distance from/to,Y,12.49,12.49,ft,,,
2012-06-19,S007-151,07030004-558,Snowshoe Brook,River/Stream,Kanabec,07030004,-93.239078,46.024751,Escherichia coli,Y,140,140,MPN/100mL,1,4,MPN/100mL
2012-06-19,S007-151,07030004-558,Snowshoe Brook,River/Stream,Kanabec,07030004,-93.239078,46.024751,Specific conductance,Y,0.122,0.122,uS/cm,,,
2012-06-19,S007-151,07030004-558,Snowshoe Brook,River/Stream,Kanabec,07030004,-93.239078,46.024751,pH,Y,7.27,7.27,None,,,
2012-06-19,S007-151,07030004-558,Snowshoe Brook,River/Stream,Kanabec,07030004,-93.239078,46.024751,Dissolved oxygen (DO),Y,7.6,7.60,mg/L,,,
2012-06-19,S007-151,07030004-558,Snowshoe Brook,River/Stream,Kanabec,07030004,-93.239078,46.024751,"Temperature, water",Y,17.87,17.87,deg C,,,
2012-06-06,S007-151,07030004-558,Snowshoe Brook,River/Stream,Kanabec,07030004,-93.239078,46.024751,Escherichia coli,Y,18,18,MPN/100mL,1,4,MPN/100mL
2012-06-06,S007-151,07030004-558,Snowshoe Brook,River/Stream,Kanabec,07030004,-93.239078,46.024751,Phosphorus,Y,0.079,0.079,mg/L,5,5,mg/L
2012-06-06,S007-151,07030004-558,Snowshoe Brook,River/Stream,Kanabec,07030004,-93.239078,46.024751,Orthophosphate,Y,0.023,0.023,mg/L,5,2,mg/L
2012-06-06,S007-151,07030004-558,Snowshoe Brook,River/Stream,Kanabec,07030004,-93.239078,46.024751,Distance from/to,Y,12.9,12.9,ft,,,
2012-06-06,S007-151,07030004-558,Snowshoe Brook,River/Stream,Kanabec,07030004,-93.239078,46.024751,"Temperature, water",Y,18,18.00,deg C,,,
2012-06-06,S007-151,07030004-558,Snowshoe Brook,River/Stream,Kanabec,07030004,-93.239078,46.024751,Specific conductance,Y,0.14,0.140,uS/cm,,,
2012-06-06,S007-151,07030004-558,Snowshoe Brook,River/Stream,Kanabec,07030004,-93.239078,46.024751,Dissolved oxygen (DO),Y,7.42,7.42,mg/L,,,
2012-06-06,S007-151,07030004-558,Snowshoe Brook,River/Stream,Kanabec,07030004,-93.239078,46.024751,pH,Y,7.19,7.19,None,,,
2024-08-29,S007-152,07030004-509,Hay Creek,River/Stream,Kanabec,07030004,-93.277739,46.130922,Iron,Y,5640,5640,ug/L,40,11,ug/L
2024-08-29,S007-152,07030004-509,Hay Creek,River/Stream,Kanabec,07030004,-93.277739,46.130922,Phosphorus,Y,0.162,0.162,mg/L,0.003,0.003,mg/L
2024-07-18,S007-152,07030004-509,Hay Creek,River/Stream,Kanabec,07030004,-93.277739,46.130922,"Temperature, water",Y,20.8,20.8,deg C,,,
2024-07-18,S007-152,07030004-509,Hay Creek,River/Stream,Kanabec,07030004,-93.277739,46.130922,Iron,Y,4840,4840,ug/L,20,5.49,ug/L
2024-07-18,S007-152,07030004-509,Hay Creek,River/Stream,Kanabec,07030004,-93.277739,46.130922,Dissolved oxygen (DO),Y,0.6,0.60,mg/L,,,
2024-07-18,S007-152,07030004-509,Hay Creek,River/Stream,Kanabec,07030004,-93.277739,46.130922,Specific conductance,Y,176.3,176.3,uS/cm,,,
2024-07-18,S007-152,07030004-509,Hay Creek,River/Stream,Kanabec,07030004,-93.277739,46.130922,Phosphorus,Y,0.165,0.165,mg/L,0.003,0.003,mg/L
2024-06-26,S007-152,07030004-509,Hay Creek,River/Stream,Kanabec,07030004,-93.277739,46.130922,Iron,Y,4750,4750,ug/L,20,5.49,ug/L
2024-06-26,S007-152,07030004-509,Hay Creek,River/Stream,Kanabec,07030004,-93.277739,46.130922,Dissolved oxygen (DO),Y,0.45,0.45,mg/L,,,
2024-06-26,S007-152,07030004-509,Hay Creek,River/Stream,Kanabec,07030004,-93.277739,46.130922,Specific conductance,Y,132.6,132.6,uS/cm,,,
2024-06-26,S007-152,07030004-509,Hay Creek,River/Stream,Kanabec,07030004,-93.277739,46.130922,"Temperature, water",Y,23,23.0,deg C,,,
2024-06-26,S007-152,07030004-509,Hay Creek,River/Stream,Kanabec,07030004,-93.277739,46.130922,Phosphorus,Y,0.172,0.172,mg/L,0.003,0.003,mg/L
2023-11-16,S007-152,07030004-509,Hay Creek,River/Stream,Kanabec,07030004,-93.277739,46.130922,Phosphorus,Y,0.063,0.063,mg/L,0.003,0.003,mg/L
2023-11-16,S007-152,07030004-509,Hay Creek,River/Stream,Kanabec,07030004,-93.277739,46.130922,Iron,Y,1320,1320,ug/L,20,5.49,ug/L
2023-11-16,S007-152,07030004-509,Hay Creek,River/Stream,Kanabec,07030004,-93.277739,46.130922,"Temperature, water",Y,5,5.0,deg C,,,
2023-11-16,S007-152,07030004-509,Hay Creek,River/Stream,Kanabec,07030004,-93.277739,46.130922,Specific conductance,Y,183,183.0,uS/cm,,,
2023-11-16,S007-152,07030004-509,Hay Creek,River/Stream,Kanabec,07030004,-93.277739,46.130922,Dissolved oxygen (DO),Y,8.03,8.03,mg/L,,,
2023-08-02,S007-152,07030004-509,Hay Creek,River/Stream,Kanabec,07030004,-93.277739,46.130922,Dissolved oxygen (DO),Y,1.79,1.79,mg/L,,,
2023-08-02,S007-152,07030004-509,Hay Creek,River/Stream,Kanabec,07030004,-93.277739,46.130922,Specific conductance,Y,156.8,156.8,uS/cm,,,
2023-08-02,S007-152,07030004-509,Hay Creek,River/Stream,Kanabec,07030004,-93.277739,46.130922,Iron,Y,1590,1590,ug/L,20,5.49,ug/L
2023-08-02,S007-152,07030004-509,Hay Creek,River/Stream,Kanabec,07030004,-93.277739,46.130922,"Temperature, water",Y,21.4,21.4,deg C,,,
2022-06-16,S007-152,07030004-509,Hay Creek,River/Stream,Kanabec,07030004,-93.277739,46.130922,Iron,Y,1600,1600,ug/L,20,4.72,ug/L
2022-06-16,S007-152,07030004-509,Hay Creek,River/Stream,Kanabec,07030004,-93.277739,46.130922,Phosphorus,Y,0.066,0.066,mg/L,0.005,,mg/L
2022-06-16,S007-152,07030004-509,Hay Creek,River/Stream,Kanabec,07030004,-93.277739,46.130922,Dissolved oxygen (DO),Y,3.55,3.55,mg/L,,,
2022-06-16,S007-152,07030004-509,Hay Creek,River/Stream,Kanabec,07030004,-93.277739,46.130922,Specific conductance,Y,126,126,uS/cm,,,
2022-06-16,S007-152,07030004-509,Hay Creek,River/Stream,Kanabec,07030004,-93.277739,46.130922,"Temperature, water",Y,20.1,20.1,deg C,,,
2017-09-26,S007-152,07030004-509,Hay Creek,River/Stream,Kanabec,07030004,-93.277739,46.130922,pH,Y,6.66,6.66,None,,,
2017-09-26,S007-152,07030004-509,Hay Creek,River/Stream,Kanabec,07030004,-93.277739,46.130922,Specific conductance,Y,116.7,116.7,uS/cm,,,
2017-09-26,S007-152,07030004-509,Hay Creek,River/Stream,Kanabec,07030004,-93.277739,46.130922,Dissolved oxygen (DO),Y,0.64,0.64,mg/L,,,
2017-09-26,S007-152,07030004-509,Hay Creek,River/Stream,Kanabec,07030004,-93.277739,46.130922,Orthophosphate,Y,0.032,0.032,mg/L,0.003,0.001,mg/L
2017-09-26,S007-152,07030004-509,Hay Creek,River/Stream,Kanabec,07030004,-93.277739,46.130922,Kjeldahl nitrogen,Y,0.884,0.884,mg/L,0.3,0.081,mg/L
2017-09-26,S007-152,07030004-509,Hay Creek,River/Stream,Kanabec,07030004,-93.277739,46.130922,Phosphorus,Y,0.075,0.075,mg/L,0.003,0.001,mg/L
2017-09-26,S007-152,07030004-509,Hay Creek,River/Stream,Kanabec,07030004,-93.277739,46.130922,"Temperature, water",Y,17,17.00,deg C,,,
2017-09-20,S007-152,07030004-509,Hay Creek,River/Stream,Kanabec,07030004,-93.277739,46.130922,"Temperature, water",Y,18,18.00,deg C,,,
2017-09-20,S007-152,07030004-509,Hay Creek,River/Stream,Kanabec,07030004,-93.277739,46.130922,Specific conductance,Y,130.6,130.6,uS/cm,,,
2017-09-20,S007-152,07030004-509,Hay Creek,River/Stream,Kanabec,07030004,-93.277739,46.130922,pH,Y,6.61,6.61,None,,,
2017-09-20,S007-152,07030004-509,Hay Creek,River/Stream,Kanabec,07030004,-93.277739,46.130922,Phosphorus,Y,0.096,0.096,mg/L,0.003,0.001,mg/L
2017-09-20,S007-152,07030004-509,Hay Creek,River/Stream,Kanabec,07030004,-93.277739,46.130922,Orthophosphate,Y,0.034,0.034,mg/L,0.003,0.001,mg/L
2017-09-20,S007-152,07030004-509,Hay Creek,River/Stream,Kanabec,07030004,-93.277739,46.130922,Dissolved oxygen (DO),Y,1.14,1.14,mg/L,,,
2017-09-20,S007-152,07030004-509,Hay Creek,River/Stream,Kanabec,07030004,-93.277739,46.130922,Kjeldahl nitrogen,Y,0.905,0.905,mg/L,0.3,0.081,mg/L
2017-09-11,S007-152,07030004-509,Hay Creek,River/Stream,Kanabec,07030004,-93.277739,46.130922,Phosphorus,Y,0.066,0.066,mg/L,0.003,0.001,mg/L
2017-09-11,S007-152,07030004-509,Hay Creek,River/Stream,Kanabec,07030004,-93.277739,46.130922,Orthophosphate,Y,0.024,0.024,mg/L,0.003,0.001,mg/L
2017-09-11,S007-152,07030004-509,Hay Creek,River/Stream,Kanabec,07030004,-93.277739,46.130922,Kjeldahl nitrogen,Y,0.838,0.838,mg/L,0.3,0.0811,mg/L
2017-09-11,S007-152,07030004-509,Hay Creek,River/Stream,Kanabec,07030004,-93.277739,46.130922,"Temperature, water",Y,16.4,16.40,deg C,,,
2017-09-11,S007-152,07030004-509,Hay Creek,River/Stream,Kanabec,07030004,-93.277739,46.130922,Specific conductance,Y,122.3,122.3,uS/cm,,,
2017-09-11,S007-152,07030004-509,Hay Creek,River/Stream,Kanabec,07030004,-93.277739,46.130922,Dissolved oxygen (DO),Y,0.38,0.38,mg/L,,,
2017-09-11,S007-152,07030004-509,Hay Creek,River/Stream,Kanabec,07030004,-93.277739,46.130922,pH,Y,6.6,6.60,None,,,
2017-08-29,S007-152,07030004-509,Hay Creek,River/Stream,Kanabec,07030004,-93.277739,46.130922,Phosphorus,Y,0.051,0.051,mg/L,0.003,0.001,mg/L
2017-08-29,S007-152,07030004-509,Hay Creek,River/Stream,Kanabec,07030004,-93.277739,46.130922,Orthophosphate,Y,0.022,0.022,mg/L,0.003,0.001,mg/L
2017-08-29,S007-152,07030004-509,Hay Creek,River/Stream,Kanabec,07030004,-93.277739,46.130922,Kjeldahl nitrogen,Y,0.879,0.879,mg/L,0.3,0.0811,mg/L
2017-08-29,S007-152,07030004-509,Hay Creek,River/Stream,Kanabec,07030004,-93.277739,46.130922,Specific conductance,Y,75.6,75.6,uS/cm,,,
2017-08-29,S007-152,07030004-509,Hay Creek,River/Stream,Kanabec,07030004,-93.277739,46.130922,"Temperature, water",Y,16.9,16.90,deg C,,,
2017-08-29,S007-152,07030004-509,Hay Creek,River/Stream,Kanabec,07030004,-93.277739,46.130922,Dissolved oxygen (DO),Y,0.82,0.82,mg/L,,,
2017-08-29,S007-152,07030004-509,Hay Creek,River/Stream,Kanabec,07030004,-93.277739,46.130922,pH,Y,6.66,6.66,None,,,
2017-08-29,S007-152,07030004-509,Hay Creek,River/Stream,Kanabec,07030004,-93.277739,46.130922,Phosphorus,Y,0.052,0.052,mg/L,0.003,0.001,mg/L
2017-08-29,S007-152,07030004-509,Hay Creek,River/Stream,Kanabec,07030004,-93.277739,46.130922,Kjeldahl nitrogen,Y,0.919,0.919,mg/L,0.3,0.0811,mg/L
2017-08-29,S007-152,07030004-509,Hay Creek,River/Stream,Kanabec,07030004,-93.277739,46.130922,Orthophosphate,Y,0.022,0.022,mg/L,0.003,0.001,mg/L
2017-07-25,S007-152,07030004-509,Hay Creek,River/Stream,Kanabec,07030004,-93.277739,46.130922,Orthophosphate,Y,0.07,0.07,mg/L,0.003,0.001,mg/L
2017-07-25,S007-152,07030004-509,Hay Creek,River/Stream,Kanabec,07030004,-93.277739,46.130922,Phosphorus,Y,0.196,0.196,mg/L,0.003,0.001,mg/L
2017-07-25,S007-152,07030004-509,Hay Creek,River/Stream,Kanabec,07030004,-93.277739,46.130922,"Temperature, water",Y,21.3,21.30,deg C,,,
2017-07-25,S007-152,07030004-509,Hay Creek,River/Stream,Kanabec,07030004,-93.277739,46.130922,Specific conductance,Y,149.8,149.8,uS/cm,,,
2017-07-25,S007-152,07030004-509,Hay Creek,River/Stream,Kanabec,07030004,-93.277739,46.130922,pH,Y,6.54,6.54,None,,,
2017-07-25,S007-152,07030004-509,Hay Creek,River/Stream,Kanabec,07030004,-93.277739,46.130922,Dissolved oxygen (DO),Y,0.2,0.20,mg/L,,,
2017-07-25,S007-152,07030004-509,Hay Creek,River/Stream,Kanabec,07030004,-93.277739,46.130922,Kjeldahl nitrogen,Y,1.14,1.14,mg/L,0.3,0.059,mg/L
2017-07-11,S007-152,07030004-509,Hay Creek,River/Stream,Kanabec,07030004,-93.277739,46.130922,Specific conductance,Y,133.5,133.5,uS/cm,,,
2017-07-11,S007-152,07030004-509,Hay Creek,River/Stream,Kanabec,07030004,-93.277739,46.130922,pH,Y,6.6,6.60,None,,,
2017-07-11,S007-152,07030004-509,Hay Creek,River/Stream,Kanabec,07030004,-93.277739,46.130922,"Temperature, water",Y,22,22.00,deg C,,,
2017-07-11,S007-152,07030004-509,Hay Creek,River/Stream,Kanabec,07030004,-93.277739,46.130922,Phosphorus,Y,0.206,0.206,mg/L,0.003,0.001,mg/L
2017-07-11,S007-152,07030004-509,Hay Creek,River/Stream,Kanabec,07030004,-93.277739,46.130922,Orthophosphate,Y,0.048,0.048,mg/L,0.003,0.001,mg/L
2017-07-11,S007-152,07030004-509,Hay Creek,River/Stream,Kanabec,07030004,-93.277739,46.130922,Kjeldahl nitrogen,Y,1.15,1.15,mg/L,0.3,0.059,mg/L
2017-07-11,S007-152,07030004-509,Hay Creek,River/Stream,Kanabec,07030004,-93.277739,46.130922,Dissolved oxygen (DO),Y,0.15,0.15,mg/L,,,
2017-06-28,S007-152,07030004-509,Hay Creek,River/Stream,Kanabec,07030004,-93.277739,46.130922,"Temperature, water",Y,19.26,19.26,deg C,,,
2017-06-28,S007-152,07030004-509,Hay Creek,River/Stream,Kanabec,07030004,-93.277739,46.130922,Specific conductance,Y,119,119,uS/cm,,,
2017-06-28,S007-152,07030004-509,Hay Creek,River/Stream,Kanabec,07030004,-93.277739,46.130922,pH,Y,7.65,7.65,None,,,
2017-06-28,S007-152,07030004-509,Hay Creek,River/Stream,Kanabec,07030004,-93.277739,46.130922,Phosphorus,Y,0.095,0.095,mg/L,0.003,0.001,mg/L
2017-06-28,S007-152,07030004-509,Hay Creek,River/Stream,Kanabec,07030004,-93.277739,46.130922,Dissolved oxygen (DO),Y,1.26,1.26,mg/L,,,
2017-06-28,S007-152,07030004-509,Hay Creek,River/Stream,Kanabec,07030004,-93.277739,46.130922,Kjeldahl nitrogen,Y,0.805,0.805,mg/L,0.3,0.059,mg/L
2017-06-28,S007-152,07030004-509,Hay Creek,River/Stream,Kanabec,07030004,-93.277739,46.130922,Orthophosphate,Y,0.04,0.04,mg/L,0.003,0.001,mg/L
2017-06-14,S007-152,07030004-509,Hay Creek,River/Stream,Kanabec,07030004,-93.277739,46.130922,Orthophosphate,Y,0.053,0.053,mg/L,0.003,0.001,mg/L
2017-06-14,S007-152,07030004-509,Hay Creek,River/Stream,Kanabec,07030004,-93.277739,46.130922,Kjeldahl nitrogen,Y,0.879,0.879,mg/L,0.3,0.059,mg/L
2017-06-14,S007-152,07030004-509,Hay Creek,River/Stream,Kanabec,07030004,-93.277739,46.130922,Phosphorus,Y,0.126,0.126,mg/L,0.003,0.001,mg/L
2017-05-31,S007-152,07030004-509,Hay Creek,River/Stream,Kanabec,07030004,-93.277739,46.130922,"Temperature, water",Y,13.3,13.30,deg C,,,
2017-05-31,S007-152,07030004-509,Hay Creek,River/Stream,Kanabec,07030004,-93.277739,46.130922,Kjeldahl nitrogen,Y,0.647,0.647,mg/L,0.3,0.059,mg/L
2017-05-31,S007-152,07030004-509,Hay Creek,River/Stream,Kanabec,07030004,-93.277739,46.130922,Orthophosphate,Y,0.013,0.013,mg/L,0.003,0.001,mg/L
2017-05-31,S007-152,07030004-509,Hay Creek,River/Stream,Kanabec,07030004,-93.277739,46.130922,Phosphorus,Y,0.04,0.04,mg/L,0.003,0.001,mg/L
2017-05-31,S007-152,07030004-509,Hay Creek,River/Stream,Kanabec,07030004,-93.277739,46.130922,Dissolved oxygen (DO),Y,4.61,4.61,mg/L,,,
2017-05-31,S007-152,07030004-509,Hay Creek,River/Stream,Kanabec,07030004,-93.277739,46.130922,Specific conductance,Y,76.4,76.4,uS/cm,,,
2017-05-17,S007-152,07030004-509,Hay Creek,River/Stream,Kanabec,07030004,-93.277739,46.130922,Kjeldahl nitrogen,Y,0.83,0.83,mg/L,0.3,0.059,mg/L
2017-05-17,S007-152,07030004-509,Hay Creek,River/Stream,Kanabec,07030004,-93.277739,46.130922,Orthophosphate,Y,0.018,0.018,mg/L,0.003,0.001,mg/L
2017-05-17,S007-152,07030004-509,Hay Creek,River/Stream,Kanabec,07030004,-93.277739,46.130922,Phosphorus,Y,0.055,0.055,mg/L,0.003,0.001,mg/L
2017-05-17,S007-152,07030004-509,Hay Creek,River/Stream,Kanabec,07030004,-93.277739,46.130922,Dissolved oxygen (DO),Y,2.44,2.44,mg/L,,,
2017-05-17,S007-152,07030004-509,Hay Creek,River/Stream,Kanabec,07030004,-93.277739,46.130922,"Temperature, water",Y,15.9,15.90,deg C,,,
2017-05-17,S007-152,07030004-509,Hay Creek,River/Stream,Kanabec,07030004,-93.277739,46.130922,Specific conductance,Y,91.7,91.7,uS/cm,,,
2016-10-27,S007-152,07030004-509,Hay Creek,River/Stream,Kanabec,07030004,-93.277739,46.130922,"Temperature, water",Y,6.27,6.27,deg C,,,
2016-10-27,S007-152,07030004-509,Hay Creek,River/Stream,Kanabec,07030004,-93.277739,46.130922,Orthophosphate,Y,0.0045,0.0045,mg/L,5,2,mg/L
2016-10-27,S007-152,07030004-509,Hay Creek,River/Stream,Kanabec,07030004,-93.277739,46.130922,Phosphorus,Y,0.032,0.032,mg/L,5,5,mg/L
2016-10-27,S007-152,07030004-509,Hay Creek,River/Stream,Kanabec,07030004,-93.277739,46.130922,Kjeldahl nitrogen,Y,0.79,0.79,mg/L,0.6,0.151,mg/L
2016-10-27,S007-152,07030004-509,Hay Creek,River/Stream,Kanabec,07030004,-93.277739,46.130922,Specific conductance,Y,118,118,uS/cm,,,
2016-10-27,S007-152,07030004-509,Hay Creek,River/Stream,Kanabec,07030004,-93.277739,46.130922,Dissolved oxygen (DO),Y,8.35,8.35,mg/L,,,
2016-10-11,S007-152,07030004-509,Hay Creek,River/Stream,Kanabec,07030004,-93.277739,46.130922,Phosphorus,Y,0.031,0.031,mg/L,5,5,mg/L
2016-10-11,S007-152,07030004-509,Hay Creek,River/Stream,Kanabec,07030004,-93.277739,46.130922,Orthophosphate,Y,0.0026,0.0026,mg/L,5,2,mg/L
2016-10-11,S007-152,07030004-509,Hay Creek,River/Stream,Kanabec,07030004,-93.277739,46.130922,Kjeldahl nitrogen,Y,0.81,0.81,mg/L,0.6,0.151,mg/L
2016-10-11,S007-152,07030004-509,Hay Creek,River/Stream,Kanabec,07030004,-93.277739,46.130922,"Temperature, water",Y,11.44,11.44,deg C,,,
2016-10-11,S007-152,07030004-509,Hay Creek,River/Stream,Kanabec,07030004,-93.277739,46.130922,Dissolved oxygen (DO),Y,7.97,7.97,mg/L,,,
2016-10-11,S007-152,07030004-509,Hay Creek,River/Stream,Kanabec,07030004,-93.277739,46.130922,Specific conductance,Y,121,121,uS/cm,,,
2016-09-19,S007-152,07030004-509,Hay Creek,River/Stream,Kanabec,07030004,-93.277739,46.130922,Dissolved oxygen (DO),Y,8.08,8.08,mg/L,,,
2016-09-19,S007-152,07030004-509,Hay Creek,River/Stream,Kanabec,07030004,-93.277739,46.130922,Specific conductance,Y,125,125,uS/cm,,,
2016-09-19,S007-152,07030004-509,Hay Creek,River/Stream,Kanabec,07030004,-93.277739,46.130922,"Temperature, water",Y,14.97,14.97,deg C,,,
2016-09-19,S007-152,07030004-509,Hay Creek,River/Stream,Kanabec,07030004,-93.277739,46.130922,Kjeldahl nitrogen,Y,0.94,0.94,mg/L,0.6,0.151,mg/L
2016-09-19,S007-152,07030004-509,Hay Creek,River/Stream,Kanabec,07030004,-93.277739,46.130922,Orthophosphate,Y,0.0062,0.0062,mg/L,5,2,mg/L
2016-09-19,S007-152,07030004-509,Hay Creek,River/Stream,Kanabec,07030004,-93.277739,46.130922,Phosphorus,Y,0.039,0.039,mg/L,5,5,mg/L
2016-09-08,S007-152,07030004-509,Hay Creek,River/Stream,Kanabec,07030004,-93.277739,46.130922,Kjeldahl nitrogen,Y,1.1,1.1,mg/L,0.6,0.151,mg/L
2016-09-08,S007-152,07030004-509,Hay Creek,River/Stream,Kanabec,07030004,-93.277739,46.130922,Phosphorus,Y,0.1,0.1,mg/L,5,5,mg/L
2016-09-08,S007-152,07030004-509,Hay Creek,River/Stream,Kanabec,07030004,-93.277739,46.130922,Specific conductance,Y,133,133,uS/cm,,,
2016-09-08,S007-152,07030004-509,Hay Creek,River/Stream,Kanabec,07030004,-93.277739,46.130922,"Temperature, water",Y,18.49,18.49,deg C,,,
2016-09-08,S007-152,07030004-509,Hay Creek,River/Stream,Kanabec,07030004,-93.277739,46.130922,Dissolved oxygen (DO),Y,0.47,0.47,mg/L,,,
2016-08-23,S007-152,07030004-509,Hay Creek,River/Stream,Kanabec,07030004,-93.277739,46.130922,"Temperature, water",Y,19.98,19.98,deg C,,,
2016-08-23,S007-152,07030004-509,Hay Creek,River/Stream,Kanabec,07030004,-93.277739,46.130922,Kjeldahl nitrogen,Y,0.83,0.83,mg/L,0.6,0.151,mg/L
2016-08-23,S007-152,07030004-509,Hay Creek,River/Stream,Kanabec,07030004,-93.277739,46.130922,Phosphorus,Y,0.083,0.083,mg/L,5,5,mg/L
2016-08-23,S007-152,07030004-509,Hay Creek,River/Stream,Kanabec,07030004,-93.277739,46.130922,Specific conductance,Y,118,118,uS/cm,,,
2016-08-23,S007-152,07030004-509,Hay Creek,River/Stream,Kanabec,07030004,-93.277739,46.130922,Dissolved oxygen (DO),Y,0.37,0.37,mg/L,,,
2016-08-10,S007-152,07030004-509,Hay Creek,River/Stream,Kanabec,07030004,-93.277739,46.130922,"Temperature, water",Y,21.72,21.72,deg C,,,
2016-08-10,S007-152,07030004-509,Hay Creek,River/Stream,Kanabec,07030004,-93.277739,46.130922,Orthophosphate,Y,0.011,0.011,mg/L,5,2,mg/L
2016-08-10,S007-152,07030004-509,Hay Creek,River/Stream,Kanabec,07030004,-93.277739,46.130922,Dissolved oxygen (DO),Y,0.88,0.88,mg/L,,,
2016-08-10,S007-152,07030004-509,Hay Creek,River/Stream,Kanabec,07030004,-93.277739,46.130922,Kjeldahl nitrogen,Y,1.4,1.4,mg/L,0.6,0.151,mg/L
2016-08-10,S007-152,07030004-509,Hay Creek,River/Stream,Kanabec,07030004,-93.277739,46.130922,Specific conductance,Y,145,145,uS/cm,,,
2016-08-10,S007-152,07030004-509,Hay Creek,River/Stream,Kanabec,07030004,-93.277739,46.130922,Phosphorus,Y,0.2,0.2,mg/L,5,5,mg/L
2016-07-26,S007-152,07030004-509,Hay Creek,River/Stream,Kanabec,07030004,-93.277739,46.130922,Orthophosphate,Y,0.05,0.05,mg/L,5,2,mg/L
2016-07-26,S007-152,07030004-509,Hay Creek,River/Stream,Kanabec,07030004,-93.277739,46.130922,Kjeldahl nitrogen,Y,1.5,1.5,mg/L,0.6,0.151,mg/L
2016-07-26,S007-152,07030004-509,Hay Creek,River/Stream,Kanabec,07030004,-93.277739,46.130922,"Temperature, water",Y,23.37,23.37,deg C,,,
2016-07-26,S007-152,07030004-509,Hay Creek,River/Stream,Kanabec,07030004,-93.277739,46.130922,Specific conductance,Y,158,158,uS/cm,,,
2016-07-26,S007-152,07030004-509,Hay Creek,River/Stream,Kanabec,07030004,-93.277739,46.130922,Dissolved oxygen (DO),Y,0.22,0.22,mg/L,,,
2016-07-26,S007-152,07030004-509,Hay Creek,River/Stream,Kanabec,07030004,-93.277739,46.130922,Phosphorus,Y,0.34,0.34,mg/L,5,5,mg/L
2016-07-14,S007-152,07030004-509,Hay Creek,River/Stream,Kanabec,07030004,-93.277739,46.130922,Phosphorus,Y,0.056,0.056,mg/L,5,5,mg/L
2016-07-14,S007-152,07030004-509,Hay Creek,River/Stream,Kanabec,07030004,-93.277739,46.130922,Orthophosphate,Y,0.012,0.012,mg/L,5,2,mg/L
2016-07-14,S007-152,07030004-509,Hay Creek,River/Stream,Kanabec,07030004,-93.277739,46.130922,Kjeldahl nitrogen,Y,0.89,0.89,mg/L,0.6,0.151,mg/L
2016-07-14,S007-152,07030004-509,Hay Creek,River/Stream,Kanabec,07030004,-93.277739,46.130922,"Temperature, water",Y,20.17,20.17,deg C,,,
2016-07-14,S007-152,07030004-509,Hay Creek,River/Stream,Kanabec,07030004,-93.277739,46.130922,Specific conductance,Y,61,61,uS/cm,,,
2016-07-14,S007-152,07030004-509,Hay Creek,River/Stream,Kanabec,07030004,-93.277739,46.130922,Dissolved oxygen (DO),Y,1.14,1.14,mg/L,,,
2016-06-30,S007-152,07030004-509,Hay Creek,River/Stream,Kanabec,07030004,-93.277739,46.130922,Dissolved oxygen (DO),Y,1.22,1.22,mg/L,,,
2016-06-30,S007-152,07030004-509,Hay Creek,River/Stream,Kanabec,07030004,-93.277739,46.130922,Specific conductance,Y,189,189,uS/cm,,,
2016-06-30,S007-152,07030004-509,Hay Creek,River/Stream,Kanabec,07030004,-93.277739,46.130922,"Temperature, water",Y,19.42,19.42,deg C,,,
2016-06-30,S007-152,07030004-509,Hay Creek,River/Stream,Kanabec,07030004,-93.277739,46.130922,Orthophosphate,Y,0.004,0.004,mg/L,5,2,mg/L
2016-06-30,S007-152,07030004-509,Hay Creek,River/Stream,Kanabec,07030004,-93.277739,46.130922,Kjeldahl nitrogen,Y,1.1,1.1,mg/L,0.6,0.151,mg/L
2016-06-30,S007-152,07030004-509,Hay Creek,River/Stream,Kanabec,07030004,-93.277739,46.130922,Phosphorus,Y,0.13,0.13,mg/L,5,5,mg/L
2016-06-14,S007-152,07030004-509,Hay Creek,River/Stream,Kanabec,07030004,-93.277739,46.130922,Phosphorus,Y,0.066,0.066,mg/L,5,5,mg/L
2016-06-14,S007-152,07030004-509,Hay Creek,River/Stream,Kanabec,07030004,-93.277739,46.130922,Orthophosphate,Y,0.0053,0.0053,mg/L,5,2,mg/L
2016-06-14,S007-152,07030004-509,Hay Creek,River/Stream,Kanabec,07030004,-93.277739,46.130922,"Temperature, water",Y,18.29,18.29,deg C,,,
2016-06-14,S007-152,07030004-509,Hay Creek,River/Stream,Kanabec,07030004,-93.277739,46.130922,Dissolved oxygen (DO),Y,1.28,1.28,mg/L,,,
2016-06-14,S007-152,07030004-509,Hay Creek,River/Stream,Kanabec,07030004,-93.277739,46.130922,Kjeldahl nitrogen,Y,1.1,1.1,mg/L,0.6,0.151,mg/L
2016-06-01,S007-152,07030004-509,Hay Creek,River/Stream,Kanabec,07030004,-93.277739,46.130922,Kjeldahl nitrogen,Y,0.91,0.91,mg/L,0.6,0.151,mg/L
2016-06-01,S007-152,07030004-509,Hay Creek,River/Stream,Kanabec,07030004,-93.277739,46.130922,"Temperature, water",Y,16.37,16.37,deg C,,,
2016-06-01,S007-152,07030004-509,Hay Creek,River/Stream,Kanabec,07030004,-93.277739,46.130922,Dissolved oxygen (DO),Y,3.45,3.45,mg/L,,,
2016-06-01,S007-152,07030004-509,Hay Creek,River/Stream,Kanabec,07030004,-93.277739,46.130922,Phosphorus,Y,0.054,0.054,mg/L,5,5,mg/L
2016-05-16,S007-152,07030004-509,Hay Creek,River/Stream,Kanabec,07030004,-93.277739,46.130922,"Temperature, water",Y,13.6,13.6,deg C,,,
2016-05-16,S007-152,07030004-509,Hay Creek,River/Stream,Kanabec,07030004,-93.277739,46.130922,Kjeldahl nitrogen,Y,0.68,0.68,mg/L,0.6,0.151,mg/L
2016-05-16,S007-152,07030004-509,Hay Creek,River/Stream,Kanabec,07030004,-93.277739,46.130922,Orthophosphate,Y,0.0041,0.0041,mg/L,5,2,mg/L
2016-05-16,S007-152,07030004-509,Hay Creek,River/Stream,Kanabec,07030004,-93.277739,46.130922,Dissolved oxygen (DO),Y,6.85,6.85,mg/L,,,
2016-05-16,S007-152,07030004-509,Hay Creek,River/Stream,Kanabec,07030004,-93.277739,46.130922,Specific conductance,Y,83,83,uS/cm,,,
2016-05-16,S007-152,07030004-509,Hay Creek,River/Stream,Kanabec,07030004,-93.277739,46.130922,Phosphorus,Y,0.032,0.032,mg/L,5,5,mg/L
2015-04-23,S007-152,07030004-509,Hay Creek,River/Stream,Kanabec,07030004,-93.277739,46.130922,Escherichia coli,Y,40,40,MPN/100mL,1,4,MPN/100mL
2015-04-23,S007-152,07030004-509,Hay Creek,River/Stream,Kanabec,07030004,-93.277739,46.130922,Phosphorus,Y,0.04,0.040,mg/L,5,5,mg/L
2015-04-23,S007-152,07030004-509,Hay Creek,River/Stream,Kanabec,07030004,-93.277739,46.130922,Orthophosphate,Y,0.006,0.006,mg/L,5,2,mg/L
2015-04-23,S007-152,07030004-509,Hay Creek,River/Stream,Kanabec,07030004,-93.277739,46.130922,"Temperature, water",Y,4.28,4.28,deg C,,,
2015-04-23,S007-152,07030004-509,Hay Creek,River/Stream,Kanabec,07030004,-93.277739,46.130922,Specific conductance,Y,81,81,uS/cm,,,
2015-04-23,S007-152,07030004-509,Hay Creek,River/Stream,Kanabec,07030004,-93.277739,46.130922,Dissolved oxygen (DO),Y,9.93,9.93,mg/L,,,
2015-04-09,S007-152,07030004-509,Hay Creek,River/Stream,Kanabec,07030004,-93.277739,46.130922,Escherichia coli,Y,49,49,MPN/100mL,1,4,MPN/100mL
2015-04-09,S007-152,07030004-509,Hay Creek,River/Stream,Kanabec,07030004,-93.277739,46.130922,Phosphorus,Y,0.063,0.063,mg/L,5,5,mg/L
2015-04-09,S007-152,07030004-509,Hay Creek,River/Stream,Kanabec,07030004,-93.277739,46.130922,Orthophosphate,Y,0.005,0.005,mg/L,5,2,mg/L
2015-04-09,S007-152,07030004-509,Hay Creek,River/Stream,Kanabec,07030004,-93.277739,46.130922,"Temperature, water",Y,2.09,2.09,deg C,,,
2015-04-09,S007-152,07030004-509,Hay Creek,River/Stream,Kanabec,07030004,-93.277739,46.130922,Specific conductance,Y,86,86,uS/cm,,,
2015-04-09,S007-152,07030004-509,Hay Creek,River/Stream,Kanabec,07030004,-93.277739,46.130922,Dissolved oxygen (DO),Y,10.24,10.24,mg/L,,,
2014-10-21,S007-152,07030004-509,Hay Creek,River/Stream,Kanabec,07030004,-93.277739,46.130922,Specific conductance,Y,126,126,uS/cm,,,
2014-10-21,S007-152,07030004-509,Hay Creek,River/Stream,Kanabec,07030004,-93.277739,46.130922,"Temperature, water",Y,7.13,7.13,deg C,,,
2014-10-21,S007-152,07030004-509,Hay Creek,River/Stream,Kanabec,07030004,-93.277739,46.130922,Distance from/to,Y,6.27,6.27,ft,,,
2014-10-21,S007-152,07030004-509,Hay Creek,River/Stream,Kanabec,07030004,-93.277739,46.130922,Orthophosphate,Y,0.009,0.009,mg/L,5,2,mg/L
2014-10-21,S007-152,07030004-509,Hay Creek,River/Stream,Kanabec,07030004,-93.277739,46.130922,Phosphorus,Y,0.041,0.041,mg/L,5,5,mg/L
2014-10-21,S007-152,07030004-509,Hay Creek,River/Stream,Kanabec,07030004,-93.277739,46.130922,Escherichia coli,Y,27,27,MPN/100mL,1,4,MPN/100mL
2014-10-21,S007-152,07030004-509,Hay Creek,River/Stream,Kanabec,07030004,-93.277739,46.130922,Dissolved oxygen (DO),Y,6.81,6.81,mg/L,,,
2014-10-08,S007-152,07030004-509,Hay Creek,River/Stream,Kanabec,07030004,-93.277739,46.130922,Escherichia coli,Y,41,41,MPN/100mL,1,4,MPN/100mL
2014-10-08,S007-152,07030004-509,Hay Creek,River/Stream,Kanabec,07030004,-93.277739,46.130922,Dissolved oxygen (DO),Y,7.14,7.14,mg/L,,,
2014-10-08,S007-152,07030004-509,Hay Creek,River/Stream,Kanabec,07030004,-93.277739,46.130922,Specific conductance,Y,126,126,uS/cm,,,
2014-10-08,S007-152,07030004-509,Hay Creek,River/Stream,Kanabec,07030004,-93.277739,46.130922,"Temperature, water",Y,5.72,5.72,deg C,,,
2014-10-08,S007-152,07030004-509,Hay Creek,River/Stream,Kanabec,07030004,-93.277739,46.130922,Distance from/to,Y,6.44,6.44,ft,,,
2014-10-08,S007-152,07030004-509,Hay Creek,River/Stream,Kanabec,07030004,-93.277739,46.130922,Orthophosphate,Y,0.011,0.011,mg/L,5,2,mg/L
2014-10-08,S007-152,07030004-509,Hay Creek,River/Stream,Kanabec,07030004,-93.277739,46.130922,Phosphorus,Y,0.047,0.047,mg/L,5,5,mg/L
2014-09-23,S007-152,07030004-509,Hay Creek,River/Stream,Kanabec,07030004,-93.277739,46.130922,Phosphorus,Y,0.052,0.052,mg/L,5,5,mg/L
2014-09-23,S007-152,07030004-509,Hay Creek,River/Stream,Kanabec,07030004,-93.277739,46.130922,Orthophosphate,Y,0.019,0.019,mg/L,5,2,mg/L
2014-09-23,S007-152,07030004-509,Hay Creek,River/Stream,Kanabec,07030004,-93.277739,46.130922,Distance from/to,Y,6.8,6.8,ft,,,
2014-09-23,S007-152,07030004-509,Hay Creek,River/Stream,Kanabec,07030004,-93.277739,46.130922,"Temperature, water",Y,12.95,12.95,deg C,,,
2014-09-23,S007-152,07030004-509,Hay Creek,River/Stream,Kanabec,07030004,-93.277739,46.130922,Specific conductance,Y,123,123,uS/cm,,,
2014-09-23,S007-152,07030004-509,Hay Creek,River/Stream,Kanabec,07030004,-93.277739,46.130922,pH,Y,6.85,6.85,None,,,
2014-09-23,S007-152,07030004-509,Hay Creek,River/Stream,Kanabec,07030004,-93.277739,46.130922,Dissolved oxygen (DO),Y,3.99,3.99,mg/L,,,
2014-09-23,S007-152,07030004-509,Hay Creek,River/Stream,Kanabec,07030004,-93.277739,46.130922,Escherichia coli,Y,111,111,MPN/100mL,1,4,MPN/100mL
2014-09-11,S007-152,07030004-509,Hay Creek,River/Stream,Kanabec,07030004,-93.277739,46.130922,Escherichia coli,Y,42,42,MPN/100mL,1,4,MPN/100mL
2014-09-11,S007-152,07030004-509,Hay Creek,River/Stream,Kanabec,07030004,-93.277739,46.130922,Phosphorus,Y,0.062,0.062,mg/L,5,5,mg/L
2014-09-11,S007-152,07030004-509,Hay Creek,River/Stream,Kanabec,07030004,-93.277739,46.130922,Orthophosphate,Y,0.026,0.026,mg/L,5,2,mg/L
2014-09-11,S007-152,07030004-509,Hay Creek,River/Stream,Kanabec,07030004,-93.277739,46.130922,Distance from/to,Y,5.73,5.73,ft,,,
2014-09-11,S007-152,07030004-509,Hay Creek,River/Stream,Kanabec,07030004,-93.277739,46.130922,Specific conductance,Y,98,98,uS/cm,,,
2014-09-11,S007-152,07030004-509,Hay Creek,River/Stream,Kanabec,07030004,-93.277739,46.130922,pH,Y,6.67,6.67,None,,,
2014-09-11,S007-152,07030004-509,Hay Creek,River/Stream,Kanabec,07030004,-93.277739,46.130922,Dissolved oxygen (DO),Y,1.96,1.96,mg/L,,,
2014-09-11,S007-152,07030004-509,Hay Creek,River/Stream,Kanabec,07030004,-93.277739,46.130922,"Temperature, water",Y,13.54,13.54,deg C,,,
2014-08-26,S007-152,07030004-509,Hay Creek,River/Stream,Kanabec,07030004,-93.277739,46.130922,Phosphorus,Y,0.093,0.093,mg/L,5,5,mg/L
2014-08-26,S007-152,07030004-509,Hay Creek,River/Stream,Kanabec,07030004,-93.277739,46.130922,Escherichia coli,Y,160,160,MPN/100mL,1,4,MPN/100mL
2014-08-26,S007-152,07030004-509,Hay Creek,River/Stream,Kanabec,07030004,-93.277739,46.130922,Dissolved oxygen (DO),Y,1.16,1.16,mg/L,,,
2014-08-26,S007-152,07030004-509,Hay Creek,River/Stream,Kanabec,07030004,-93.277739,46.130922,pH,Y,6.69,6.69,None,,,
2014-08-26,S007-152,07030004-509,Hay Creek,River/Stream,Kanabec,07030004,-93.277739,46.130922,Specific conductance,Y,178,178,uS/cm,,,
2014-08-26,S007-152,07030004-509,Hay Creek,River/Stream,Kanabec,07030004,-93.277739,46.130922,"Temperature, water",Y,17.06,17.06,deg C,,,
2014-08-26,S007-152,07030004-509,Hay Creek,River/Stream,Kanabec,07030004,-93.277739,46.130922,Distance from/to,Y,6.6,6.6,ft,,,
2014-08-26,S007-152,07030004-509,Hay Creek,River/Stream,Kanabec,07030004,-93.277739,46.130922,Orthophosphate,Y,0.021,0.021,mg/L,5,2,mg/L
2014-08-11,S007-152,07030004-509,Hay Creek,River/Stream,Kanabec,07030004,-93.277739,46.130922,Dissolved oxygen (DO),Y,2.57,2.57,mg/L,,,
2014-08-11,S007-152,07030004-509,Hay Creek,River/Stream,Kanabec,07030004,-93.277739,46.130922,pH,Y,6.62,6.62,None,,,
2014-08-11,S007-152,07030004-509,Hay Creek,River/Stream,Kanabec,07030004,-93.277739,46.130922,Specific conductance,Y,247,247,uS/cm,,,
2014-08-11,S007-152,07030004-509,Hay Creek,River/Stream,Kanabec,07030004,-93.277739,46.130922,"Temperature, water",Y,19.35,19.35,deg C,,,
2014-08-11,S007-152,07030004-509,Hay Creek,River/Stream,Kanabec,07030004,-93.277739,46.130922,Orthophosphate,Y,0.006,0.006,mg/L,5,2,mg/L
2014-08-11,S007-152,07030004-509,Hay Creek,River/Stream,Kanabec,07030004,-93.277739,46.130922,Phosphorus,Y,0.069,0.069,mg/L,5,5,mg/L
2014-08-11,S007-152,07030004-509,Hay Creek,River/Stream,Kanabec,07030004,-93.277739,46.130922,Escherichia coli,Y,330,330,MPN/100mL,1,4,MPN/100mL
2014-08-11,S007-152,07030004-509,Hay Creek,River/Stream,Kanabec,07030004,-93.277739,46.130922,Distance from/to,Y,7.45,7.45,ft,,,
2014-07-28,S007-152,07030004-509,Hay Creek,River/Stream,Kanabec,07030004,-93.277739,46.130922,Phosphorus,Y,0.102,0.102,mg/L,5,5,mg/L
2014-07-28,S007-152,07030004-509,Hay Creek,River/Stream,Kanabec,07030004,-93.277739,46.130922,Orthophosphate,Y,0.036,0.036,mg/L,5,2,mg/L
2014-07-28,S007-152,07030004-509,Hay Creek,River/Stream,Kanabec,07030004,-93.277739,46.130922,Escherichia coli,Y,54,54,MPN/100mL,1,4,MPN/100mL
2014-07-28,S007-152,07030004-509,Hay Creek,River/Stream,Kanabec,07030004,-93.277739,46.130922,Distance from/to,Y,6.51,6.51,ft,,,
2014-07-28,S007-152,07030004-509,Hay Creek,River/Stream,Kanabec,07030004,-93.277739,46.130922,"Temperature, water",Y,18.69,18.69,deg C,,,
2014-07-28,S007-152,07030004-509,Hay Creek,River/Stream,Kanabec,07030004,-93.277739,46.130922,Specific conductance,Y,164,164,uS/cm,,,
2014-07-28,S007-152,07030004-509,Hay Creek,River/Stream,Kanabec,07030004,-93.277739,46.130922,pH,Y,6.51,6.51,None,,,
2014-07-28,S007-152,07030004-509,Hay Creek,River/Stream,Kanabec,07030004,-93.277739,46.130922,Dissolved oxygen (DO),Y,0.71,0.71,mg/L,,,
2014-07-16,S007-152,07030004-509,Hay Creek,River/Stream,Kanabec,07030004,-93.277739,46.130922,Distance from/to,Y,6.59,6.59,ft,,,
2014-07-16,S007-152,07030004-509,Hay Creek,River/Stream,Kanabec,07030004,-93.277739,46.130922,"Temperature, water",Y,17.45,17.45,deg C,,,
2014-07-16,S007-152,07030004-509,Hay Creek,River/Stream,Kanabec,07030004,-93.277739,46.130922,Specific conductance,Y,147,147,uS/cm,,,
2014-07-16,S007-152,07030004-509,Hay Creek,River/Stream,Kanabec,07030004,-93.277739,46.130922,pH,Y,7.08,7.08,None,,,
2014-07-16,S007-152,07030004-509,Hay Creek,River/Stream,Kanabec,07030004,-93.277739,46.130922,Escherichia coli,Y,100,100,MPN/100mL,1,4,MPN/100mL
2014-07-16,S007-152,07030004-509,Hay Creek,River/Stream,Kanabec,07030004,-93.277739,46.130922,Phosphorus,Y,0.062,0.062,mg/L,5,5,mg/L
2014-07-16,S007-152,07030004-509,Hay Creek,River/Stream,Kanabec,07030004,-93.277739,46.130922,Orthophosphate,Y,0.021,0.021,mg/L,5,2,mg/L
2014-07-16,S007-152,07030004-509,Hay Creek,River/Stream,Kanabec,07030004,-93.277739,46.130922,Dissolved oxygen (DO),Y,3.02,3.02,mg/L,,,
2014-07-01,S007-152,07030004-509,Hay Creek,River/Stream,Kanabec,07030004,-93.277739,46.130922,pH,Y,6.94,6.94,None,,,
2014-07-01,S007-152,07030004-509,Hay Creek,River/Stream,Kanabec,07030004,-93.277739,46.130922,Specific conductance,Y,155,155,uS/cm,,,
2014-07-01,S007-152,07030004-509,Hay Creek,River/Stream,Kanabec,07030004,-93.277739,46.130922,"Temperature, water",Y,20.53,20.53,deg C,,,
2014-07-01,S007-152,07030004-509,Hay Creek,River/Stream,Kanabec,07030004,-93.277739,46.130922,Distance from/to,Y,6.48,6.48,ft,,,
2014-07-01,S007-152,07030004-509,Hay Creek,River/Stream,Kanabec,07030004,-93.277739,46.130922,Orthophosphate,Y,0.039,0.039,mg/L,5,2,mg/L
2014-07-01,S007-152,07030004-509,Hay Creek,River/Stream,Kanabec,07030004,-93.277739,46.130922,Dissolved oxygen (DO),Y,0.97,0.97,mg/L,,,
2014-07-01,S007-152,07030004-509,Hay Creek,River/Stream,Kanabec,07030004,-93.277739,46.130922,Phosphorus,Y,0.106,0.106,mg/L,5,5,mg/L
2014-07-01,S007-152,07030004-509,Hay Creek,River/Stream,Kanabec,07030004,-93.277739,46.130922,Escherichia coli,Y,38,38,MPN/100mL,1,4,MPN/100mL
2014-06-17,S007-152,07030004-509,Hay Creek,River/Stream,Kanabec,07030004,-93.277739,46.130922,Escherichia coli,Y,110,110,MPN/100mL,1,4,MPN/100mL
2014-06-17,S007-152,07030004-509,Hay Creek,River/Stream,Kanabec,07030004,-93.277739,46.130922,Phosphorus,Y,0.052,0.052,mg/L,5,5,mg/L
2014-06-17,S007-152,07030004-509,Hay Creek,River/Stream,Kanabec,07030004,-93.277739,46.130922,Orthophosphate,Y,0.018,0.018,mg/L,5,2,mg/L
2014-06-17,S007-152,07030004-509,Hay Creek,River/Stream,Kanabec,07030004,-93.277739,46.130922,Distance from/to,Y,5.3,5.3,ft,,,
2014-06-17,S007-152,07030004-509,Hay Creek,River/Stream,Kanabec,07030004,-93.277739,46.130922,Specific conductance,Y,95,95,uS/cm,,,
2014-06-17,S007-152,07030004-509,Hay Creek,River/Stream,Kanabec,07030004,-93.277739,46.130922,pH,Y,6.74,6.74,None,,,
2014-06-17,S007-152,07030004-509,Hay Creek,River/Stream,Kanabec,07030004,-93.277739,46.130922,Dissolved oxygen (DO),Y,2.62,2.62,mg/L,,,
2014-06-17,S007-152,07030004-509,Hay Creek,River/Stream,Kanabec,07030004,-93.277739,46.130922,"Temperature, water",Y,18.27,18.27,deg C,,,
2014-06-03,S007-152,07030004-509,Hay Creek,River/Stream,Kanabec,07030004,-93.277739,46.130922,Escherichia coli,Y,63,63,MPN/100mL,1,4,MPN/100mL
2014-06-03,S007-152,07030004-509,Hay Creek,River/Stream,Kanabec,07030004,-93.277739,46.130922,Phosphorus,Y,0.053,0.053,mg/L,5,5,mg/L
2014-06-03,S007-152,07030004-509,Hay Creek,River/Stream,Kanabec,07030004,-93.277739,46.130922,Orthophosphate,Y,0.013,0.013,mg/L,5,2,mg/L
2014-06-03,S007-152,07030004-509,Hay Creek,River/Stream,Kanabec,07030004,-93.277739,46.130922,Distance from/to,Y,3.24,3.24,ft,,,
2014-06-03,S007-152,07030004-509,Hay Creek,River/Stream,Kanabec,07030004,-93.277739,46.130922,"Temperature, water",Y,18.92,18.92,deg C,,,
2014-06-03,S007-152,07030004-509,Hay Creek,River/Stream,Kanabec,07030004,-93.277739,46.130922,Specific conductance,Y,72,72,uS/cm,,,
2014-06-03,S007-152,07030004-509,Hay Creek,River/Stream,Kanabec,07030004,-93.277739,46.130922,Dissolved oxygen (DO),Y,2.53,2.53,mg/L,,,
2014-06-03,S007-152,07030004-509,Hay Creek,River/Stream,Kanabec,07030004,-93.277739,46.130922,pH,Y,6.9,6.90,None,,,
2014-05-19,S007-152,07030004-509,Hay Creek,River/Stream,Kanabec,07030004,-93.277739,46.130922,Escherichia coli,Y,13,13,MPN/100mL,1,4,MPN/100mL
2014-05-19,S007-152,07030004-509,Hay Creek,River/Stream,Kanabec,07030004,-93.277739,46.130922,"Temperature, water",Y,11.6,11.60,deg C,,,
2014-05-19,S007-152,07030004-509,Hay Creek,River/Stream,Kanabec,07030004,-93.277739,46.130922,Specific conductance,Y,68,68,uS/cm,,,
2014-05-19,S007-152,07030004-509,Hay Creek,River/Stream,Kanabec,07030004,-93.277739,46.130922,Phosphorus,Y,0.023,0.023,mg/L,5,5,mg/L
2014-05-19,S007-152,07030004-509,Hay Creek,River/Stream,Kanabec,07030004,-93.277739,46.130922,pH,Y,6.77,6.77,None,,,
2014-05-19,S007-152,07030004-509,Hay Creek,River/Stream,Kanabec,07030004,-93.277739,46.130922,Dissolved oxygen (DO),Y,4.4,4.40,mg/L,,,
2014-05-19,S007-152,07030004-509,Hay Creek,River/Stream,Kanabec,07030004,-93.277739,46.130922,Orthophosphate,Y,0.005,0.005,mg/L,5,2,mg/L
2014-05-19,S007-152,07030004-509,Hay Creek,River/Stream,Kanabec,07030004,-93.277739,46.130922,Distance from/to,Y,5.58,5.58,ft,,,
2014-05-08,S007-152,07030004-509,Hay Creek,River/Stream,Kanabec,07030004,-93.277739,46.130922,"Temperature, water",Y,9.88,9.88,deg C,,,
2014-05-08,S007-152,07030004-509,Hay Creek,River/Stream,Kanabec,07030004,-93.277739,46.130922,Dissolved oxygen (DO),Y,5.36,5.36,mg/L,,,
2014-05-08,S007-152,07030004-509,Hay Creek,River/Stream,Kanabec,07030004,-93.277739,46.130922,pH,Y,7.02,7.02,None,,,
2014-05-08,S007-152,07030004-509,Hay Creek,River/Stream,Kanabec,07030004,-93.277739,46.130922,Distance from/to,Y,5.36,5.36,ft,,,
2014-05-08,S007-152,07030004-509,Hay Creek,River/Stream,Kanabec,07030004,-93.277739,46.130922,Orthophosphate,Y,0.004,0.004,mg/L,5,2,mg/L
2014-05-08,S007-152,07030004-509,Hay Creek,River/Stream,Kanabec,07030004,-93.277739,46.130922,Escherichia coli,Y,158,158,MPN/100mL,1,4,MPN/100mL
2014-05-08,S007-152,07030004-509,Hay Creek,River/Stream,Kanabec,07030004,-93.277739,46.130922,Phosphorus,Y,0.027,0.027,mg/L,5,5,mg/L
2014-05-08,S007-152,07030004-509,Hay Creek,River/Stream,Kanabec,07030004,-93.277739,46.130922,Specific conductance,Y,66,66,uS/cm,,,
2014-04-21,S007-152,07030004-509,Hay Creek,River/Stream,Kanabec,07030004,-93.277739,46.130922,Escherichia coli,Y,28,28,MPN/100mL,1,4,MPN/100mL
2014-04-21,S007-152,07030004-509,Hay Creek,River/Stream,Kanabec,07030004,-93.277739,46.130922,Phosphorus,Y,0.037,0.037,mg/L,5,5,mg/L
2014-04-21,S007-152,07030004-509,Hay Creek,River/Stream,Kanabec,07030004,-93.277739,46.130922,Orthophosphate,Y,0.007,0.007,mg/L,5,2,mg/L
2014-04-21,S007-152,07030004-509,Hay Creek,River/Stream,Kanabec,07030004,-93.277739,46.130922,Distance from/to,Y,4.4,4.4,ft,,,
2014-04-09,S007-152,07030004-509,Hay Creek,River/Stream,Kanabec,07030004,-93.277739,46.130922,Orthophosphate,Y,0.017,0.017,mg/L,5,2,mg/L
2014-04-09,S007-152,07030004-509,Hay Creek,River/Stream,Kanabec,07030004,-93.277739,46.130922,Escherichia coli,Y,1600,1600,MPN/100mL,1,4,MPN/100mL
2014-04-09,S007-152,07030004-509,Hay Creek,River/Stream,Kanabec,07030004,-93.277739,46.130922,Distance from/to,Y,4.8,4.8,ft,,,
2014-04-09,S007-152,07030004-509,Hay Creek,River/Stream,Kanabec,07030004,-93.277739,46.130922,"Temperature, water",Y,0.67,0.67,deg C,,,
2014-04-09,S007-152,07030004-509,Hay Creek,River/Stream,Kanabec,07030004,-93.277739,46.130922,Specific conductance,Y,203,203,uS/cm,,,
2014-04-09,S007-152,07030004-509,Hay Creek,River/Stream,Kanabec,07030004,-93.277739,46.130922,pH,Y,7.1,7.10,None,,,
2014-04-09,S007-152,07030004-509,Hay Creek,River/Stream,Kanabec,07030004,-93.277739,46.130922,Dissolved oxygen (DO),Y,2.76,2.76,mg/L,,,
2014-04-09,S007-152,07030004-509,Hay Creek,River/Stream,Kanabec,07030004,-93.277739,46.130922,Phosphorus,Y,0.152,0.152,mg/L,5,5,mg/L
2013-10-22,S007-152,07030004-509,Hay Creek,River/Stream,Kanabec,07030004,-93.277739,46.130922,"Temperature, water",Y,2.85,2.85,deg C,,,
2013-10-22,S007-152,07030004-509,Hay Creek,River/Stream,Kanabec,07030004,-93.277739,46.130922,Escherichia coli,Y,25,25,MPN/100mL,1,4,MPN/100mL
2013-10-22,S007-152,07030004-509,Hay Creek,River/Stream,Kanabec,07030004,-93.277739,46.130922,Phosphorus,Y,0.038,0.038,mg/L,5,5,mg/L
2013-10-22,S007-152,07030004-509,Hay Creek,River/Stream,Kanabec,07030004,-93.277739,46.130922,Orthophosphate,Y,0.012,0.012,mg/L,5,2,mg/L
2013-10-22,S007-152,07030004-509,Hay Creek,River/Stream,Kanabec,07030004,-93.277739,46.130922,Distance from/to,Y,4.84,4.84,ft,,,
2013-10-22,S007-152,07030004-509,Hay Creek,River/Stream,Kanabec,07030004,-93.277739,46.130922,Dissolved oxygen (DO),Y,6.17,6.17,mg/L,,,
2013-10-22,S007-152,07030004-509,Hay Creek,River/Stream,Kanabec,07030004,-93.277739,46.130922,pH,Y,0.15,0.15,None,,,
2013-10-22,S007-152,07030004-509,Hay Creek,River/Stream,Kanabec,07030004,-93.277739,46.130922,Specific conductance,Y,0.15,0.150,uS/cm,,,
2013-10-10,S007-152,07030004-509,Hay Creek,River/Stream,Kanabec,07030004,-93.277739,46.130922,Dissolved oxygen (DO),Y,3.23,3.23,mg/L,,,
2013-10-10,S007-152,07030004-509,Hay Creek,River/Stream,Kanabec,07030004,-93.277739,46.130922,pH,Y,7.3,7.30,None,,,
2013-10-10,S007-152,07030004-509,Hay Creek,River/Stream,Kanabec,07030004,-93.277739,46.130922,Specific conductance,Y,0.162,0.162,uS/cm,,,
2013-10-10,S007-152,07030004-509,Hay Creek,River/Stream,Kanabec,07030004,-93.277739,46.130922,"Temperature, water",Y,10.64,10.64,deg C,,,
2013-10-10,S007-152,07030004-509,Hay Creek,River/Stream,Kanabec,07030004,-93.277739,46.130922,Distance from/to,Y,5.17,5.17,ft,,,
2013-10-10,S007-152,07030004-509,Hay Creek,River/Stream,Kanabec,07030004,-93.277739,46.130922,Escherichia coli,Y,4,4,MPN/100mL,1,4,MPN/100mL
2013-10-10,S007-152,07030004-509,Hay Creek,River/Stream,Kanabec,07030004,-93.277739,46.130922,Orthophosphate,Y,0.019,0.019,mg/L,5,2,mg/L
2013-10-10,S007-152,07030004-509,Hay Creek,River/Stream,Kanabec,07030004,-93.277739,46.130922,Phosphorus,Y,0.063,0.063,mg/L,5,5,mg/L
2013-09-26,S007-152,07030004-509,Hay Creek,River/Stream,Kanabec,07030004,-93.277739,46.130922,Dissolved oxygen (DO),Y,1.98,1.98,mg/L,,,
2013-09-26,S007-152,07030004-509,Hay Creek,River/Stream,Kanabec,07030004,-93.277739,46.130922,Escherichia coli,Y,20,20,MPN/100mL,1,4,MPN/100mL
2013-09-26,S007-152,07030004-509,Hay Creek,River/Stream,Kanabec,07030004,-93.277739,46.130922,Phosphorus,Y,0.092,0.092,mg/L,5,5,mg/L
2013-09-26,S007-152,07030004-509,Hay Creek,River/Stream,Kanabec,07030004,-93.277739,46.130922,Orthophosphate,Y,0.01,0.010,mg/L,5,2,mg/L
2013-09-26,S007-152,07030004-509,Hay Creek,River/Stream,Kanabec,07030004,-93.277739,46.130922,Distance from/to,Y,5.44,5.44,ft,,,
2013-09-26,S007-152,07030004-509,Hay Creek,River/Stream,Kanabec,07030004,-93.277739,46.130922,"Temperature, water",Y,12.84,12.84,deg C,,,
2013-09-26,S007-152,07030004-509,Hay Creek,River/Stream,Kanabec,07030004,-93.277739,46.130922,Specific conductance,Y,0.199,0.199,uS/cm,,,
2013-09-26,S007-152,07030004-509,Hay Creek,River/Stream,Kanabec,07030004,-93.277739,46.130922,pH,Y,7.1,7.10,None,,,
2013-09-11,S007-152,07030004-509,Hay Creek,River/Stream,Kanabec,07030004,-93.277739,46.130922,Orthophosphate,Y,0.013,0.013,mg/L,5,2,mg/L
2013-09-11,S007-152,07030004-509,Hay Creek,River/Stream,Kanabec,07030004,-93.277739,46.130922,Distance from/to,Y,5.58,5.58,ft,,,
2013-09-11,S007-152,07030004-509,Hay Creek,River/Stream,Kanabec,07030004,-93.277739,46.130922,Escherichia coli,Y,20,20,MPN/100mL,1,4,MPN/100mL
2013-09-11,S007-152,07030004-509,Hay Creek,River/Stream,Kanabec,07030004,-93.277739,46.130922,pH,Y,6.94,6.94,None,,,
2013-09-11,S007-152,07030004-509,Hay Creek,River/Stream,Kanabec,07030004,-93.277739,46.130922,Phosphorus,Y,0.127,0.127,mg/L,5,5,mg/L
2013-09-11,S007-152,07030004-509,Hay Creek,River/Stream,Kanabec,07030004,-93.277739,46.130922,"Temperature, water",Y,17.26,17.26,deg C,,,
2013-09-11,S007-152,07030004-509,Hay Creek,River/Stream,Kanabec,07030004,-93.277739,46.130922,Specific conductance,Y,0.19,0.190,uS/cm,,,
2013-09-11,S007-152,07030004-509,Hay Creek,River/Stream,Kanabec,07030004,-93.277739,46.130922,Dissolved oxygen (DO),Y,0.86,0.86,mg/L,,,
2013-08-29,S007-152,07030004-509,Hay Creek,River/Stream,Kanabec,07030004,-93.277739,46.130922,Phosphorus,Y,0.149,0.149,mg/L,5,5,mg/L
2013-08-29,S007-152,07030004-509,Hay Creek,River/Stream,Kanabec,07030004,-93.277739,46.130922,Escherichia coli,Y,25,25,MPN/100mL,1,4,MPN/100mL
2013-08-29,S007-152,07030004-509,Hay Creek,River/Stream,Kanabec,07030004,-93.277739,46.130922,pH,Y,6.75,6.75,None,,,
2013-08-29,S007-152,07030004-509,Hay Creek,River/Stream,Kanabec,07030004,-93.277739,46.130922,Specific conductance,Y,0.193,0.193,uS/cm,,,
2013-08-29,S007-152,07030004-509,Hay Creek,River/Stream,Kanabec,07030004,-93.277739,46.130922,"Temperature, water",Y,20.9,20.9,deg C,,,
2013-08-29,S007-152,07030004-509,Hay Creek,River/Stream,Kanabec,07030004,-93.277739,46.130922,Distance from/to,Y,5.6,5.6,ft,,,
2013-08-29,S007-152,07030004-509,Hay Creek,River/Stream,Kanabec,07030004,-93.277739,46.130922,Orthophosphate,Y,0.013,0.013,mg/L,5,2,mg/L
2013-08-29,S007-152,07030004-509,Hay Creek,River/Stream,Kanabec,07030004,-93.277739,46.130922,Dissolved oxygen (DO),Y,0.49,0.49,mg/L,,,
2013-08-14,S007-152,07030004-509,Hay Creek,River/Stream,Kanabec,07030004,-93.277739,46.130922,Specific conductance,Y,0.169,0.169,uS/cm,,,
2013-08-14,S007-152,07030004-509,Hay Creek,River/Stream,Kanabec,07030004,-93.277739,46.130922,"Temperature, water",Y,15.64,15.64,deg C,,,
2013-08-14,S007-152,07030004-509,Hay Creek,River/Stream,Kanabec,07030004,-93.277739,46.130922,pH,Y,7.05,7.05,None,,,
2013-08-14,S007-152,07030004-509,Hay Creek,River/Stream,Kanabec,07030004,-93.277739,46.130922,Distance from/to,Y,5.41,5.41,ft,,,
2013-08-14,S007-152,07030004-509,Hay Creek,River/Stream,Kanabec,07030004,-93.277739,46.130922,Dissolved oxygen (DO),Y,1.47,1.47,mg/L,,,
2013-08-14,S007-152,07030004-509,Hay Creek,River/Stream,Kanabec,07030004,-93.277739,46.130922,Escherichia coli,Y,14,14,MPN/100mL,1,4,MPN/100mL
2013-08-14,S007-152,07030004-509,Hay Creek,River/Stream,Kanabec,07030004,-93.277739,46.130922,Phosphorus,Y,0.092,0.092,mg/L,5,5,mg/L
2013-08-14,S007-152,07030004-509,Hay Creek,River/Stream,Kanabec,07030004,-93.277739,46.130922,Orthophosphate,Y,0.011,0.011,mg/L,5,2,mg/L
2013-07-31,S007-152,07030004-509,Hay Creek,River/Stream,Kanabec,07030004,-93.277739,46.130922,Escherichia coli,Y,55,55,MPN/100mL,1,4,MPN/100mL
2013-07-31,S007-152,07030004-509,Hay Creek,River/Stream,Kanabec,07030004,-93.277739,46.130922,Orthophosphate,Y,0.005,0.005,mg/L,5,2,mg/L
2013-07-31,S007-152,07030004-509,Hay Creek,River/Stream,Kanabec,07030004,-93.277739,46.130922,Distance from/to,Y,5.34,5.34,ft,,,
2013-07-31,S007-152,07030004-509,Hay Creek,River/Stream,Kanabec,07030004,-93.277739,46.130922,"Temperature, water",Y,17.01,17.01,deg C,,,
2013-07-31,S007-152,07030004-509,Hay Creek,River/Stream,Kanabec,07030004,-93.277739,46.130922,Specific conductance,Y,0.151,0.151,uS/cm,,,
2013-07-31,S007-152,07030004-509,Hay Creek,River/Stream,Kanabec,07030004,-93.277739,46.130922,Phosphorus,Y,0.119,0.119,mg/L,5,5,mg/L
2013-07-31,S007-152,07030004-509,Hay Creek,River/Stream,Kanabec,07030004,-93.277739,46.130922,Dissolved oxygen (DO),Y,0.76,0.76,mg/L,,,
2013-07-31,S007-152,07030004-509,Hay Creek,River/Stream,Kanabec,07030004,-93.277739,46.130922,pH,Y,6.6,6.60,None,,,
2013-07-25,S007-152,07030004-509,Hay Creek,River/Stream,Kanabec,07030004,-93.277739,46.130922,Distance from/to,Y,5.29,5.29,ft,,,
2013-07-25,S007-152,07030004-509,Hay Creek,River/Stream,Kanabec,07030004,-93.277739,46.130922,Dissolved oxygen (DO),Y,0.41,0.41,mg/L,,,
2013-07-25,S007-152,07030004-509,Hay Creek,River/Stream,Kanabec,07030004,-93.277739,46.130922,pH,Y,6.5,6.50,None,,,
2013-07-25,S007-152,07030004-509,Hay Creek,River/Stream,Kanabec,07030004,-93.277739,46.130922,Specific conductance,Y,0.158,0.158,uS/cm,,,
2013-07-25,S007-152,07030004-509,Hay Creek,River/Stream,Kanabec,07030004,-93.277739,46.130922,"Temperature, water",Y,19.44,19.44,deg C,,,
2013-07-25,S007-152,07030004-509,Hay Creek,River/Stream,Kanabec,07030004,-93.277739,46.130922,Orthophosphate,Y,0.008,0.008,mg/L,5,2,mg/L
2013-07-25,S007-152,07030004-509,Hay Creek,River/Stream,Kanabec,07030004,-93.277739,46.130922,Phosphorus,Y,0.193,0.193,mg/L,5,5,mg/L
2013-07-25,S007-152,07030004-509,Hay Creek,River/Stream,Kanabec,07030004,-93.277739,46.130922,Escherichia coli,Y,61,61,MPN/100mL,1,4,MPN/100mL
2013-07-03,S007-152,07030004-509,Hay Creek,River/Stream,Kanabec,07030004,-93.277739,46.130922,Dissolved oxygen (DO),Y,0.26,0.26,mg/L,,,
2013-07-03,S007-152,07030004-509,Hay Creek,River/Stream,Kanabec,07030004,-93.277739,46.130922,pH,Y,6.57,6.57,None,,,
2013-07-03,S007-152,07030004-509,Hay Creek,River/Stream,Kanabec,07030004,-93.277739,46.130922,Specific conductance,Y,0.123,0.123,uS/cm,,,
2013-07-03,S007-152,07030004-509,Hay Creek,River/Stream,Kanabec,07030004,-93.277739,46.130922,"Temperature, water",Y,21.11,21.11,deg C,,,
2013-07-03,S007-152,07030004-509,Hay Creek,River/Stream,Kanabec,07030004,-93.277739,46.130922,Orthophosphate,Y,0.045,0.045,mg/L,5,2,mg/L
2013-07-03,S007-152,07030004-509,Hay Creek,River/Stream,Kanabec,07030004,-93.277739,46.130922,Phosphorus,Y,0.282,0.282,mg/L,5,5,mg/L
2013-07-03,S007-152,07030004-509,Hay Creek,River/Stream,Kanabec,07030004,-93.277739,46.130922,Escherichia coli,Y,45,45,MPN/100mL,1,4,MPN/100mL
2013-07-03,S007-152,07030004-509,Hay Creek,River/Stream,Kanabec,07030004,-93.277739,46.130922,Distance from/to,Y,5.27,5.27,ft,,,
2013-06-18,S007-152,07030004-509,Hay Creek,River/Stream,Kanabec,07030004,-93.277739,46.130922,Specific conductance,Y,0.106,0.106,uS/cm,,,
2013-06-18,S007-152,07030004-509,Hay Creek,River/Stream,Kanabec,07030004,-93.277739,46.130922,pH,Y,6.8,6.80,None,,,
2013-06-18,S007-152,07030004-509,Hay Creek,River/Stream,Kanabec,07030004,-93.277739,46.130922,Dissolved oxygen (DO),Y,2.34,2.34,mg/L,,,
2013-06-18,S007-152,07030004-509,Hay Creek,River/Stream,Kanabec,07030004,-93.277739,46.130922,"Temperature, water",Y,18,18,deg C,,,
2013-06-18,S007-152,07030004-509,Hay Creek,River/Stream,Kanabec,07030004,-93.277739,46.130922,Phosphorus,Y,0.07,0.070,mg/L,5,5,mg/L
2013-06-18,S007-152,07030004-509,Hay Creek,River/Stream,Kanabec,07030004,-93.277739,46.130922,Orthophosphate,Y,0.025,0.025,mg/L,5,2,mg/L
2013-06-18,S007-152,07030004-509,Hay Creek,River/Stream,Kanabec,07030004,-93.277739,46.130922,Distance from/to,Y,5.45,5.45,ft,,,
2013-06-18,S007-152,07030004-509,Hay Creek,River/Stream,Kanabec,07030004,-93.277739,46.130922,Escherichia coli,Y,36,36,MPN/100mL,1,4,MPN/100mL
2013-06-06,S007-152,07030004-509,Hay Creek,River/Stream,Kanabec,07030004,-93.277739,46.130922,Escherichia coli,Y,1100,1100,MPN/100mL,1,4,MPN/100mL
2013-06-06,S007-152,07030004-509,Hay Creek,River/Stream,Kanabec,07030004,-93.277739,46.130922,Phosphorus,Y,0.054,0.054,mg/L,5,5,mg/L
2013-06-06,S007-152,07030004-509,Hay Creek,River/Stream,Kanabec,07030004,-93.277739,46.130922,Orthophosphate,Y,0.021,0.021,mg/L,5,2,mg/L
2013-06-06,S007-152,07030004-509,Hay Creek,River/Stream,Kanabec,07030004,-93.277739,46.130922,Distance from/to,Y,4.28,4.28,ft,,,
2013-06-06,S007-152,07030004-509,Hay Creek,River/Stream,Kanabec,07030004,-93.277739,46.130922,"Temperature, water",Y,10.93,10.93,deg C,,,
2013-06-06,S007-152,07030004-509,Hay Creek,River/Stream,Kanabec,07030004,-93.277739,46.130922,Specific conductance,Y,0.087,0.087,uS/cm,,,
2013-06-06,S007-152,07030004-509,Hay Creek,River/Stream,Kanabec,07030004,-93.277739,46.130922,Dissolved oxygen (DO),Y,3.47,3.47,mg/L,,,
2013-06-06,S007-152,07030004-509,Hay Creek,River/Stream,Kanabec,07030004,-93.277739,46.130922,pH,Y,6.37,6.37,None,,,
2013-05-23,S007-152,07030004-509,Hay Creek,River/Stream,Kanabec,07030004,-93.277739,46.130922,Distance from/to,Y,4.47,4.47,ft,,,
2013-05-23,S007-152,07030004-509,Hay Creek,River/Stream,Kanabec,07030004,-93.277739,46.130922,"Temperature, water",Y,8.51,8.51,deg C,,,
2013-05-23,S007-152,07030004-509,Hay Creek,River/Stream,Kanabec,07030004,-93.277739,46.130922,Specific conductance,Y,0.086,0.086,uS/cm,,,
2013-05-23,S007-152,07030004-509,Hay Creek,River/Stream,Kanabec,07030004,-93.277739,46.130922,pH,Y,6.77,6.77,None,,,
2013-05-23,S007-152,07030004-509,Hay Creek,River/Stream,Kanabec,07030004,-93.277739,46.130922,Orthophosphate,Y,0.01,0.010,mg/L,5,2,mg/L
2013-05-23,S007-152,07030004-509,Hay Creek,River/Stream,Kanabec,07030004,-93.277739,46.130922,Escherichia coli,Y,390,390,MPN/100mL,1,4,MPN/100mL
2013-05-23,S007-152,07030004-509,Hay Creek,River/Stream,Kanabec,07030004,-93.277739,46.130922,Phosphorus,Y,0.039,0.039,mg/L,5,5,mg/L
2013-05-23,S007-152,07030004-509,Hay Creek,River/Stream,Kanabec,07030004,-93.277739,46.130922,Dissolved oxygen (DO),Y,5.33,5.33,mg/L,,,
2013-05-09,S007-152,07030004-509,Hay Creek,River/Stream,Kanabec,07030004,-93.277739,46.130922,Distance from/to,Y,5.55,5.55,ft,,,
2013-05-09,S007-152,07030004-509,Hay Creek,River/Stream,Kanabec,07030004,-93.277739,46.130922,"Temperature, water",Y,9.94,9.94,deg C,,,
2013-05-09,S007-152,07030004-509,Hay Creek,River/Stream,Kanabec,07030004,-93.277739,46.130922,Specific conductance,Y,0.081,0.081,uS/cm,,,
2013-05-09,S007-152,07030004-509,Hay Creek,River/Stream,Kanabec,07030004,-93.277739,46.130922,pH,Y,6.76,6.76,None,,,
2013-05-09,S007-152,07030004-509,Hay Creek,River/Stream,Kanabec,07030004,-93.277739,46.130922,Dissolved oxygen (DO),Y,5,5.00,mg/L,,,
2013-05-09,S007-152,07030004-509,Hay Creek,River/Stream,Kanabec,07030004,-93.277739,46.130922,Orthophosphate,Y,0.009,0.009,mg/L,5,2,mg/L
2013-05-09,S007-152,07030004-509,Hay Creek,River/Stream,Kanabec,07030004,-93.277739,46.130922,Phosphorus,Y,0.044,0.044,mg/L,5,5,mg/L
2013-05-09,S007-152,07030004-509,Hay Creek,River/Stream,Kanabec,07030004,-93.277739,46.130922,Escherichia coli,Y,64,64,MPN/100mL,1,4,MPN/100mL
2013-04-24,S007-152,07030004-509,Hay Creek,River/Stream,Kanabec,07030004,-93.277739,46.130922,Escherichia coli,Y,290,290,MPN/100mL,1,4,MPN/100mL
2013-04-24,S007-152,07030004-509,Hay Creek,River/Stream,Kanabec,07030004,-93.277739,46.130922,"Temperature, water",Y,0.04,0.04,deg C,,,
2013-04-24,S007-152,07030004-509,Hay Creek,River/Stream,Kanabec,07030004,-93.277739,46.130922,Specific conductance,Y,0.127,0.127,uS/cm,,,
2013-04-24,S007-152,07030004-509,Hay Creek,River/Stream,Kanabec,07030004,-93.277739,46.130922,pH,Y,6.6,6.60,None,,,
2013-04-24,S007-152,07030004-509,Hay Creek,River/Stream,Kanabec,07030004,-93.277739,46.130922,Orthophosphate,Y,0.008,0.008,mg/L,5,2,mg/L
2013-04-24,S007-152,07030004-509,Hay Creek,River/Stream,Kanabec,07030004,-93.277739,46.130922,Distance from/to,Y,5.55,5.55,ft,,,
2013-04-24,S007-152,07030004-509,Hay Creek,River/Stream,Kanabec,07030004,-93.277739,46.130922,Phosphorus,Y,0.08,0.080,mg/L,5,5,mg/L
2013-04-24,S007-152,07030004-509,Hay Creek,River/Stream,Kanabec,07030004,-93.277739,46.130922,Dissolved oxygen (DO),Y,6.22,6.22,mg/L,,,
2013-04-12,S007-152,07030004-509,Hay Creek,River/Stream,Kanabec,07030004,-93.277739,46.130922,Phosphorus,Y,0.091,0.091,mg/L,5,5,mg/L
2013-04-12,S007-152,07030004-509,Hay Creek,River/Stream,Kanabec,07030004,-93.277739,46.130922,Dissolved oxygen (DO),Y,4.77,4.77,mg/L,,,
2013-04-12,S007-152,07030004-509,Hay Creek,River/Stream,Kanabec,07030004,-93.277739,46.130922,pH,Y,6.57,6.57,None,,,
2013-04-12,S007-152,07030004-509,Hay Creek,River/Stream,Kanabec,07030004,-93.277739,46.130922,Specific conductance,Y,0.115,0.115,uS/cm,,,
2013-04-12,S007-152,07030004-509,Hay Creek,River/Stream,Kanabec,07030004,-93.277739,46.130922,"Temperature, water",Y,0.6,0.6,deg C,,,
2013-04-12,S007-152,07030004-509,Hay Creek,River/Stream,Kanabec,07030004,-93.277739,46.130922,Distance from/to,Y,5.51,5.51,ft,,,
2013-04-10,S007-152,07030004-509,Hay Creek,River/Stream,Kanabec,07030004,-93.277739,46.130922,Escherichia coli,Y,36,36,MPN/100mL,1,4,MPN/100mL
2013-04-10,S007-152,07030004-509,Hay Creek,River/Stream,Kanabec,07030004,-93.277739,46.130922,Orthophosphate,Y,0.017,0.017,mg/L,5,2,mg/L
2013-04-10,S007-152,07030004-509,Hay Creek,River/Stream,Kanabec,07030004,-93.277739,46.130922,Distance from/to,Y,5.48,5.48,ft,,,
2013-04-10,S007-152,07030004-509,Hay Creek,River/Stream,Kanabec,07030004,-93.277739,46.130922,"Temperature, water",Y,0.51,0.51,deg C,,,
2013-04-10,S007-152,07030004-509,Hay Creek,River/Stream,Kanabec,07030004,-93.277739,46.130922,Specific conductance,Y,0.112,0.112,uS/cm,,,
2013-04-10,S007-152,07030004-509,Hay Creek,River/Stream,Kanabec,07030004,-93.277739,46.130922,pH,Y,6.57,6.57,None,,,
2013-04-10,S007-152,07030004-509,Hay Creek,River/Stream,Kanabec,07030004,-93.277739,46.130922,Dissolved oxygen (DO),Y,5.89,5.89,mg/L,,,
2013-04-10,S007-152,07030004-509,Hay Creek,River/Stream,Kanabec,07030004,-93.277739,46.130922,Phosphorus,Y,0.103,0.103,mg/L,5,5,mg/L
2013-04-09,S007-152,07030004-509,Hay Creek,River/Stream,Kanabec,07030004,-93.277739,46.130922,Specific conductance,Y,0.113,0.113,uS/cm,,,
2013-04-09,S007-152,07030004-509,Hay Creek,River/Stream,Kanabec,07030004,-93.277739,46.130922,pH,Y,6.64,6.64,None,,,
2013-04-09,S007-152,07030004-509,Hay Creek,River/Stream,Kanabec,07030004,-93.277739,46.130922,Dissolved oxygen (DO),Y,5.88,5.88,mg/L,,,
2013-04-09,S007-152,07030004-509,Hay Creek,River/Stream,Kanabec,07030004,-93.277739,46.130922,Orthophosphate,Y,0.018,0.018,mg/L,5,2,mg/L
2013-04-09,S007-152,07030004-509,Hay Creek,River/Stream,Kanabec,07030004,-93.277739,46.130922,Distance from/to,Y,5.53,5.53,ft,,,
2013-04-09,S007-152,07030004-509,Hay Creek,River/Stream,Kanabec,07030004,-93.277739,46.130922,"Temperature, water",Y,0.56,0.56,deg C,,,
2013-04-09,S007-152,07030004-509,Hay Creek,River/Stream,Kanabec,07030004,-93.277739,46.130922,Phosphorus,Y,0.105,0.105,mg/L,5,5,mg/L
2013-04-03,S007-152,07030004-509,Hay Creek,River/Stream,Kanabec,07030004,-93.277739,46.130922,Phosphorus,Y,0.228,0.228,mg/L,5,5,mg/L
2013-04-03,S007-152,07030004-509,Hay Creek,River/Stream,Kanabec,07030004,-93.277739,46.130922,Orthophosphate,Y,0.006,0.006,mg/L,5,2,mg/L
2013-04-03,S007-152,07030004-509,Hay Creek,River/Stream,Kanabec,07030004,-93.277739,46.130922,Distance from/to,Y,6.05,6.05,ft,,,
2013-04-03,S007-152,07030004-509,Hay Creek,River/Stream,Kanabec,07030004,-93.277739,46.130922,"Temperature, water",Y,0.37,0.37,deg C,,,
2013-04-03,S007-152,07030004-509,Hay Creek,River/Stream,Kanabec,07030004,-93.277739,46.130922,Specific conductance,Y,0.17,0.170,uS/cm,,,
2013-04-03,S007-152,07030004-509,Hay Creek,River/Stream,Kanabec,07030004,-93.277739,46.130922,pH,Y,6.35,6.35,None,,,
2013-04-03,S007-152,07030004-509,Hay Creek,River/Stream,Kanabec,07030004,-93.277739,46.130922,Dissolved oxygen (DO),Y,1.51,1.51,mg/L,,,
2012-10-23,S007-152,07030004-509,Hay Creek,River/Stream,Kanabec,07030004,-93.277739,46.130922,Dissolved oxygen (DO),Y,6.12,6.12,mg/L,,,
2012-10-23,S007-152,07030004-509,Hay Creek,River/Stream,Kanabec,07030004,-93.277739,46.130922,pH,Y,7.34,7.34,None,,,
2012-10-23,S007-152,07030004-509,Hay Creek,River/Stream,Kanabec,07030004,-93.277739,46.130922,Escherichia coli,Y,14,14,MPN/100mL,1,4,MPN/100mL
2012-10-23,S007-152,07030004-509,Hay Creek,River/Stream,Kanabec,07030004,-93.277739,46.130922,Phosphorus,Y,0.048,0.048,mg/L,5,5,mg/L
2012-10-23,S007-152,07030004-509,Hay Creek,River/Stream,Kanabec,07030004,-93.277739,46.130922,Orthophosphate,Y,0.003,0.003,mg/L,5,2,mg/L
2012-10-23,S007-152,07030004-509,Hay Creek,River/Stream,Kanabec,07030004,-93.277739,46.130922,Distance from/to,Y,6.14,6.14,ft,,,
2012-10-23,S007-152,07030004-509,Hay Creek,River/Stream,Kanabec,07030004,-93.277739,46.130922,"Temperature, water",Y,8.26,8.26,deg C,,,
2012-10-23,S007-152,07030004-509,Hay Creek,River/Stream,Kanabec,07030004,-93.277739,46.130922,Specific conductance,Y,0.232,0.232,uS/cm,,,
2012-10-11,S007-152,07030004-509,Hay Creek,River/Stream,Kanabec,07030004,-93.277739,46.130922,Dissolved oxygen (DO),Y,8.79,8.79,mg/L,,,
2012-10-11,S007-152,07030004-509,Hay Creek,River/Stream,Kanabec,07030004,-93.277739,46.130922,Escherichia coli,Y,5,5,MPN/100mL,1,4,MPN/100mL
2012-10-11,S007-152,07030004-509,Hay Creek,River/Stream,Kanabec,07030004,-93.277739,46.130922,Phosphorus,Y,0.041,0.041,mg/L,5,5,mg/L
2012-10-11,S007-152,07030004-509,Hay Creek,River/Stream,Kanabec,07030004,-93.277739,46.130922,Orthophosphate,Y,0.005,0.005,mg/L,5,2,mg/L
2012-10-11,S007-152,07030004-509,Hay Creek,River/Stream,Kanabec,07030004,-93.277739,46.130922,"Temperature, water",Y,5.03,5.03,deg C,,,
2012-10-11,S007-152,07030004-509,Hay Creek,River/Stream,Kanabec,07030004,-93.277739,46.130922,Specific conductance,Y,0.22,0.220,uS/cm,,,
2012-10-11,S007-152,07030004-509,Hay Creek,River/Stream,Kanabec,07030004,-93.277739,46.130922,pH,Y,7.71,7.71,None,,,
2012-10-11,S007-152,07030004-509,Hay Creek,River/Stream,Kanabec,07030004,-93.277739,46.130922,Distance from/to,Y,6.08,6.08,ft,,,
2012-09-25,S007-152,07030004-509,Hay Creek,River/Stream,Kanabec,07030004,-93.277739,46.130922,Orthophosphate,Y,0.006,0.006,mg/L,5,2,mg/L
2012-09-25,S007-152,07030004-509,Hay Creek,River/Stream,Kanabec,07030004,-93.277739,46.130922,Phosphorus,Y,0.065,0.065,mg/L,5,5,mg/L
2012-09-25,S007-152,07030004-509,Hay Creek,River/Stream,Kanabec,07030004,-93.277739,46.130922,Escherichia coli,Y,5,5,MPN/100mL,1,4,MPN/100mL
2012-09-25,S007-152,07030004-509,Hay Creek,River/Stream,Kanabec,07030004,-93.277739,46.130922,Dissolved oxygen (DO),Y,5.81,5.81,mg/L,,,
2012-09-25,S007-152,07030004-509,Hay Creek,River/Stream,Kanabec,07030004,-93.277739,46.130922,pH,Y,7.26,7.26,None,,,
2012-09-25,S007-152,07030004-509,Hay Creek,River/Stream,Kanabec,07030004,-93.277739,46.130922,Specific conductance,Y,0.2,0.200,uS/cm,,,
2012-09-25,S007-152,07030004-509,Hay Creek,River/Stream,Kanabec,07030004,-93.277739,46.130922,"Temperature, water",Y,9.28,9.28,deg C,,,
2012-09-25,S007-152,07030004-509,Hay Creek,River/Stream,Kanabec,07030004,-93.277739,46.130922,Distance from/to,Y,5.95,5.95,ft,,,
2012-09-11,S007-152,07030004-509,Hay Creek,River/Stream,Kanabec,07030004,-93.277739,46.130922,Dissolved oxygen (DO),Y,1.41,1.41,mg/L,,,
2012-09-11,S007-152,07030004-509,Hay Creek,River/Stream,Kanabec,07030004,-93.277739,46.130922,pH,Y,6.97,6.97,None,,,
2012-09-11,S007-152,07030004-509,Hay Creek,River/Stream,Kanabec,07030004,-93.277739,46.130922,Specific conductance,Y,0.203,0.203,uS/cm,,,
2012-09-11,S007-152,07030004-509,Hay Creek,River/Stream,Kanabec,07030004,-93.277739,46.130922,"Temperature, water",Y,14.13,14.13,deg C,,,
2012-09-11,S007-152,07030004-509,Hay Creek,River/Stream,Kanabec,07030004,-93.277739,46.130922,Orthophosphate,Y,0.016,0.016,mg/L,5,2,mg/L
2012-09-11,S007-152,07030004-509,Hay Creek,River/Stream,Kanabec,07030004,-93.277739,46.130922,Phosphorus,Y,0.111,0.111,mg/L,5,5,mg/L
2012-09-11,S007-152,07030004-509,Hay Creek,River/Stream,Kanabec,07030004,-93.277739,46.130922,Escherichia coli,Y,15,15,MPN/100mL,1,4,MPN/100mL
2012-09-11,S007-152,07030004-509,Hay Creek,River/Stream,Kanabec,07030004,-93.277739,46.130922,Distance from/to,Y,5.8,5.8,ft,,,
2012-08-28,S007-152,07030004-509,Hay Creek,River/Stream,Kanabec,07030004,-93.277739,46.130922,Escherichia coli,Y,60,60,MPN/100mL,1,4,MPN/100mL
2012-08-28,S007-152,07030004-509,Hay Creek,River/Stream,Kanabec,07030004,-93.277739,46.130922,Phosphorus,Y,0.151,0.151,mg/L,5,5,mg/L
2012-08-28,S007-152,07030004-509,Hay Creek,River/Stream,Kanabec,07030004,-93.277739,46.130922,Orthophosphate,Y,0.012,0.012,mg/L,5,2,mg/L
2012-08-28,S007-152,07030004-509,Hay Creek,River/Stream,Kanabec,07030004,-93.277739,46.130922,Distance from/to,Y,5.63,5.63,ft,,,
2012-08-28,S007-152,07030004-509,Hay Creek,River/Stream,Kanabec,07030004,-93.277739,46.130922,Specific conductance,Y,0.169,0.169,uS/cm,,,
2012-08-28,S007-152,07030004-509,Hay Creek,River/Stream,Kanabec,07030004,-93.277739,46.130922,pH,Y,6.71,6.71,None,,,
2012-08-28,S007-152,07030004-509,Hay Creek,River/Stream,Kanabec,07030004,-93.277739,46.130922,Dissolved oxygen (DO),Y,1.56,1.56,mg/L,,,
2012-08-28,S007-152,07030004-509,Hay Creek,River/Stream,Kanabec,07030004,-93.277739,46.130922,"Temperature, water",Y,16.21,16.21,deg C,,,
2012-08-14,S007-152,07030004-509,Hay Creek,River/Stream,Kanabec,07030004,-93.277739,46.130922,Phosphorus,Y,0.175,0.175,mg/L,5,5,mg/L
2012-08-14,S007-152,07030004-509,Hay Creek,River/Stream,Kanabec,07030004,-93.277739,46.130922,Orthophosphate,Y,0.007,0.007,mg/L,5,2,mg/L
2012-08-14,S007-152,07030004-509,Hay Creek,River/Stream,Kanabec,07030004,-93.277739,46.130922,Distance from/to,Y,5.48,5.48,ft,,,
2012-08-14,S007-152,07030004-509,Hay Creek,River/Stream,Kanabec,07030004,-93.277739,46.130922,Escherichia coli,Y,110,110,MPN/100mL,1,4,MPN/100mL
2012-08-14,S007-152,07030004-509,Hay Creek,River/Stream,Kanabec,07030004,-93.277739,46.130922,"Temperature, water",Y,17.34,17.34,deg C,,,
2012-08-14,S007-152,07030004-509,Hay Creek,River/Stream,Kanabec,07030004,-93.277739,46.130922,Specific conductance,Y,0.15,0.150,uS/cm,,,
2012-08-14,S007-152,07030004-509,Hay Creek,River/Stream,Kanabec,07030004,-93.277739,46.130922,Dissolved oxygen (DO),Y,0.95,0.95,mg/L,,,
2012-08-14,S007-152,07030004-509,Hay Creek,River/Stream,Kanabec,07030004,-93.277739,46.130922,pH,Y,6.47,6.47,None,,,
2012-07-31,S007-152,07030004-509,Hay Creek,River/Stream,Kanabec,07030004,-93.277739,46.130922,Escherichia coli,Y,290,290,MPN/100mL,1,4,MPN/100mL
2012-07-31,S007-152,07030004-509,Hay Creek,River/Stream,Kanabec,07030004,-93.277739,46.130922,Phosphorus,Y,0.28,0.280,mg/L,5,5,mg/L
2012-07-31,S007-152,07030004-509,Hay Creek,River/Stream,Kanabec,07030004,-93.277739,46.130922,Orthophosphate,Y,0.026,0.026,mg/L,5,2,mg/L
2012-07-31,S007-152,07030004-509,Hay Creek,River/Stream,Kanabec,07030004,-93.277739,46.130922,Distance from/to,Y,5.61,5.61,ft,,,
2012-07-31,S007-152,07030004-509,Hay Creek,River/Stream,Kanabec,07030004,-93.277739,46.130922,Specific conductance,Y,0.179,0.179,uS/cm,,,
2012-07-31,S007-152,07030004-509,Hay Creek,River/Stream,Kanabec,07030004,-93.277739,46.130922,pH,Y,6.69,6.69,None,,,
2012-07-31,S007-152,07030004-509,Hay Creek,River/Stream,Kanabec,07030004,-93.277739,46.130922,Dissolved oxygen (DO),Y,1.07,1.07,mg/L,,,
2012-07-31,S007-152,07030004-509,Hay Creek,River/Stream,Kanabec,07030004,-93.277739,46.130922,"Temperature, water",Y,20.71,20.71,deg C,,,
2012-07-16,S007-152,07030004-509,Hay Creek,River/Stream,Kanabec,07030004,-93.277739,46.130922,Dissolved oxygen (DO),Y,0.34,0.34,mg/L,,,
2012-07-16,S007-152,07030004-509,Hay Creek,River/Stream,Kanabec,07030004,-93.277739,46.130922,Distance from/to,Y,5.6,5.6,ft,,,
2012-07-16,S007-152,07030004-509,Hay Creek,River/Stream,Kanabec,07030004,-93.277739,46.130922,"Temperature, water",Y,23.47,23.47,deg C,,,
2012-07-16,S007-152,07030004-509,Hay Creek,River/Stream,Kanabec,07030004,-93.277739,46.130922,Specific conductance,Y,0.173,0.173,uS/cm,,,
2012-07-16,S007-152,07030004-509,Hay Creek,River/Stream,Kanabec,07030004,-93.277739,46.130922,pH,Y,6.6,6.60,None,,,
2012-07-16,S007-152,07030004-509,Hay Creek,River/Stream,Kanabec,07030004,-93.277739,46.130922,Phosphorus,Y,0.405,0.405,mg/L,5,5,mg/L
2012-07-16,S007-152,07030004-509,Hay Creek,River/Stream,Kanabec,07030004,-93.277739,46.130922,Escherichia coli,Y,270,270,MPN/100mL,1,4,MPN/100mL
2012-07-16,S007-152,07030004-509,Hay Creek,River/Stream,Kanabec,07030004,-93.277739,46.130922,Orthophosphate,Y,0.017,0.017,mg/L,5,2,mg/L
2012-07-03,S007-152,07030004-509,Hay Creek,River/Stream,Kanabec,07030004,-93.277739,46.130922,Escherichia coli,Y,390,390,MPN/100mL,1,4,MPN/100mL
2012-07-03,S007-152,07030004-509,Hay Creek,River/Stream,Kanabec,07030004,-93.277739,46.130922,Phosphorus,Y,0.307,0.307,mg/L,5,5,mg/L
2012-07-03,S007-152,07030004-509,Hay Creek,River/Stream,Kanabec,07030004,-93.277739,46.130922,Distance from/to,Y,5.57,5.57,ft,,,
2012-07-03,S007-152,07030004-509,Hay Creek,River/Stream,Kanabec,07030004,-93.277739,46.130922,Dissolved oxygen (DO),Y,0.62,0.62,mg/L,,,
2012-07-03,S007-152,07030004-509,Hay Creek,River/Stream,Kanabec,07030004,-93.277739,46.130922,pH,Y,6.51,6.51,None,,,
2012-07-03,S007-152,07030004-509,Hay Creek,River/Stream,Kanabec,07030004,-93.277739,46.130922,Specific conductance,Y,0.138,0.138,uS/cm,,,
2012-07-03,S007-152,07030004-509,Hay Creek,River/Stream,Kanabec,07030004,-93.277739,46.130922,"Temperature, water",Y,24.43,24.43,deg C,,,
2012-07-03,S007-152,07030004-509,Hay Creek,River/Stream,Kanabec,07030004,-93.277739,46.130922,Orthophosphate,Y,0.026,0.026,mg/L,5,2,mg/L
2012-06-19,S007-152,07030004-509,Hay Creek,River/Stream,Kanabec,07030004,-93.277739,46.130922,Phosphorus,Y,0.082,0.082,mg/L,5,5,mg/L
2012-06-19,S007-152,07030004-509,Hay Creek,River/Stream,Kanabec,07030004,-93.277739,46.130922,Orthophosphate,Y,0.024,0.024,mg/L,5,2,mg/L
2012-06-19,S007-152,07030004-509,Hay Creek,River/Stream,Kanabec,07030004,-93.277739,46.130922,Distance from/to,Y,5.28,5.28,ft,,,
2012-06-19,S007-152,07030004-509,Hay Creek,River/Stream,Kanabec,07030004,-93.277739,46.130922,"Temperature, water",Y,19.01,19.01,deg C,,,
2012-06-19,S007-152,07030004-509,Hay Creek,River/Stream,Kanabec,07030004,-93.277739,46.130922,pH,Y,6.7,6.70,None,,,
2012-06-19,S007-152,07030004-509,Hay Creek,River/Stream,Kanabec,07030004,-93.277739,46.130922,Dissolved oxygen (DO),Y,1.75,1.75,mg/L,,,
2012-06-19,S007-152,07030004-509,Hay Creek,River/Stream,Kanabec,07030004,-93.277739,46.130922,Escherichia coli,Y,67,67,MPN/100mL,1,4,MPN/100mL
2012-06-19,S007-152,07030004-509,Hay Creek,River/Stream,Kanabec,07030004,-93.277739,46.130922,Specific conductance,Y,0.106,0.106,uS/cm,,,
2012-06-06,S007-152,07030004-509,Hay Creek,River/Stream,Kanabec,07030004,-93.277739,46.130922,Escherichia coli,Y,20,20,MPN/100mL,1,4,MPN/100mL
2012-06-06,S007-152,07030004-509,Hay Creek,River/Stream,Kanabec,07030004,-93.277739,46.130922,Phosphorus,Y,0.077,0.077,mg/L,5,5,mg/L
2012-06-06,S007-152,07030004-509,Hay Creek,River/Stream,Kanabec,07030004,-93.277739,46.130922,Orthophosphate,Y,0.02,0.020,mg/L,5,2,mg/L
2012-06-06,S007-152,07030004-509,Hay Creek,River/Stream,Kanabec,07030004,-93.277739,46.130922,Distance from/to,Y,5.1,5.1,ft,,,
2012-06-06,S007-152,07030004-509,Hay Creek,River/Stream,Kanabec,07030004,-93.277739,46.130922,"Temperature, water",Y,20.98,20.98,deg C,,,
2012-06-06,S007-152,07030004-509,Hay Creek,River/Stream,Kanabec,07030004,-93.277739,46.130922,Specific conductance,Y,0.089,0.089,uS/cm,,,
2012-06-06,S007-152,07030004-509,Hay Creek,River/Stream,Kanabec,07030004,-93.277739,46.130922,Dissolved oxygen (DO),Y,3.51,3.51,mg/L,,,
2012-06-06,S007-152,07030004-509,Hay Creek,River/Stream,Kanabec,07030004,-93.277739,46.130922,pH,Y,6.67,6.67,None,,,
2012-09-02,S007-286,07030004-586,SNAKE RIVER,River/Stream,Pine,07030004,-93.019011,45.817709,"Temperature, water",Y,18.89,18.89,deg C,,,
2012-08-27,S007-286,07030004-586,SNAKE RIVER,River/Stream,Pine,07030004,-93.019011,45.817709,"Temperature, water",Y,19.44,19.44,deg C,,,
2012-08-19,S007-286,07030004-586,SNAKE RIVER,River/Stream,Pine,07030004,-93.019011,45.817709,"Temperature, water",Y,19.44,19.44,deg C,,,
2012-08-11,S007-286,07030004-586,SNAKE RIVER,River/Stream,Pine,07030004,-93.019011,45.817709,"Temperature, water",Y,21.67,21.67,deg C,,,
2012-08-06,S007-286,07030004-586,SNAKE RIVER,River/Stream,Pine,07030004,-93.019011,45.817709,"Temperature, water",Y,25,25.00,deg C,,,
2012-07-30,S007-286,07030004-586,SNAKE RIVER,River/Stream,Pine,07030004,-93.019011,45.817709,"Temperature, water",Y,25,25.00,deg C,,,
2012-07-22,S007-286,07030004-586,SNAKE RIVER,River/Stream,Pine,07030004,-93.019011,45.817709,"Temperature, water",Y,28.89,28.89,deg C,,,
2012-07-15,S007-286,07030004-586,SNAKE RIVER,River/Stream,Pine,07030004,-93.019011,45.817709,"Temperature, water",Y,27.22,27.22,deg C,,,
2012-07-09,S007-286,07030004-586,SNAKE RIVER,River/Stream,Pine,07030004,-93.019011,45.817709,"Temperature, water",Y,25,25.00,deg C,,,
2012-07-06,S007-286,07030004-586,SNAKE RIVER,River/Stream,Pine,07030004,-93.019011,45.817709,"Temperature, water",Y,26.11,26.11,deg C,,,
2012-06-22,S007-286,07030004-586,SNAKE RIVER,River/Stream,Pine,07030004,-93.019011,45.817709,"Temperature, water",Y,21.11,21.11,deg C,,,
2012-06-15,S007-286,07030004-586,SNAKE RIVER,River/Stream,Pine,07030004,-93.019011,45.817709,"Temperature, water",Y,20,20.00,deg C,,,
2012-06-08,S007-286,07030004-586,SNAKE RIVER,River/Stream,Pine,07030004,-93.019011,45.817709,"Temperature, water",Y,21.67,21.67,deg C,,,
2012-06-02,S007-286,07030004-586,SNAKE RIVER,River/Stream,Pine,07030004,-93.019011,45.817709,"Temperature, water",Y,19.44,19.44,deg C,,,
2013-06-30,S007-629,07030004-528,Unnamed Stream,River/Stream,Pine,07030004,-93.063083,45.834888,Phosphorus,Y,0.314,0.314,mg/L,0.007,0.002,mg/L
2013-06-30,S007-629,07030004-528,Unnamed Stream,River/Stream,Pine,07030004,-93.063083,45.834888,"Temperature, water",Y,21,21,deg C,,,
2015-06-06,S007-718,07030004-506,SNAKE RIVER,River/Stream,Kanabec,07030004,-93.292499,45.910451,"Temperature, water",Y,15.56,15.56,deg C,,,
2015-05-22,S007-718,07030004-506,SNAKE RIVER,River/Stream,Kanabec,07030004,-93.292499,45.910451,"Temperature, water",Y,15,15.00,deg C,,,
2015-05-17,S007-718,07030004-506,SNAKE RIVER,River/Stream,Kanabec,07030004,-93.292499,45.910451,"Temperature, water",Y,11.67,11.67,deg C,,,
2015-05-07,S007-718,07030004-506,SNAKE RIVER,River/Stream,Kanabec,07030004,-93.292499,45.910451,"Temperature, water",Y,10,10.00,deg C,,,
2015-04-27,S007-718,07030004-506,SNAKE RIVER,River/Stream,Kanabec,07030004,-93.292499,45.910451,"Temperature, water",Y,7.22,7.22,deg C,,,
2014-09-17,S007-718,07030004-506,SNAKE RIVER,River/Stream,Kanabec,07030004,-93.292499,45.910451,"Temperature, water",Y,12.78,12.78,deg C,,,
2014-08-22,S007-718,07030004-506,SNAKE RIVER,River/Stream,Kanabec,07030004,-93.292499,45.910451,"Temperature, water",Y,20,20.00,deg C,,,
2014-06-12,S007-718,07030004-506,SNAKE RIVER,River/Stream,Kanabec,07030004,-93.292499,45.910451,"Temperature, water",Y,15.56,15.56,deg C,,,
2014-05-31,S007-718,07030004-506,SNAKE RIVER,River/Stream,Kanabec,07030004,-93.292499,45.910451,"Temperature, water",Y,17.78,17.78,deg C,,,
2014-05-23,S007-718,07030004-506,SNAKE RIVER,River/Stream,Kanabec,07030004,-93.292499,45.910451,"Temperature, water",Y,16.67,16.67,deg C,,,
2014-05-16,S007-718,07030004-506,SNAKE RIVER,River/Stream,Kanabec,07030004,-93.292499,45.910451,"Temperature, water",Y,15.56,15.56,deg C,,,
2014-05-02,S007-718,07030004-506,SNAKE RIVER,River/Stream,Kanabec,07030004,-93.292499,45.910451,"Temperature, water",Y,4.44,4.44,deg C,,,
2013-10-05,S007-718,07030004-506,SNAKE RIVER,River/Stream,Kanabec,07030004,-93.292499,45.910451,"Temperature, water",Y,15.56,15.56,deg C,,,
2013-09-22,S007-718,07030004-506,SNAKE RIVER,River/Stream,Kanabec,07030004,-93.292499,45.910451,"Temperature, water",Y,15.56,15.56,deg C,,,
2013-09-16,S007-718,07030004-506,SNAKE RIVER,River/Stream,Kanabec,07030004,-93.292499,45.910451,"Temperature, water",Y,17.78,17.78,deg C,,,
2013-08-09,S007-718,07030004-506,SNAKE RIVER,River/Stream,Kanabec,07030004,-93.292499,45.910451,"Temperature, water",Y,18.33,18.33,deg C,,,
2013-08-02,S007-718,07030004-506,SNAKE RIVER,River/Stream,Kanabec,07030004,-93.292499,45.910451,"Temperature, water",Y,23.89,23.89,deg C,,,
2013-07-19,S007-718,07030004-506,SNAKE RIVER,River/Stream,Kanabec,07030004,-93.292499,45.910451,"Temperature, water",Y,25.56,25.56,deg C,,,
2013-06-28,S007-718,07030004-506,SNAKE RIVER,River/Stream,Kanabec,07030004,-93.292499,45.910451,"Temperature, water",Y,22.78,22.78,deg C,,,
2013-06-14,S007-718,07030004-506,SNAKE RIVER,River/Stream,Kanabec,07030004,-93.292499,45.910451,"Temperature, water",Y,18.33,18.33,deg C,,,
2013-06-07,S007-718,07030004-506,SNAKE RIVER,River/Stream,Kanabec,07030004,-93.292499,45.910451,"Temperature, water",Y,15.56,15.56,deg C,,,
2013-05-30,S007-718,07030004-506,SNAKE RIVER,River/Stream,Kanabec,07030004,-93.292499,45.910451,"Temperature, water",Y,15.56,15.56,deg C,,,
2013-05-24,S007-718,07030004-506,SNAKE RIVER,River/Stream,Kanabec,07030004,-93.292499,45.910451,"Temperature, water",Y,12.78,12.78,deg C,,,
2013-05-17,S007-718,07030004-506,SNAKE RIVER,River/Stream,Kanabec,07030004,-93.292499,45.910451,"Temperature, water",Y,8.89,8.89,deg C,,,
2013-05-10,S007-718,07030004-506,SNAKE RIVER,River/Stream,Kanabec,07030004,-93.292499,45.910451,"Temperature, water",Y,6.11,6.11,deg C,,,
2013-05-04,S007-718,07030004-506,SNAKE RIVER,River/Stream,Kanabec,07030004,-93.292499,45.910451,"Temperature, water",Y,3.89,3.89,deg C,,,
2013-04-26,S007-718,07030004-506,SNAKE RIVER,River/Stream,Kanabec,07030004,-93.292499,45.910451,"Temperature, water",Y,7.22,7.22,deg C,,,
2021-09-07,S008-329,07030004-551,Knife River,River/Stream,Kanabec,07030004,-93.321934,45.94708,Venlafaxine,N,,,ng/L,0.372,0.372,ng/L
2021-09-07,S008-329,07030004-551,Knife River,River/Stream,Kanabec,07030004,-93.321934,45.94708,Trenbolone,N,,,ng/L,1.87,1.87,ng/L
2021-09-07,S008-329,07030004-551,Knife River,River/Stream,Kanabec,07030004,-93.321934,45.94708,Trenbolone acetate,N,,,ng/L,0.279,0.279,ng/L
2021-09-07,S008-329,07030004-551,Knife River,River/Stream,Kanabec,07030004,-93.321934,45.94708,DEET,Y,23,23.0,ng/L,0.279,0.279,ng/L
2021-09-07,S008-329,07030004-551,Knife River,River/Stream,Kanabec,07030004,-93.321934,45.94708,Valsartan,N,,,ng/L,3.72,3.72,ng/L
2021-09-07,S008-329,07030004-551,Knife River,River/Stream,Kanabec,07030004,-93.321934,45.94708,Alprazolam,N,,,ng/L,0.279,0.279,ng/L
2021-09-07,S008-329,07030004-551,Knife River,River/Stream,Kanabec,07030004,-93.321934,45.94708,Fluocinonide,N,,,ng/L,1.87,1.87,ng/L
2021-09-07,S008-329,07030004-551,Knife River,River/Stream,Kanabec,07030004,-93.321934,45.94708,Betamethasone,N,,,ng/L,1.39,1.39,ng/L
2021-09-07,S008-329,07030004-551,Knife River,River/Stream,Kanabec,07030004,-93.321934,45.94708,Diazepam,N,,,ng/L,0.467,0.467,ng/L
2021-09-07,S008-329,07030004-551,Knife River,River/Stream,Kanabec,07030004,-93.321934,45.94708,Propoxyphene,N,,,ng/L,0.279,0.279,ng/L
2021-09-07,S008-329,07030004-551,Knife River,River/Stream,Kanabec,07030004,-93.321934,45.94708,Hydrocortisone,N,,,ng/L,5.58,5.58,ng/L
2021-09-07,S008-329,07030004-551,Knife River,River/Stream,Kanabec,07030004,-93.321934,45.94708,Prednisolone,N,,,ng/L,3.72,3.72,ng/L
2021-09-07,S008-329,07030004-551,Knife River,River/Stream,Kanabec,07030004,-93.321934,45.94708,Cocaine,N,,,ng/L,0.139,0.139,ng/L
2021-09-07,S008-329,07030004-551,Knife River,River/Stream,Kanabec,07030004,-93.321934,45.94708,Amitriptyline,N,,,ng/L,0.279,0.279,ng/L
2021-09-07,S008-329,07030004-551,Knife River,River/Stream,Kanabec,07030004,-93.321934,45.94708,Metoprolol,N,,,ng/L,0.467,0.467,ng/L
2021-09-07,S008-329,07030004-551,Knife River,River/Stream,Kanabec,07030004,-93.321934,45.94708,Verapamil,N,,,ng/L,0.139,0.139,ng/L
2021-09-07,S008-329,07030004-551,Knife River,River/Stream,Kanabec,07030004,-93.321934,45.94708,Propranolol,N,,,ng/L,0.279,0.279,ng/L
2021-09-07,S008-329,07030004-551,Knife River,River/Stream,Kanabec,07030004,-93.321934,45.94708,Prednisone,N,,,ng/L,5.58,5.58,ng/L
2021-09-07,S008-329,07030004-551,Knife River,River/Stream,Kanabec,07030004,-93.321934,45.94708,Meprobamate,N,,,ng/L,1.39,1.39,ng/L
2021-09-07,S008-329,07030004-551,Knife River,River/Stream,Kanabec,07030004,-93.321934,45.94708,Theophylline,Y,14.5,14.5,ng/L,5.58,5.58,ng/L
2021-09-07,S008-329,07030004-551,Knife River,River/Stream,Kanabec,07030004,-93.321934,45.94708,Promethazine,N,,,ng/L,0.279,0.279,ng/L
2021-09-07,S008-329,07030004-551,Knife River,River/Stream,Kanabec,07030004,-93.321934,45.94708,Eprosartan,N,,,ng/L,0.892,0.548,ng/L
2021-09-07,S008-329,07030004-551,Knife River,River/Stream,Kanabec,07030004,-93.321934,45.94708,Irbesartan,N,,,ng/L,0.446,0.446,ng/L
2021-09-07,S008-329,07030004-551,Knife River,River/Stream,Kanabec,07030004,-93.321934,45.94708,Diclofenac,N,,,ng/L,2.97,1.77,ng/L
2021-09-07,S008-329,07030004-551,Knife River,River/Stream,Kanabec,07030004,-93.321934,45.94708,Triamterene,N,,,ng/L,0.281,0.374,ng/L
2021-09-07,S008-329,07030004-551,Knife River,River/Stream,Kanabec,07030004,-93.321934,45.94708,Clonidine,N,,,ng/L,1.12,4.49,ng/L
2021-09-07,S008-329,07030004-551,Knife River,River/Stream,Kanabec,07030004,-93.321934,45.94708,Cotinine,Y,3.2,3.20,ng/L,0.281,1.14,ng/L
2021-09-07,S008-329,07030004-551,Knife River,River/Stream,Kanabec,07030004,-93.321934,45.94708,Cimetidine,N,,,ng/L,0.562,0.543,ng/L
2021-09-07,S008-329,07030004-551,Knife River,River/Stream,Kanabec,07030004,-93.321934,45.94708,Metformin,Y,1.27,1.27,ng/L,0.281,5.24,ng/L
2021-09-07,S008-329,07030004-551,Knife River,River/Stream,Kanabec,07030004,-93.321934,45.94708,Ranitidine,N,,,ng/L,0.562,0.749,ng/L
2021-09-07,S008-329,07030004-551,Knife River,River/Stream,Kanabec,07030004,-93.321934,45.94708,Enalapril,N,,,ng/L,0.281,0.393,ng/L
2021-09-07,S008-329,07030004-551,Knife River,River/Stream,Kanabec,07030004,-93.321934,45.94708,Oxycodone,N,,,ng/L,0.562,0.824,ng/L
2021-09-07,S008-329,07030004-551,Knife River,River/Stream,Kanabec,07030004,-93.321934,45.94708,Codeine,N,,,ng/L,1.12,3.93,ng/L
2021-09-07,S008-329,07030004-551,Knife River,River/Stream,Kanabec,07030004,-93.321934,45.94708,Triclocarban,N,,,ng/L,0.372,0.372,ng/L
2021-09-07,S008-329,07030004-551,Knife River,River/Stream,Kanabec,07030004,-93.321934,45.94708,Glyburide,N,,,ng/L,0.744,0.744,ng/L
2021-09-07,S008-329,07030004-551,Knife River,River/Stream,Kanabec,07030004,-93.321934,45.94708,Ibuprofen,N,,,ng/L,3.72,3.72,ng/L
2021-09-07,S008-329,07030004-551,Knife River,River/Stream,Kanabec,07030004,-93.321934,45.94708,Naproxen,N,,,ng/L,1.86,1.86,ng/L
2021-09-07,S008-329,07030004-551,Knife River,River/Stream,Kanabec,07030004,-93.321934,45.94708,Gemfibrozil,N,,,ng/L,0.744,0.744,ng/L
2021-09-07,S008-329,07030004-551,Knife River,River/Stream,Kanabec,07030004,-93.321934,45.94708,Glipizide,N,,,ng/L,0.744,0.744,ng/L
2021-09-07,S008-329,07030004-551,Knife River,River/Stream,Kanabec,07030004,-93.321934,45.94708,Triclosan,N,,,ng/L,5.58,5.58,ng/L
2021-09-07,S008-329,07030004-551,Knife River,River/Stream,Kanabec,07030004,-93.321934,45.94708,"Hydroxy-ibuprofen, 2-",N,,,ng/L,3.72,3.72,ng/L
2021-09-07,S008-329,07030004-551,Knife River,River/Stream,Kanabec,07030004,-93.321934,45.94708,Furosemide,N,,,ng/L,3.72,3.72,ng/L
2021-09-07,S008-329,07030004-551,Knife River,River/Stream,Kanabec,07030004,-93.321934,45.94708,Hydrochlorothiazide,N,,,ng/L,15.6,15.6,ng/L
2021-09-07,S008-329,07030004-551,Knife River,River/Stream,Kanabec,07030004,-93.321934,45.94708,Bisphenol A,N,,,ng/L,8.25,5.58,ng/L
2021-09-07,S008-329,07030004-551,Knife River,River/Stream,Kanabec,07030004,-93.321934,45.94708,Warfarin,N,,,ng/L,0.372,0.372,ng/L
2021-09-07,S008-329,07030004-551,Knife River,River/Stream,Kanabec,07030004,-93.321934,45.94708,Erythromycin-H20,N,,,ng/L,2.14,0.567,ng/L
2021-09-07,S008-329,07030004-551,Knife River,River/Stream,Kanabec,07030004,-93.321934,45.94708,Acetaminophen,N,,,ng/L,13.9,1.58,ng/L
2021-09-07,S008-329,07030004-551,Knife River,River/Stream,Kanabec,07030004,-93.321934,45.94708,Clinafloxacin,N,,,ng/L,22.4,25.1,ng/L
2021-09-07,S008-329,07030004-551,Knife River,River/Stream,Kanabec,07030004,-93.321934,45.94708,Sulfadimethoxine,N,,,ng/L,0.413,0.205,ng/L
2021-09-07,S008-329,07030004-551,Knife River,River/Stream,Kanabec,07030004,-93.321934,45.94708,Sulfamerazine,N,,,ng/L,0.558,0.595,ng/L
2021-09-07,S008-329,07030004-551,Knife River,River/Stream,Kanabec,07030004,-93.321934,45.94708,Tylosin,N,,,ng/L,5.58,3.81,ng/L
2021-09-07,S008-329,07030004-551,Knife River,River/Stream,Kanabec,07030004,-93.321934,45.94708,Sulfamethizole,N,,,ng/L,0.909,1.3,ng/L
2021-09-07,S008-329,07030004-551,Knife River,River/Stream,Kanabec,07030004,-93.321934,45.94708,Oxolinic acid,N,,,ng/L,0.922,1.12,ng/L
2021-09-07,S008-329,07030004-551,Knife River,River/Stream,Kanabec,07030004,-93.321934,45.94708,Thiabendazole,N,,,ng/L,1.39,0.725,ng/L
2021-09-07,S008-329,07030004-551,Knife River,River/Stream,Kanabec,07030004,-93.321934,45.94708,Lincomycin,N,,,ng/L,2.79,0.483,ng/L
2021-09-07,S008-329,07030004-551,Knife River,River/Stream,Kanabec,07030004,-93.321934,45.94708,Digoxigenin,N,,,ng/L,20.9,13,ng/L
2021-09-07,S008-329,07030004-551,Knife River,River/Stream,Kanabec,07030004,-93.321934,45.94708,Digoxin,N,,,ng/L,5.58,5.02,ng/L
2021-09-07,S008-329,07030004-551,Knife River,River/Stream,Kanabec,07030004,-93.321934,45.94708,Virginiamycin M1,N,,,ng/L,2.79,2.7,ng/L
2021-09-07,S008-329,07030004-551,Knife River,River/Stream,Kanabec,07030004,-93.321934,45.94708,Miconazole,N,,,ng/L,1.39,0.688,ng/L
2021-09-07,S008-329,07030004-551,Knife River,River/Stream,Kanabec,07030004,-93.321934,45.94708,Carbamazepine,N,,,ng/L,1.39,1.39,ng/L
2021-09-07,S008-329,07030004-551,Knife River,River/Stream,Kanabec,07030004,-93.321934,45.94708,Norgestimate,N,,,ng/L,2.79,2.23,ng/L
2021-09-07,S008-329,07030004-551,Knife River,River/Stream,Kanabec,07030004,-93.321934,45.94708,Diltiazem,N,,,ng/L,0.279,0.465,ng/L
2021-09-07,S008-329,07030004-551,Knife River,River/Stream,Kanabec,07030004,-93.321934,45.94708,Flumequine,N,,,ng/L,1.4,1.02,ng/L
2021-09-07,S008-329,07030004-551,Knife River,River/Stream,Kanabec,07030004,-93.321934,45.94708,Fluoxetine,N,,,ng/L,1.39,1.3,ng/L
2021-09-07,S008-329,07030004-551,Knife River,River/Stream,Kanabec,07030004,-93.321934,45.94708,Sulfamethazine,N,,,ng/L,2.83,1.58,ng/L
2021-09-07,S008-329,07030004-551,Knife River,River/Stream,Kanabec,07030004,-93.321934,45.94708,Caffeine,N,,,ng/L,13.9,13,ng/L
2021-09-07,S008-329,07030004-551,Knife River,River/Stream,Kanabec,07030004,-93.321934,45.94708,Diphenhydramine,N,,,ng/L,0.558,0.13,ng/L
2021-09-07,S008-329,07030004-551,Knife River,River/Stream,Kanabec,07030004,-93.321934,45.94708,Penicillin G,N,,,ng/L,2.79,3.07,ng/L
2021-09-07,S008-329,07030004-551,Knife River,River/Stream,Kanabec,07030004,-93.321934,45.94708,Cloxacillin,N,,,ng/L,2.79,7.99,ng/L
2021-09-07,S008-329,07030004-551,Knife River,River/Stream,Kanabec,07030004,-93.321934,45.94708,"1,7-Dimethylxanthine",N,,,ng/L,55.8,76.2,ng/L
2021-09-07,S008-329,07030004-551,Knife River,River/Stream,Kanabec,07030004,-93.321934,45.94708,Cefotaxime,N,,,ng/L,37.6,22.3,ng/L
2021-09-07,S008-329,07030004-551,Knife River,River/Stream,Kanabec,07030004,-93.321934,45.94708,p-Octylphenol,N,,,ng/L,0.75,5.76,ng/L
2021-09-07,S008-329,07030004-551,Knife River,River/Stream,Kanabec,07030004,-93.321934,45.94708,Metronidazole,N,,,ng/L,1.86,1.86,ng/L
2021-09-07,S008-329,07030004-551,Knife River,River/Stream,Kanabec,07030004,-93.321934,45.94708,Azathioprine,N,,,ng/L,0.93,0.93,ng/L
2021-09-07,S008-329,07030004-551,Knife River,River/Stream,Kanabec,07030004,-93.321934,45.94708,Cyclophosphamide,N,,,ng/L,0.372,0.372,ng/L
2021-09-07,S008-329,07030004-551,Knife River,River/Stream,Kanabec,07030004,-93.321934,45.94708,Amsacrine,N,,,ng/L,0.0415,0.0372,ng/L
2021-09-07,S008-329,07030004-551,Knife River,River/Stream,Kanabec,07030004,-93.321934,45.94708,Busulfan,N,,,ng/L,1.86,1.86,ng/L
2021-09-07,S008-329,07030004-551,Knife River,River/Stream,Kanabec,07030004,-93.321934,45.94708,Citalopram,N,,,ng/L,0.372,0.372,ng/L
2021-09-07,S008-329,07030004-551,Knife River,River/Stream,Kanabec,07030004,-93.321934,45.94708,Iopamidol,N,,,ng/L,74.4,74.4,ng/L
2021-09-07,S008-329,07030004-551,Knife River,River/Stream,Kanabec,07030004,-93.321934,45.94708,Oxazepam,N,,,ng/L,3.72,3.72,ng/L
2021-09-07,S008-329,07030004-551,Knife River,River/Stream,Kanabec,07030004,-93.321934,45.94708,Colchicine,N,,,ng/L,0.744,0.744,ng/L
2021-09-07,S008-329,07030004-551,Knife River,River/Stream,Kanabec,07030004,-93.321934,45.94708,Drospirenone,N,,,ng/L,7.44,7.44,ng/L
2021-09-07,S008-329,07030004-551,Knife River,River/Stream,Kanabec,07030004,-93.321934,45.94708,Carbadox,N,,,ng/L,3.79,0.586,ng/L
2021-09-07,S008-329,07030004-551,Knife River,River/Stream,Kanabec,07030004,-93.321934,45.94708,Ormetoprim,N,,,ng/L,0.558,0.4,ng/L
2021-09-07,S008-329,07030004-551,Knife River,River/Stream,Kanabec,07030004,-93.321934,45.94708,Norfloxacin,N,,,ng/L,23.6,11.2,ng/L
2021-09-07,S008-329,07030004-551,Knife River,River/Stream,Kanabec,07030004,-93.321934,45.94708,Sulfamethoxazole,N,,,ng/L,0.558,2.05,ng/L
2021-09-07,S008-329,07030004-551,Knife River,River/Stream,Kanabec,07030004,-93.321934,45.94708,Trimethoprim,N,,,ng/L,1.39,0.688,ng/L
2021-09-07,S008-329,07030004-551,Knife River,River/Stream,Kanabec,07030004,-93.321934,45.94708,Sulfachloropyridazine,N,,,ng/L,1.39,1.86,ng/L
2021-09-07,S008-329,07030004-551,Knife River,River/Stream,Kanabec,07030004,-93.321934,45.94708,Roxithromycin,N,,,ng/L,0.279,0.158,ng/L
2021-09-07,S008-329,07030004-551,Knife River,River/Stream,Kanabec,07030004,-93.321934,45.94708,Clarithromycin,N,,,ng/L,1.39,0.772,ng/L
2021-09-07,S008-329,07030004-551,Knife River,River/Stream,Kanabec,07030004,-93.321934,45.94708,Ofloxacin,N,,,ng/L,1.39,3.35,ng/L
2021-09-07,S008-329,07030004-551,Knife River,River/Stream,Kanabec,07030004,-93.321934,45.94708,Azithromycin,N,,,ng/L,1.85,1.67,ng/L
2021-09-07,S008-329,07030004-551,Knife River,River/Stream,Kanabec,07030004,-93.321934,45.94708,Ciprofloxacin,N,,,ng/L,10.1,3.16,ng/L
2021-09-07,S008-329,07030004-551,Knife River,River/Stream,Kanabec,07030004,-93.321934,45.94708,Penicillin V,N,,,ng/L,2.79,7.81,ng/L
2021-09-07,S008-329,07030004-551,Knife River,River/Stream,Kanabec,07030004,-93.321934,45.94708,Enrofloxacin,N,,,ng/L,2.79,8.37,ng/L
2021-09-07,S008-329,07030004-551,Knife River,River/Stream,Kanabec,07030004,-93.321934,45.94708,Trazodone,N,,,ng/L,0.446,0.26,ng/L
2021-09-07,S008-329,07030004-551,Knife River,River/Stream,Kanabec,07030004,-93.321934,45.94708,Melengestrol acetate,N,,,ng/L,0.446,0.363,ng/L
2021-09-07,S008-329,07030004-551,Knife River,River/Stream,Kanabec,07030004,-93.321934,45.94708,Fenofibrate,N,,,ng/L,0.446,0.456,ng/L
2021-09-07,S008-329,07030004-551,Knife River,River/Stream,Kanabec,07030004,-93.321934,45.94708,Norquetiapine,N,,,ng/L,0.892,0.669,ng/L
2021-09-07,S008-329,07030004-551,Knife River,River/Stream,Kanabec,07030004,-93.321934,45.94708,Lamotrigine,N,,,ng/L,2.97,1.12,ng/L
2021-09-07,S008-329,07030004-551,Knife River,River/Stream,Kanabec,07030004,-93.321934,45.94708,Ramipril,N,,,ng/L,0.446,0.242,ng/L
2021-09-07,S008-329,07030004-551,Knife River,River/Stream,Kanabec,07030004,-93.321934,45.94708,Topiramate,Y,1.52,1.52,ng/L,0.892,1.21,ng/L
2021-09-07,S008-329,07030004-551,Knife River,River/Stream,Kanabec,07030004,-93.321934,45.94708,Atorvastatin,N,,,ng/L,1.12,0.618,ng/L
2021-09-07,S008-329,07030004-551,Knife River,River/Stream,Kanabec,07030004,-93.321934,45.94708,Hydrocodone,N,,,ng/L,1.12,1.7,ng/L
2021-09-07,S008-329,07030004-551,Knife River,River/Stream,Kanabec,07030004,-93.321934,45.94708,Albuterol,N,,,ng/L,0.281,0.655,ng/L
2021-09-07,S008-329,07030004-551,Knife River,River/Stream,Kanabec,07030004,-93.321934,45.94708,Atenolol,N,,,ng/L,0.281,1.31,ng/L
2021-09-07,S008-329,07030004-551,Knife River,River/Stream,Kanabec,07030004,-93.321934,45.94708,Amphetamine,N,,,ng/L,0.281,0.917,ng/L
2021-09-07,S008-329,07030004-551,Knife River,River/Stream,Kanabec,07030004,-93.321934,45.94708,Oxacillin,N,,,ng/L,2.79,6.6,ng/L
2021-09-07,S008-329,07030004-551,Knife River,River/Stream,Kanabec,07030004,-93.321934,45.94708,Dehydronifedipine,N,,,ng/L,0.558,0.762,ng/L
2021-09-07,S008-329,07030004-551,Knife River,River/Stream,Kanabec,07030004,-93.321934,45.94708,Sulfadiazine,N,,,ng/L,1.39,0.521,ng/L
2021-09-07,S008-329,07030004-551,Knife River,River/Stream,Kanabec,07030004,-93.321934,45.94708,Sulfathiazole,N,,,ng/L,1.39,2.42,ng/L
2021-09-07,S008-329,07030004-551,Knife River,River/Stream,Kanabec,07030004,-93.321934,45.94708,Tamoxifen,N,,,ng/L,0.372,0.372,ng/L
2021-09-07,S008-329,07030004-551,Knife River,River/Stream,Kanabec,07030004,-93.321934,45.94708,Diatrizoic acid,N,,,ng/L,11.2,11.2,ng/L
2021-09-07,S008-329,07030004-551,Knife River,River/Stream,Kanabec,07030004,-93.321934,45.94708,Melphalan,N,,,ng/L,22.3,22.3,ng/L
2021-09-07,S008-329,07030004-551,Knife River,River/Stream,Kanabec,07030004,-93.321934,45.94708,Moxifloxacin,N,,,ng/L,3.72,3.72,ng/L
2021-09-07,S008-329,07030004-551,Knife River,River/Stream,Kanabec,07030004,-93.321934,45.94708,Daunomycin,N,,,ng/L,1.86,1.86,ng/L
2021-09-07,S008-329,07030004-551,Knife River,River/Stream,Kanabec,07030004,-93.321934,45.94708,Doxorubicin,N,,,ng/L,5.58,5.58,ng/L
2021-09-07,S008-329,07030004-551,Knife River,River/Stream,Kanabec,07030004,-93.321934,45.94708,Clotrimazole,N,,,ng/L,0.372,0.372,ng/L
2021-09-07,S008-329,07030004-551,Knife River,River/Stream,Kanabec,07030004,-93.321934,45.94708,Rosuvastatin,N,,,ng/L,3.72,3.72,ng/L
2021-09-07,S008-329,07030004-551,Knife River,River/Stream,Kanabec,07030004,-93.321934,45.94708,Teniposide,N,,,ng/L,3.72,3.72,ng/L
2021-09-07,S008-329,07030004-551,Knife River,River/Stream,Kanabec,07030004,-93.321934,45.94708,Zidovudine,N,,,ng/L,5.58,5.58,ng/L
2021-09-07,S008-329,07030004-551,Knife River,River/Stream,Kanabec,07030004,-93.321934,45.94708,Etoposide,N,,,ng/L,0.93,0.93,ng/L
2021-09-07,S008-329,07030004-551,Knife River,River/Stream,Kanabec,07030004,-93.321934,45.94708,Lomefloxacin,N,,,ng/L,2.79,13.9,ng/L
2021-09-07,S008-329,07030004-551,Knife River,River/Stream,Kanabec,07030004,-93.321934,45.94708,Sarafloxacin,N,,,ng/L,13.9,15.8,ng/L
2021-09-07,S008-329,07030004-551,Knife River,River/Stream,Kanabec,07030004,-93.321934,45.94708,Bisphenol AF,N,,,ng/L,1.95,0.574,ng/L
2021-09-07,S008-329,07030004-551,Knife River,River/Stream,Kanabec,07030004,-93.321934,45.94708,Bisphenol E,N,,,ng/L,4.87,2.63,ng/L
2021-09-07,S008-329,07030004-551,Knife River,River/Stream,Kanabec,07030004,-93.321934,45.94708,Bisphenol F,N,,,ng/L,4.87,5.74,ng/L
2021-09-07,S008-329,07030004-551,Knife River,River/Stream,Kanabec,07030004,-93.321934,45.94708,Bisphenol B,N,,,ng/L,1.95,0.837,ng/L
2021-09-07,S008-329,07030004-551,Knife River,River/Stream,Kanabec,07030004,-93.321934,45.94708,Bisphenol A,N,,,ng/L,1.95,2.24,ng/L
2021-09-07,S008-329,07030004-551,Knife River,River/Stream,Kanabec,07030004,-93.321934,45.94708,Bisphenol S,N,,,ng/L,1.22,0.448,ng/L
2021-09-07,S008-329,07030004-551,Knife River,River/Stream,Kanabec,07030004,-93.321934,45.94708,Paroxetine,N,,,ng/L,0.935,0.935,ng/L
2021-09-07,S008-329,07030004-551,Knife River,River/Stream,Kanabec,07030004,-93.321934,45.94708,Norverapamil,N,,,ng/L,0.139,0.139,ng/L
2021-09-07,S008-329,07030004-551,Knife River,River/Stream,Kanabec,07030004,-93.321934,45.94708,Sertraline,N,,,ng/L,0.279,0.279,ng/L
2021-09-07,S008-329,07030004-551,Knife River,River/Stream,Kanabec,07030004,-93.321934,45.94708,Simvastatin,N,,,ng/L,1.87,1.87,ng/L
2021-09-07,S008-329,07030004-551,Knife River,River/Stream,Kanabec,07030004,-93.321934,45.94708,Methylprednisolone,N,,,ng/L,6.36,3.72,ng/L
2021-09-07,S008-329,07030004-551,Knife River,River/Stream,Kanabec,07030004,-93.321934,45.94708,Norfluoxetine,N,,,ng/L,0.467,0.467,ng/L
2021-09-07,S008-329,07030004-551,Knife River,River/Stream,Kanabec,07030004,-93.321934,45.94708,Desmethyldiltiazem,N,,,ng/L,0.139,0.139,ng/L
2021-09-07,S008-329,07030004-551,Knife River,River/Stream,Kanabec,07030004,-93.321934,45.94708,Benztropine,N,,,ng/L,0.651,0.651,ng/L
2021-09-07,S008-329,07030004-551,Knife River,River/Stream,Kanabec,07030004,-93.321934,45.94708,Amlodipine,N,,,ng/L,0.935,0.935,ng/L
2021-09-07,S008-329,07030004-551,Knife River,River/Stream,Kanabec,07030004,-93.321934,45.94708,Clopidogrel,N,,,ng/L,0.446,0.288,ng/L
2021-09-07,S008-329,07030004-551,Knife River,River/Stream,Kanabec,07030004,-93.321934,45.94708,Tilmicosin,N,,,ng/L,1.78,1.77,ng/L
2021-09-07,S008-329,07030004-551,Knife River,River/Stream,Kanabec,07030004,-93.321934,45.94708,Quetiapine,N,,,ng/L,0.446,0.316,ng/L
2021-09-07,S008-329,07030004-551,Knife River,River/Stream,Kanabec,07030004,-93.321934,45.94708,Mycophenolate mofetil,N,,,ng/L,0.446,0.335,ng/L
2014-10-07,S008-329,07030004-551,Knife River,River/Stream,Kanabec,07030004,-93.321934,45.94708,Norfluoxetine,N,,,,1.53,,ng/L
2014-10-07,S008-329,07030004-551,Knife River,River/Stream,Kanabec,07030004,-93.321934,45.94708,Desmethyldiltiazem,N,,,,0.153,,ng/L
2014-10-07,S008-329,07030004-551,Knife River,River/Stream,Kanabec,07030004,-93.321934,45.94708,Benztropine,N,,,,0.508,,ng/L
2014-10-07,S008-329,07030004-551,Knife River,River/Stream,Kanabec,07030004,-93.321934,45.94708,Amlodipine,N,,,,1.53,,ng/L
2014-10-07,S008-329,07030004-551,Knife River,River/Stream,Kanabec,07030004,-93.321934,45.94708,Hydrocodone,N,,,,1.49,,ng/L
2014-10-07,S008-329,07030004-551,Knife River,River/Stream,Kanabec,07030004,-93.321934,45.94708,Atorvastatin,N,,,,1.49,,ng/L
2014-10-07,S008-329,07030004-551,Knife River,River/Stream,Kanabec,07030004,-93.321934,45.94708,Albuterol,Y,0.355,0.355,ng/L,0.299,,ng/L
2014-10-07,S008-329,07030004-551,Knife River,River/Stream,Kanabec,07030004,-93.321934,45.94708,Atenolol,N,,,,1.3,,ng/L
2014-10-07,S008-329,07030004-551,Knife River,River/Stream,Kanabec,07030004,-93.321934,45.94708,Amphetamine,N,,,,1.49,,ng/L
2014-10-07,S008-329,07030004-551,Knife River,River/Stream,Kanabec,07030004,-93.321934,45.94708,Triamterene,N,,,,0.299,,ng/L
2014-10-07,S008-329,07030004-551,Knife River,River/Stream,Kanabec,07030004,-93.321934,45.94708,Clonidine,N,,,,1.49,,ng/L
2014-10-07,S008-329,07030004-551,Knife River,River/Stream,Kanabec,07030004,-93.321934,45.94708,Cotinine,N,,,,1.49,,ng/L
2014-10-07,S008-329,07030004-551,Knife River,River/Stream,Kanabec,07030004,-93.321934,45.94708,Cimetidine,N,,,,0.597,,ng/L
2014-10-07,S008-329,07030004-551,Knife River,River/Stream,Kanabec,07030004,-93.321934,45.94708,Moxifloxacin,N,,,,15.4,,ng/L
2014-10-07,S008-329,07030004-551,Knife River,River/Stream,Kanabec,07030004,-93.321934,45.94708,Daunomycin,N,,,,13.8,,ng/L
2014-10-07,S008-329,07030004-551,Knife River,River/Stream,Kanabec,07030004,-93.321934,45.94708,Doxorubicin,N,,,,24.4,,ng/L
2014-10-07,S008-329,07030004-551,Knife River,River/Stream,Kanabec,07030004,-93.321934,45.94708,Clotrimazole,N,,,,0.407,,ng/L
2014-10-07,S008-329,07030004-551,Knife River,River/Stream,Kanabec,07030004,-93.321934,45.94708,Rosuvastatin,N,,,,5.87,,ng/L
2014-10-07,S008-329,07030004-551,Knife River,River/Stream,Kanabec,07030004,-93.321934,45.94708,Teniposide,N,,,,4.07,,ng/L
2014-10-07,S008-329,07030004-551,Knife River,River/Stream,Kanabec,07030004,-93.321934,45.94708,Zidovudine,N,,,,51,,ng/L
2014-10-07,S008-329,07030004-551,Knife River,River/Stream,Kanabec,07030004,-93.321934,45.94708,Etoposide,N,,,,2.03,,ng/L
2014-10-07,S008-329,07030004-551,Knife River,River/Stream,Kanabec,07030004,-93.321934,45.94708,Metronidazole,N,,,,4.07,,ng/L
2014-10-07,S008-329,07030004-551,Knife River,River/Stream,Kanabec,07030004,-93.321934,45.94708,Azathioprine,N,,,,2.25,,ng/L
2014-10-07,S008-329,07030004-551,Knife River,River/Stream,Kanabec,07030004,-93.321934,45.94708,Cyclophosphamide,N,,,,0.813,,ng/L
2014-10-07,S008-329,07030004-551,Knife River,River/Stream,Kanabec,07030004,-93.321934,45.94708,Amsacrine,N,,,,0.447,,ng/L
2014-10-07,S008-329,07030004-551,Knife River,River/Stream,Kanabec,07030004,-93.321934,45.94708,Busulfan,N,,,,4.77,,ng/L
2014-10-07,S008-329,07030004-551,Knife River,River/Stream,Kanabec,07030004,-93.321934,45.94708,Sulfadiazine,N,,,,1.53,,ng/L
2014-10-07,S008-329,07030004-551,Knife River,River/Stream,Kanabec,07030004,-93.321934,45.94708,Carbadox,N,,,,11,,ng/L
2014-10-07,S008-329,07030004-551,Knife River,River/Stream,Kanabec,07030004,-93.321934,45.94708,Ormetoprim,N,,,,0.61,,ng/L
2014-10-07,S008-329,07030004-551,Knife River,River/Stream,Kanabec,07030004,-93.321934,45.94708,Norfloxacin,N,,,,140,,ng/L
2014-10-07,S008-329,07030004-551,Knife River,River/Stream,Kanabec,07030004,-93.321934,45.94708,Sulfathiazole,N,,,,1.53,,ng/L
2014-10-07,S008-329,07030004-551,Knife River,River/Stream,Kanabec,07030004,-93.321934,45.94708,Sulfamethoxazole,N,,,,0.61,,ng/L
2014-10-07,S008-329,07030004-551,Knife River,River/Stream,Kanabec,07030004,-93.321934,45.94708,Sulfachloropyridazine,N,,,,1.53,,ng/L
2014-10-07,S008-329,07030004-551,Knife River,River/Stream,Kanabec,07030004,-93.321934,45.94708,Trimethoprim,N,,,,2.33,,ng/L
2014-10-07,S008-329,07030004-551,Knife River,River/Stream,Kanabec,07030004,-93.321934,45.94708,Roxithromycin,N,,,,0.305,,ng/L
2014-10-07,S008-329,07030004-551,Knife River,River/Stream,Kanabec,07030004,-93.321934,45.94708,Clarithromycin,N,,,,1.53,,ng/L
2014-10-07,S008-329,07030004-551,Knife River,River/Stream,Kanabec,07030004,-93.321934,45.94708,Ofloxacin,N,,,,6.26,,ng/L
2014-10-07,S008-329,07030004-551,Knife River,River/Stream,Kanabec,07030004,-93.321934,45.94708,Azithromycin,N,,,,1.53,,ng/L
2014-10-07,S008-329,07030004-551,Knife River,River/Stream,Kanabec,07030004,-93.321934,45.94708,Ciprofloxacin,N,,,,32,,ng/L
2014-10-07,S008-329,07030004-551,Knife River,River/Stream,Kanabec,07030004,-93.321934,45.94708,Penicillin V,N,,,,3.05,,ng/L
2014-10-07,S008-329,07030004-551,Knife River,River/Stream,Kanabec,07030004,-93.321934,45.94708,Enrofloxacin,N,,,,4.49,,ng/L
2014-10-07,S008-329,07030004-551,Knife River,River/Stream,Kanabec,07030004,-93.321934,45.94708,Lomefloxacin,N,,,,14.5,,ng/L
2014-10-07,S008-329,07030004-551,Knife River,River/Stream,Kanabec,07030004,-93.321934,45.94708,Sarafloxacin,N,,,,19.3,,ng/L
2014-10-07,S008-329,07030004-551,Knife River,River/Stream,Kanabec,07030004,-93.321934,45.94708,Bisphenol A,N,,,,2.06,,ng/L
2014-10-07,S008-329,07030004-551,Knife River,River/Stream,Kanabec,07030004,-93.321934,45.94708,Triclosan,N,,,,5.01,,ng/L
2014-10-07,S008-329,07030004-551,Knife River,River/Stream,Kanabec,07030004,-93.321934,45.94708,Sertraline,Y,1.04,1.04,ng/L,0.513,,ng/L
2014-10-07,S008-329,07030004-551,Knife River,River/Stream,Kanabec,07030004,-93.321934,45.94708,Simvastatin,N,,,,20.3,,ng/L
2014-10-07,S008-329,07030004-551,Knife River,River/Stream,Kanabec,07030004,-93.321934,45.94708,Methylprednisolone,N,,,,11.6,,ng/L
2014-10-07,S008-329,07030004-551,Knife River,River/Stream,Kanabec,07030004,-93.321934,45.94708,Metformin,N,,,,2.99,,ng/L
2014-10-07,S008-329,07030004-551,Knife River,River/Stream,Kanabec,07030004,-93.321934,45.94708,Ranitidine,N,,,,0.597,,ng/L
2014-10-07,S008-329,07030004-551,Knife River,River/Stream,Kanabec,07030004,-93.321934,45.94708,Enalapril,N,,,,0.299,,ng/L
2014-10-07,S008-329,07030004-551,Knife River,River/Stream,Kanabec,07030004,-93.321934,45.94708,Oxycodone,N,,,,0.597,,ng/L
2014-10-07,S008-329,07030004-551,Knife River,River/Stream,Kanabec,07030004,-93.321934,45.94708,Codeine,N,,,,2.99,,ng/L
2014-10-07,S008-329,07030004-551,Knife River,River/Stream,Kanabec,07030004,-93.321934,45.94708,Acetaminophen,N,,,,15.3,,ng/L
2014-10-07,S008-329,07030004-551,Knife River,River/Stream,Kanabec,07030004,-93.321934,45.94708,Clinafloxacin,N,,,,110,,ng/L
2014-10-07,S008-329,07030004-551,Knife River,River/Stream,Kanabec,07030004,-93.321934,45.94708,Erythromycin-H20,N,,,,2.34,,ng/L
2014-10-07,S008-329,07030004-551,Knife River,River/Stream,Kanabec,07030004,-93.321934,45.94708,Sulfamerazine,N,,,,0.861,,ng/L
2014-10-07,S008-329,07030004-551,Knife River,River/Stream,Kanabec,07030004,-93.321934,45.94708,Sulfadimethoxine,N,,,,0.305,,ng/L
2014-10-07,S008-329,07030004-551,Knife River,River/Stream,Kanabec,07030004,-93.321934,45.94708,Tylosin,N,,,,6.1,,ng/L
2014-10-07,S008-329,07030004-551,Knife River,River/Stream,Kanabec,07030004,-93.321934,45.94708,Sulfamethizole,N,,,,0.61,,ng/L
2014-10-07,S008-329,07030004-551,Knife River,River/Stream,Kanabec,07030004,-93.321934,45.94708,Oxolinic acid,N,,,,3.72,,ng/L
2014-10-07,S008-329,07030004-551,Knife River,River/Stream,Kanabec,07030004,-93.321934,45.94708,Thiabendazole,N,,,,1.53,,ng/L
2014-10-07,S008-329,07030004-551,Knife River,River/Stream,Kanabec,07030004,-93.321934,45.94708,Lincomycin,N,,,,3.05,,ng/L
2014-10-07,S008-329,07030004-551,Knife River,River/Stream,Kanabec,07030004,-93.321934,45.94708,Digoxigenin,N,,,,255,,ng/L
2014-10-07,S008-329,07030004-551,Knife River,River/Stream,Kanabec,07030004,-93.321934,45.94708,Digoxin,N,,,,6.1,,ng/L
2014-10-07,S008-329,07030004-551,Knife River,River/Stream,Kanabec,07030004,-93.321934,45.94708,Virginiamycin M1,N,,,,5.4,,ng/L
2014-10-07,S008-329,07030004-551,Knife River,River/Stream,Kanabec,07030004,-93.321934,45.94708,Miconazole,N,,,,1.53,,ng/L
2014-10-07,S008-329,07030004-551,Knife River,River/Stream,Kanabec,07030004,-93.321934,45.94708,Carbamazepine,N,,,,1.53,,ng/L
2014-10-07,S008-329,07030004-551,Knife River,River/Stream,Kanabec,07030004,-93.321934,45.94708,Norgestimate,N,,,,13.1,,ng/L
2014-10-07,S008-329,07030004-551,Knife River,River/Stream,Kanabec,07030004,-93.321934,45.94708,Diltiazem,N,,,,0.305,,ng/L
2014-10-07,S008-329,07030004-551,Knife River,River/Stream,Kanabec,07030004,-93.321934,45.94708,Flumequine,N,,,,2.62,,ng/L
2014-10-07,S008-329,07030004-551,Knife River,River/Stream,Kanabec,07030004,-93.321934,45.94708,Fluoxetine,N,,,,1.53,,ng/L
2014-10-07,S008-329,07030004-551,Knife River,River/Stream,Kanabec,07030004,-93.321934,45.94708,Sulfamethazine,N,,,,7.79,,ng/L
2014-10-07,S008-329,07030004-551,Knife River,River/Stream,Kanabec,07030004,-93.321934,45.94708,Caffeine,N,,,,15.3,,ng/L
2014-10-07,S008-329,07030004-551,Knife River,River/Stream,Kanabec,07030004,-93.321934,45.94708,Diphenhydramine,N,,,,0.61,,ng/L
2014-10-07,S008-329,07030004-551,Knife River,River/Stream,Kanabec,07030004,-93.321934,45.94708,Penicillin G,Y,7.62,7.62,ng/L,3.05,,ng/L
2014-10-07,S008-329,07030004-551,Knife River,River/Stream,Kanabec,07030004,-93.321934,45.94708,Cloxacillin,N,,,,3.05,,ng/L
2014-10-07,S008-329,07030004-551,Knife River,River/Stream,Kanabec,07030004,-93.321934,45.94708,"1,7-Dimethylxanthine",N,,,,61,,ng/L
2014-10-07,S008-329,07030004-551,Knife River,River/Stream,Kanabec,07030004,-93.321934,45.94708,Sulfanilamide,N,,,,15.3,,ng/L
2014-10-07,S008-329,07030004-551,Knife River,River/Stream,Kanabec,07030004,-93.321934,45.94708,Cefotaxime,N,,,,52.7,,ng/L
2014-10-07,S008-329,07030004-551,Knife River,River/Stream,Kanabec,07030004,-93.321934,45.94708,Oxacillin,N,,,,3.05,,ng/L
2014-10-07,S008-329,07030004-551,Knife River,River/Stream,Kanabec,07030004,-93.321934,45.94708,Dehydronifedipine,N,,,,0.61,,ng/L
2014-10-07,S008-329,07030004-551,Knife River,River/Stream,Kanabec,07030004,-93.321934,45.94708,Diatrizoic acid,N,,,,24.4,,ng/L
2014-10-07,S008-329,07030004-551,Knife River,River/Stream,Kanabec,07030004,-93.321934,45.94708,Tamoxifen,N,,,,0.407,,ng/L
2014-10-07,S008-329,07030004-551,Knife River,River/Stream,Kanabec,07030004,-93.321934,45.94708,Melphalan,N,,,,24.4,,ng/L
2014-10-07,S008-329,07030004-551,Knife River,River/Stream,Kanabec,07030004,-93.321934,45.94708,Citalopram,N,,,,0.407,,ng/L
2014-10-07,S008-329,07030004-551,Knife River,River/Stream,Kanabec,07030004,-93.321934,45.94708,Oxazepam,N,,,,4.07,,ng/L
2014-10-07,S008-329,07030004-551,Knife River,River/Stream,Kanabec,07030004,-93.321934,45.94708,Iopamidol,Y,1080,1080,ng/L,199,,ng/L
2014-10-07,S008-329,07030004-551,Knife River,River/Stream,Kanabec,07030004,-93.321934,45.94708,Colchicine,N,,,,4.2,,ng/L
2014-10-07,S008-329,07030004-551,Knife River,River/Stream,Kanabec,07030004,-93.321934,45.94708,Drospirenone,N,,,,8.13,,ng/L
2014-10-07,S008-329,07030004-551,Knife River,River/Stream,Kanabec,07030004,-93.321934,45.94708,Venlafaxine,N,,,,0.813,,ng/L
2014-10-07,S008-329,07030004-551,Knife River,River/Stream,Kanabec,07030004,-93.321934,45.94708,p-Octylphenol,N,,,,2.4,,ng/L
2014-10-07,S008-329,07030004-551,Knife River,River/Stream,Kanabec,07030004,-93.321934,45.94708,Triclocarban,N,,,,3.05,,ng/L
2014-10-07,S008-329,07030004-551,Knife River,River/Stream,Kanabec,07030004,-93.321934,45.94708,Glyburide,N,,,,3.05,,ng/L
2014-10-07,S008-329,07030004-551,Knife River,River/Stream,Kanabec,07030004,-93.321934,45.94708,Ibuprofen,N,,,,15.3,,ng/L
2014-10-07,S008-329,07030004-551,Knife River,River/Stream,Kanabec,07030004,-93.321934,45.94708,Naproxen,N,,,,7.39,,ng/L
2014-10-07,S008-329,07030004-551,Knife River,River/Stream,Kanabec,07030004,-93.321934,45.94708,Gemfibrozil,N,,,,1.53,,ng/L
2014-10-07,S008-329,07030004-551,Knife River,River/Stream,Kanabec,07030004,-93.321934,45.94708,Glipizide,N,,,,6.1,,ng/L
2014-10-07,S008-329,07030004-551,Knife River,River/Stream,Kanabec,07030004,-93.321934,45.94708,Triclosan,N,,,,61,,ng/L
2014-10-07,S008-329,07030004-551,Knife River,River/Stream,Kanabec,07030004,-93.321934,45.94708,"Hydroxy-ibuprofen, 2-",N,,,,81.3,,ng/L
2014-10-07,S008-329,07030004-551,Knife River,River/Stream,Kanabec,07030004,-93.321934,45.94708,Furosemide,N,,,,40.7,,ng/L
2014-10-07,S008-329,07030004-551,Knife River,River/Stream,Kanabec,07030004,-93.321934,45.94708,Warfarin,N,,,,1.53,,ng/L
2014-10-07,S008-329,07030004-551,Knife River,River/Stream,Kanabec,07030004,-93.321934,45.94708,Hydrochlorothiazide,N,,,,15,,ng/L
2014-10-07,S008-329,07030004-551,Knife River,River/Stream,Kanabec,07030004,-93.321934,45.94708,Bisphenol A,N,,,,508,,ng/L
2014-10-07,S008-329,07030004-551,Knife River,River/Stream,Kanabec,07030004,-93.321934,45.94708,Trenbolone,N,,,,4.07,,ng/L
2014-10-07,S008-329,07030004-551,Knife River,River/Stream,Kanabec,07030004,-93.321934,45.94708,Trenbolone acetate,N,,,,0.624,,ng/L
2014-10-07,S008-329,07030004-551,Knife River,River/Stream,Kanabec,07030004,-93.321934,45.94708,DEET,Y,16.3,16.3,ng/L,0.813,,ng/L
2014-10-07,S008-329,07030004-551,Knife River,River/Stream,Kanabec,07030004,-93.321934,45.94708,Valsartan,N,,,,4.07,,ng/L
2014-10-07,S008-329,07030004-551,Knife River,River/Stream,Kanabec,07030004,-93.321934,45.94708,Alprazolam,N,,,,0.305,,ng/L
2014-10-07,S008-329,07030004-551,Knife River,River/Stream,Kanabec,07030004,-93.321934,45.94708,Fluocinonide,N,,,,7.12,,ng/L
2014-10-07,S008-329,07030004-551,Knife River,River/Stream,Kanabec,07030004,-93.321934,45.94708,Betamethasone,N,,,,1.53,,ng/L
2014-10-07,S008-329,07030004-551,Knife River,River/Stream,Kanabec,07030004,-93.321934,45.94708,Diazepam,N,,,,0.305,,ng/L
2014-10-07,S008-329,07030004-551,Knife River,River/Stream,Kanabec,07030004,-93.321934,45.94708,Propoxyphene,N,,,,0.305,,ng/L
2014-10-07,S008-329,07030004-551,Knife River,River/Stream,Kanabec,07030004,-93.321934,45.94708,Hydrocortisone,N,,,,62.9,,ng/L
2014-10-07,S008-329,07030004-551,Knife River,River/Stream,Kanabec,07030004,-93.321934,45.94708,Prednisolone,N,,,,41.5,,ng/L
2014-10-07,S008-329,07030004-551,Knife River,River/Stream,Kanabec,07030004,-93.321934,45.94708,Cocaine,N,,,,0.21,,ng/L
2014-10-07,S008-329,07030004-551,Knife River,River/Stream,Kanabec,07030004,-93.321934,45.94708,Amitriptyline,Y,1.07,1.07,ng/L,0.82,,ng/L
2014-10-07,S008-329,07030004-551,Knife River,River/Stream,Kanabec,07030004,-93.321934,45.94708,Metoprolol,N,,,,13.3,,ng/L
2014-10-07,S008-329,07030004-551,Knife River,River/Stream,Kanabec,07030004,-93.321934,45.94708,Verapamil,N,,,,0.181,,ng/L
2014-10-07,S008-329,07030004-551,Knife River,River/Stream,Kanabec,07030004,-93.321934,45.94708,Propranolol,N,,,,2.03,,ng/L
2014-10-07,S008-329,07030004-551,Knife River,River/Stream,Kanabec,07030004,-93.321934,45.94708,Prednisone,N,,,,20.3,,ng/L
2014-10-07,S008-329,07030004-551,Knife River,River/Stream,Kanabec,07030004,-93.321934,45.94708,Meprobamate,N,,,,4.07,,ng/L
2014-10-07,S008-329,07030004-551,Knife River,River/Stream,Kanabec,07030004,-93.321934,45.94708,Theophylline,N,,,,78.8,,ng/L
2014-10-07,S008-329,07030004-551,Knife River,River/Stream,Kanabec,07030004,-93.321934,45.94708,Promethazine,N,,,,1.35,,ng/L
2014-10-07,S008-329,07030004-551,Knife River,River/Stream,Kanabec,07030004,-93.321934,45.94708,Paroxetine,N,,,,4.07,,ng/L
2014-10-07,S008-329,07030004-551,Knife River,River/Stream,Kanabec,07030004,-93.321934,45.94708,Norverapamil,N,,,,0.153,,ng/L
2014-10-07,S008-329,07030004-551,Knife River,River/Stream,Kanabec,07030004,-93.321934,45.94708,Amphetamine,N,,,ng/L,1.1,0.37,ng/L
2014-10-07,S008-329,07030004-551,Knife River,River/Stream,Kanabec,07030004,-93.321934,45.94708,MDMA,N,,,ng/L,0.5,0.17,ng/L
2014-10-07,S008-329,07030004-551,Knife River,River/Stream,Kanabec,07030004,-93.321934,45.94708,Cocaine,N,,,ng/L,0.47,0.16,ng/L
2014-10-07,S008-329,07030004-551,Knife River,River/Stream,Kanabec,07030004,-93.321934,45.94708,Methamphetamine,N,,,ng/L,0.75,0.25,ng/L
2014-10-07,S008-329,07030004-551,Knife River,River/Stream,Kanabec,07030004,-93.321934,45.94708,Morphine,N,,,ng/L,9.1,3,ng/L
2014-10-07,S008-329,07030004-551,Knife River,River/Stream,Kanabec,07030004,-93.321934,45.94708,Codeine,N,,,ng/L,7.9,2.7,ng/L
2014-10-07,S008-329,07030004-551,Knife River,River/Stream,Kanabec,07030004,-93.321934,45.94708,4-Methylbenzotriazole,N,,,ng/L,0.69,,ng/L
2014-10-07,S008-329,07030004-551,Knife River,River/Stream,Kanabec,07030004,-93.321934,45.94708,2-Aminobenzothiazole,N,,,ng/L,0.45,,ng/L
2014-10-07,S008-329,07030004-551,Knife River,River/Stream,Kanabec,07030004,-93.321934,45.94708,5-Chlorobenzotriazole,N,,,ng/L,0.45,,ng/L
2014-10-07,S008-329,07030004-551,Knife River,River/Stream,Kanabec,07030004,-93.321934,45.94708,"1,2,3-Benzotriazole",N,,,ng/L,3,,ng/L
2014-10-07,S008-329,07030004-551,Knife River,River/Stream,Kanabec,07030004,-93.321934,45.94708,Benzothiazole,N,,,ng/L,32,,ng/L
2014-10-07,S008-361,07030004-506,Snake River,River/Stream,Kanabec,07030004,-93.239979,46.018156,Benzothiazole,N,,,ng/L,32,,ng/L
2014-10-07,S008-361,07030004-506,Snake River,River/Stream,Kanabec,07030004,-93.239979,46.018156,"1,2,3-Benzotriazole",N,,,ng/L,3,,ng/L
2014-10-07,S008-361,07030004-506,Snake River,River/Stream,Kanabec,07030004,-93.239979,46.018156,Amphetamine,N,,,ng/L,1.1,0.37,ng/L
2014-10-07,S008-361,07030004-506,Snake River,River/Stream,Kanabec,07030004,-93.239979,46.018156,MDMA,N,,,ng/L,0.5,0.17,ng/L
2014-10-07,S008-361,07030004-506,Snake River,River/Stream,Kanabec,07030004,-93.239979,46.018156,Cocaine,N,,,ng/L,0.47,0.16,ng/L
2014-10-07,S008-361,07030004-506,Snake River,River/Stream,Kanabec,07030004,-93.239979,46.018156,Methamphetamine,N,,,ng/L,0.75,0.25,ng/L
2014-10-07,S008-361,07030004-506,Snake River,River/Stream,Kanabec,07030004,-93.239979,46.018156,Morphine,N,,,ng/L,9.1,3,ng/L
2014-10-07,S008-361,07030004-506,Snake River,River/Stream,Kanabec,07030004,-93.239979,46.018156,Codeine,N,,,ng/L,7.9,2.7,ng/L
2014-10-07,S008-361,07030004-506,Snake River,River/Stream,Kanabec,07030004,-93.239979,46.018156,2-Aminobenzothiazole,N,,,ng/L,0.45,,ng/L
2014-10-07,S008-361,07030004-506,Snake River,River/Stream,Kanabec,07030004,-93.239979,46.018156,4-Methylbenzotriazole,N,,,ng/L,0.69,,ng/L
2014-10-07,S008-361,07030004-506,Snake River,River/Stream,Kanabec,07030004,-93.239979,46.018156,5-Chlorobenzotriazole,N,,,ng/L,0.45,,ng/L
2017-09-26,S009-206,07030004-575,Rice Creek,River/Stream,Kanabec,07030004,-93.207025,45.7882,Specific conductance,Y,122,122,uS/cm,,,
2017-09-26,S009-206,07030004-575,Rice Creek,River/Stream,Kanabec,07030004,-93.207025,45.7882,Kjeldahl nitrogen,Y,1.03,1.03,mg/L,0.3,0.081,mg/L
2017-09-26,S009-206,07030004-575,Rice Creek,River/Stream,Kanabec,07030004,-93.207025,45.7882,Dissolved oxygen (DO),Y,5.8,5.80,mg/L,,,
2017-09-26,S009-206,07030004-575,Rice Creek,River/Stream,Kanabec,07030004,-93.207025,45.7882,pH,Y,7.16,7.16,None,,,
2017-09-26,S009-206,07030004-575,Rice Creek,River/Stream,Kanabec,07030004,-93.207025,45.7882,"Temperature, water",Y,18.2,18.20,deg C,,,
2017-09-26,S009-206,07030004-575,Rice Creek,River/Stream,Kanabec,07030004,-93.207025,45.7882,Phosphorus,Y,0.101,0.101,mg/L,0.003,0.001,mg/L
2017-09-26,S009-206,07030004-575,Rice Creek,River/Stream,Kanabec,07030004,-93.207025,45.7882,Orthophosphate,Y,0.042,0.042,mg/L,0.003,0.001,mg/L
2017-09-20,S009-206,07030004-575,Rice Creek,River/Stream,Kanabec,07030004,-93.207025,45.7882,Kjeldahl nitrogen,Y,1.07,1.07,mg/L,0.3,0.081,mg/L
2017-09-20,S009-206,07030004-575,Rice Creek,River/Stream,Kanabec,07030004,-93.207025,45.7882,Orthophosphate,Y,0.016,0.016,mg/L,0.003,0.001,mg/L
2017-09-20,S009-206,07030004-575,Rice Creek,River/Stream,Kanabec,07030004,-93.207025,45.7882,Phosphorus,Y,0.074,0.074,mg/L,0.003,0.001,mg/L
2017-09-20,S009-206,07030004-575,Rice Creek,River/Stream,Kanabec,07030004,-93.207025,45.7882,Dissolved oxygen (DO),Y,4.79,4.79,mg/L,,,
2017-09-20,S009-206,07030004-575,Rice Creek,River/Stream,Kanabec,07030004,-93.207025,45.7882,pH,Y,7.27,7.27,None,,,
2017-09-20,S009-206,07030004-575,Rice Creek,River/Stream,Kanabec,07030004,-93.207025,45.7882,Specific conductance,Y,270.7,270.7,uS/cm,,,
2017-09-20,S009-206,07030004-575,Rice Creek,River/Stream,Kanabec,07030004,-93.207025,45.7882,"Temperature, water",Y,19.8,19.80,deg C,,,
2017-09-11,S009-206,07030004-575,Rice Creek,River/Stream,Kanabec,07030004,-93.207025,45.7882,"Temperature, water",Y,17.4,17.40,deg C,,,
2017-09-11,S009-206,07030004-575,Rice Creek,River/Stream,Kanabec,07030004,-93.207025,45.7882,pH,Y,7.39,7.39,None,,,
2017-09-11,S009-206,07030004-575,Rice Creek,River/Stream,Kanabec,07030004,-93.207025,45.7882,Dissolved oxygen (DO),Y,4.86,4.86,mg/L,,,
2017-09-11,S009-206,07030004-575,Rice Creek,River/Stream,Kanabec,07030004,-93.207025,45.7882,Phosphorus,Y,0.061,0.061,mg/L,0.003,0.001,mg/L
2017-09-11,S009-206,07030004-575,Rice Creek,River/Stream,Kanabec,07030004,-93.207025,45.7882,Orthophosphate,Y,0.025,0.025,mg/L,0.003,0.001,mg/L
2017-09-11,S009-206,07030004-575,Rice Creek,River/Stream,Kanabec,07030004,-93.207025,45.7882,Kjeldahl nitrogen,Y,1.08,1.08,mg/L,0.3,0.0811,mg/L
2017-09-11,S009-206,07030004-575,Rice Creek,River/Stream,Kanabec,07030004,-93.207025,45.7882,Specific conductance,Y,248.3,248.3,uS/cm,,,
2017-08-29,S009-206,07030004-575,Rice Creek,River/Stream,Kanabec,07030004,-93.207025,45.7882,Specific conductance,Y,87.8,87.8,uS/cm,,,
2017-08-29,S009-206,07030004-575,Rice Creek,River/Stream,Kanabec,07030004,-93.207025,45.7882,pH,Y,7.32,7.32,None,,,
2017-08-29,S009-206,07030004-575,Rice Creek,River/Stream,Kanabec,07030004,-93.207025,45.7882,Dissolved oxygen (DO),Y,6.72,6.72,mg/L,,,
2017-08-29,S009-206,07030004-575,Rice Creek,River/Stream,Kanabec,07030004,-93.207025,45.7882,Phosphorus,Y,0.076,0.076,mg/L,0.003,0.001,mg/L
2017-08-29,S009-206,07030004-575,Rice Creek,River/Stream,Kanabec,07030004,-93.207025,45.7882,Orthophosphate,Y,0.024,0.024,mg/L,0.003,0.001,mg/L
2017-08-29,S009-206,07030004-575,Rice Creek,River/Stream,Kanabec,07030004,-93.207025,45.7882,Kjeldahl nitrogen,Y,1.11,1.11,mg/L,0.3,0.0811,mg/L
2017-08-29,S009-206,07030004-575,Rice Creek,River/Stream,Kanabec,07030004,-93.207025,45.7882,"Temperature, water",Y,17.7,17.70,deg C,,,
2017-08-10,S009-206,07030004-575,Rice Creek,River/Stream,Kanabec,07030004,-93.207025,45.7882,Kjeldahl nitrogen,Y,1.01,1.01,mg/L,0.3,0.0811,mg/L
2017-08-10,S009-206,07030004-575,Rice Creek,River/Stream,Kanabec,07030004,-93.207025,45.7882,Phosphorus,Y,0.075,0.075,mg/L,0.003,0.001,mg/L
2017-08-10,S009-206,07030004-575,Rice Creek,River/Stream,Kanabec,07030004,-93.207025,45.7882,Kjeldahl nitrogen,Y,0.986,0.986,mg/L,0.3,0.0811,mg/L
2017-08-10,S009-206,07030004-575,Rice Creek,River/Stream,Kanabec,07030004,-93.207025,45.7882,Phosphorus,Y,0.074,0.074,mg/L,0.003,0.001,mg/L
2017-08-10,S009-206,07030004-575,Rice Creek,River/Stream,Kanabec,07030004,-93.207025,45.7882,Dissolved oxygen (DO),Y,3.14,3.14,mg/L,,,
2017-08-10,S009-206,07030004-575,Rice Creek,River/Stream,Kanabec,07030004,-93.207025,45.7882,pH,Y,7.21,7.21,None,,,
2017-08-10,S009-206,07030004-575,Rice Creek,River/Stream,Kanabec,07030004,-93.207025,45.7882,Specific conductance,Y,194.5,194.5,uS/cm,,,
2017-08-10,S009-206,07030004-575,Rice Creek,River/Stream,Kanabec,07030004,-93.207025,45.7882,"Temperature, water",Y,20.6,20.60,deg C,,,
2017-07-25,S009-206,07030004-575,Rice Creek,River/Stream,Kanabec,07030004,-93.207025,45.7882,Kjeldahl nitrogen,Y,1.04,1.04,mg/L,0.3,0.059,mg/L
2017-07-25,S009-206,07030004-575,Rice Creek,River/Stream,Kanabec,07030004,-93.207025,45.7882,Orthophosphate,Y,0.069,0.069,mg/L,0.003,0.001,mg/L
2017-07-25,S009-206,07030004-575,Rice Creek,River/Stream,Kanabec,07030004,-93.207025,45.7882,Phosphorus,Y,0.128,0.128,mg/L,0.003,0.001,mg/L
2017-07-25,S009-206,07030004-575,Rice Creek,River/Stream,Kanabec,07030004,-93.207025,45.7882,Dissolved oxygen (DO),Y,3.36,3.36,mg/L,,,
2017-07-25,S009-206,07030004-575,Rice Creek,River/Stream,Kanabec,07030004,-93.207025,45.7882,Specific conductance,Y,189.7,189.7,uS/cm,,,
2017-07-25,S009-206,07030004-575,Rice Creek,River/Stream,Kanabec,07030004,-93.207025,45.7882,"Temperature, water",Y,23.1,23.10,deg C,,,
2017-07-25,S009-206,07030004-575,Rice Creek,River/Stream,Kanabec,07030004,-93.207025,45.7882,pH,Y,7.25,7.25,None,,,
2017-07-11,S009-206,07030004-575,Rice Creek,River/Stream,Kanabec,07030004,-93.207025,45.7882,Phosphorus,Y,0.1,0.1,mg/L,0.003,0.001,mg/L
2017-07-11,S009-206,07030004-575,Rice Creek,River/Stream,Kanabec,07030004,-93.207025,45.7882,Kjeldahl nitrogen,Y,0.78,0.78,mg/L,0.3,0.059,mg/L
2017-07-11,S009-206,07030004-575,Rice Creek,River/Stream,Kanabec,07030004,-93.207025,45.7882,Orthophosphate,Y,0.052,0.052,mg/L,0.003,0.001,mg/L
2017-07-11,S009-206,07030004-575,Rice Creek,River/Stream,Kanabec,07030004,-93.207025,45.7882,Dissolved oxygen (DO),Y,2.38,2.38,mg/L,,,
2017-07-11,S009-206,07030004-575,Rice Creek,River/Stream,Kanabec,07030004,-93.207025,45.7882,pH,Y,6.87,6.87,None,,,
2017-07-11,S009-206,07030004-575,Rice Creek,River/Stream,Kanabec,07030004,-93.207025,45.7882,Specific conductance,Y,101.5,101.5,uS/cm,,,
2017-07-11,S009-206,07030004-575,Rice Creek,River/Stream,Kanabec,07030004,-93.207025,45.7882,"Temperature, water",Y,21.6,21.60,deg C,,,
2017-06-28,S009-206,07030004-575,Rice Creek,River/Stream,Kanabec,07030004,-93.207025,45.7882,Orthophosphate,Y,0.036,0.036,mg/L,0.003,0.001,mg/L
2017-06-28,S009-206,07030004-575,Rice Creek,River/Stream,Kanabec,07030004,-93.207025,45.7882,Phosphorus,Y,0.101,0.101,mg/L,0.003,0.001,mg/L
2017-06-28,S009-206,07030004-575,Rice Creek,River/Stream,Kanabec,07030004,-93.207025,45.7882,Kjeldahl nitrogen,Y,1.13,1.13,mg/L,0.3,0.059,mg/L
2017-06-28,S009-206,07030004-575,Rice Creek,River/Stream,Kanabec,07030004,-93.207025,45.7882,"Temperature, water",Y,19.2,19.20,deg C,,,
2017-06-28,S009-206,07030004-575,Rice Creek,River/Stream,Kanabec,07030004,-93.207025,45.7882,pH,Y,7.99,7.99,None,,,
2017-06-28,S009-206,07030004-575,Rice Creek,River/Stream,Kanabec,07030004,-93.207025,45.7882,Dissolved oxygen (DO),Y,6.85,6.85,mg/L,,,
2017-06-28,S009-206,07030004-575,Rice Creek,River/Stream,Kanabec,07030004,-93.207025,45.7882,Specific conductance,Y,259,259,uS/cm,,,
2017-06-14,S009-206,07030004-575,Rice Creek,River/Stream,Kanabec,07030004,-93.207025,45.7882,Phosphorus,Y,0.136,0.136,mg/L,0.003,0.001,mg/L
2017-06-14,S009-206,07030004-575,Rice Creek,River/Stream,Kanabec,07030004,-93.207025,45.7882,Orthophosphate,Y,0.077,0.077,mg/L,0.003,0.001,mg/L
2017-06-14,S009-206,07030004-575,Rice Creek,River/Stream,Kanabec,07030004,-93.207025,45.7882,Kjeldahl nitrogen,Y,1.3,1.3,mg/L,0.3,0.059,mg/L
2017-05-31,S009-206,07030004-575,Rice Creek,River/Stream,Kanabec,07030004,-93.207025,45.7882,Phosphorus,Y,0.078,0.078,mg/L,0.003,0.001,mg/L
2017-05-31,S009-206,07030004-575,Rice Creek,River/Stream,Kanabec,07030004,-93.207025,45.7882,Orthophosphate,Y,0.027,0.027,mg/L,0.003,0.001,mg/L
2017-05-31,S009-206,07030004-575,Rice Creek,River/Stream,Kanabec,07030004,-93.207025,45.7882,Kjeldahl nitrogen,Y,1.11,1.11,mg/L,0.3,0.059,mg/L
2017-05-31,S009-206,07030004-575,Rice Creek,River/Stream,Kanabec,07030004,-93.207025,45.7882,"Temperature, water",Y,14.8,14.80,deg C,,,
2017-05-31,S009-206,07030004-575,Rice Creek,River/Stream,Kanabec,07030004,-93.207025,45.7882,Specific conductance,Y,224.9,224.9,uS/cm,,,
2017-05-17,S009-206,07030004-575,Rice Creek,River/Stream,Kanabec,07030004,-93.207025,45.7882,Dissolved oxygen (DO),Y,5.32,5.32,mg/L,,,
2017-05-17,S009-206,07030004-575,Rice Creek,River/Stream,Kanabec,07030004,-93.207025,45.7882,Phosphorus,Y,0.084,0.084,mg/L,0.003,0.001,mg/L
2017-05-17,S009-206,07030004-575,Rice Creek,River/Stream,Kanabec,07030004,-93.207025,45.7882,Specific conductance,Y,247.9,247.9,uS/cm,,,
2017-05-17,S009-206,07030004-575,Rice Creek,River/Stream,Kanabec,07030004,-93.207025,45.7882,Orthophosphate,Y,0.027,0.027,mg/L,0.003,0.001,mg/L
2017-05-17,S009-206,07030004-575,Rice Creek,River/Stream,Kanabec,07030004,-93.207025,45.7882,Kjeldahl nitrogen,Y,1.13,1.13,mg/L,0.3,0.059,mg/L
2017-05-17,S009-206,07030004-575,Rice Creek,River/Stream,Kanabec,07030004,-93.207025,45.7882,"Temperature, water",Y,17.6,17.60,deg C,,,
2016-10-27,S009-206,07030004-575,Rice Creek,River/Stream,Kanabec,07030004,-93.207025,45.7882,"Temperature, water",Y,8.03,8.03,deg C,,,
2016-10-27,S009-206,07030004-575,Rice Creek,River/Stream,Kanabec,07030004,-93.207025,45.7882,Kjeldahl nitrogen,Y,1.3,1.3,mg/L,0.6,0.151,mg/L
2016-10-27,S009-206,07030004-575,Rice Creek,River/Stream,Kanabec,07030004,-93.207025,45.7882,Dissolved oxygen (DO),Y,9.9,9.9,mg/L,,,
2016-10-27,S009-206,07030004-575,Rice Creek,River/Stream,Kanabec,07030004,-93.207025,45.7882,Orthophosphate,Y,0.005,0.005,mg/L,5,2,mg/L
2016-10-27,S009-206,07030004-575,Rice Creek,River/Stream,Kanabec,07030004,-93.207025,45.7882,Specific conductance,Y,300,300,uS/cm,,,
2016-10-27,S009-206,07030004-575,Rice Creek,River/Stream,Kanabec,07030004,-93.207025,45.7882,Phosphorus,Y,0.061,0.061,mg/L,5,5,mg/L
2016-10-11,S009-206,07030004-575,Rice Creek,River/Stream,Kanabec,07030004,-93.207025,45.7882,Orthophosphate,Y,0.014,0.014,mg/L,5,2,mg/L
2016-10-11,S009-206,07030004-575,Rice Creek,River/Stream,Kanabec,07030004,-93.207025,45.7882,"Temperature, water",Y,12.21,12.21,deg C,,,
2016-10-11,S009-206,07030004-575,Rice Creek,River/Stream,Kanabec,07030004,-93.207025,45.7882,Kjeldahl nitrogen,Y,2.2,2.2,mg/L,0.6,0.151,mg/L
2016-10-11,S009-206,07030004-575,Rice Creek,River/Stream,Kanabec,07030004,-93.207025,45.7882,Specific conductance,Y,271,271,uS/cm,,,
2016-10-11,S009-206,07030004-575,Rice Creek,River/Stream,Kanabec,07030004,-93.207025,45.7882,Dissolved oxygen (DO),Y,8.56,8.56,mg/L,,,
2016-10-11,S009-206,07030004-575,Rice Creek,River/Stream,Kanabec,07030004,-93.207025,45.7882,Phosphorus,Y,0.13,0.13,mg/L,5,5,mg/L
2016-09-19,S009-206,07030004-575,Rice Creek,River/Stream,Kanabec,07030004,-93.207025,45.7882,Phosphorus,Y,0.22,0.22,mg/L,5,5,mg/L
2016-09-19,S009-206,07030004-575,Rice Creek,River/Stream,Kanabec,07030004,-93.207025,45.7882,Orthophosphate,Y,0.049,0.049,mg/L,5,2,mg/L
2016-09-19,S009-206,07030004-575,Rice Creek,River/Stream,Kanabec,07030004,-93.207025,45.7882,Kjeldahl nitrogen,Y,1.7,1.7,mg/L,0.6,0.151,mg/L
2016-09-19,S009-206,07030004-575,Rice Creek,River/Stream,Kanabec,07030004,-93.207025,45.7882,"Temperature, water",Y,17.31,17.31,deg C,,,
2016-09-19,S009-206,07030004-575,Rice Creek,River/Stream,Kanabec,07030004,-93.207025,45.7882,Dissolved oxygen (DO),Y,7.95,7.95,mg/L,,,
2016-09-19,S009-206,07030004-575,Rice Creek,River/Stream,Kanabec,07030004,-93.207025,45.7882,Specific conductance,Y,249,249,uS/cm,,,
2016-09-08,S009-206,07030004-575,Rice Creek,River/Stream,Kanabec,07030004,-93.207025,45.7882,Phosphorus,Y,0.17,0.17,mg/L,5,5,mg/L
2016-09-08,S009-206,07030004-575,Rice Creek,River/Stream,Kanabec,07030004,-93.207025,45.7882,Kjeldahl nitrogen,Y,1.5,1.5,mg/L,0.6,0.151,mg/L
2016-09-08,S009-206,07030004-575,Rice Creek,River/Stream,Kanabec,07030004,-93.207025,45.7882,"Temperature, water",Y,20.16,20.16,deg C,,,
2016-09-08,S009-206,07030004-575,Rice Creek,River/Stream,Kanabec,07030004,-93.207025,45.7882,Specific conductance,Y,217,217,uS/cm,,,
2016-09-08,S009-206,07030004-575,Rice Creek,River/Stream,Kanabec,07030004,-93.207025,45.7882,Dissolved oxygen (DO),Y,1.44,1.44,mg/L,,,
2016-08-23,S009-206,07030004-575,Rice Creek,River/Stream,Kanabec,07030004,-93.207025,45.7882,Phosphorus,Y,0.12,0.12,mg/L,5,5,mg/L
2016-08-23,S009-206,07030004-575,Rice Creek,River/Stream,Kanabec,07030004,-93.207025,45.7882,Kjeldahl nitrogen,Y,0.99,0.99,mg/L,0.6,0.151,mg/L
2016-08-23,S009-206,07030004-575,Rice Creek,River/Stream,Kanabec,07030004,-93.207025,45.7882,"Temperature, water",Y,20.58,20.58,deg C,,,
2016-08-23,S009-206,07030004-575,Rice Creek,River/Stream,Kanabec,07030004,-93.207025,45.7882,Specific conductance,Y,159,159,uS/cm,,,
2016-08-23,S009-206,07030004-575,Rice Creek,River/Stream,Kanabec,07030004,-93.207025,45.7882,Dissolved oxygen (DO),Y,1.56,1.56,mg/L,,,
2016-08-10,S009-206,07030004-575,Rice Creek,River/Stream,Kanabec,07030004,-93.207025,45.7882,"Temperature, water",Y,25.46,25.46,deg C,,,
2016-08-10,S009-206,07030004-575,Rice Creek,River/Stream,Kanabec,07030004,-93.207025,45.7882,Orthophosphate,Y,0.057,0.057,mg/L,5,2,mg/L
2016-08-10,S009-206,07030004-575,Rice Creek,River/Stream,Kanabec,07030004,-93.207025,45.7882,Dissolved oxygen (DO),Y,0.71,0.71,mg/L,,,
2016-08-10,S009-206,07030004-575,Rice Creek,River/Stream,Kanabec,07030004,-93.207025,45.7882,Specific conductance,Y,250,250,uS/cm,,,
2016-08-10,S009-206,07030004-575,Rice Creek,River/Stream,Kanabec,07030004,-93.207025,45.7882,Phosphorus,Y,0.34,0.34,mg/L,5,5,mg/L
2016-08-10,S009-206,07030004-575,Rice Creek,River/Stream,Kanabec,07030004,-93.207025,45.7882,Kjeldahl nitrogen,Y,1.9,1.9,mg/L,0.6,0.151,mg/L
2016-07-26,S009-206,07030004-575,Rice Creek,River/Stream,Kanabec,07030004,-93.207025,45.7882,Dissolved oxygen (DO),Y,0.2,0.2,mg/L,,,
2016-07-26,S009-206,07030004-575,Rice Creek,River/Stream,Kanabec,07030004,-93.207025,45.7882,Specific conductance,Y,145,145,uS/cm,,,
2016-07-26,S009-206,07030004-575,Rice Creek,River/Stream,Kanabec,07030004,-93.207025,45.7882,"Temperature, water",Y,23.96,23.96,deg C,,,
2016-07-26,S009-206,07030004-575,Rice Creek,River/Stream,Kanabec,07030004,-93.207025,45.7882,Kjeldahl nitrogen,Y,2.2,2.2,mg/L,0.6,0.151,mg/L
2016-07-26,S009-206,07030004-575,Rice Creek,River/Stream,Kanabec,07030004,-93.207025,45.7882,Orthophosphate,Y,0.13,0.13,mg/L,5,2,mg/L
2016-07-26,S009-206,07030004-575,Rice Creek,River/Stream,Kanabec,07030004,-93.207025,45.7882,Phosphorus,Y,0.43,0.43,mg/L,5,5,mg/L
2016-07-14,S009-206,07030004-575,Rice Creek,River/Stream,Kanabec,07030004,-93.207025,45.7882,Dissolved oxygen (DO),Y,5.49,5.49,mg/L,,,
2016-07-14,S009-206,07030004-575,Rice Creek,River/Stream,Kanabec,07030004,-93.207025,45.7882,Phosphorus,Y,0.082,0.082,mg/L,5,5,mg/L
2016-07-14,S009-206,07030004-575,Rice Creek,River/Stream,Kanabec,07030004,-93.207025,45.7882,Orthophosphate,Y,0.02,0.02,mg/L,5,2,mg/L
2016-07-14,S009-206,07030004-575,Rice Creek,River/Stream,Kanabec,07030004,-93.207025,45.7882,Kjeldahl nitrogen,Y,0.92,0.92,mg/L,0.6,0.151,mg/L
2016-07-14,S009-206,07030004-575,Rice Creek,River/Stream,Kanabec,07030004,-93.207025,45.7882,"Temperature, water",Y,20.24,20.24,deg C,,,
2016-07-14,S009-206,07030004-575,Rice Creek,River/Stream,Kanabec,07030004,-93.207025,45.7882,Specific conductance,Y,53,53,uS/cm,,,
2016-06-30,S009-206,07030004-575,Rice Creek,River/Stream,Kanabec,07030004,-93.207025,45.7882,Orthophosphate,Y,0.027,0.027,mg/L,5,2,mg/L
2016-06-30,S009-206,07030004-575,Rice Creek,River/Stream,Kanabec,07030004,-93.207025,45.7882,Kjeldahl nitrogen,Y,1,1,mg/L,0.6,0.151,mg/L
2016-06-30,S009-206,07030004-575,Rice Creek,River/Stream,Kanabec,07030004,-93.207025,45.7882,"Temperature, water",Y,20.53,20.53,deg C,,,
2016-06-30,S009-206,07030004-575,Rice Creek,River/Stream,Kanabec,07030004,-93.207025,45.7882,Specific conductance,Y,213,213,uS/cm,,,
2016-06-30,S009-206,07030004-575,Rice Creek,River/Stream,Kanabec,07030004,-93.207025,45.7882,Dissolved oxygen (DO),Y,3.89,3.89,mg/L,,,
2016-06-30,S009-206,07030004-575,Rice Creek,River/Stream,Kanabec,07030004,-93.207025,45.7882,Phosphorus,Y,0.09,0.09,mg/L,5,5,mg/L
2016-06-14,S009-206,07030004-575,Rice Creek,River/Stream,Kanabec,07030004,-93.207025,45.7882,Phosphorus,Y,0.11,0.11,mg/L,5,5,mg/L
2016-06-14,S009-206,07030004-575,Rice Creek,River/Stream,Kanabec,07030004,-93.207025,45.7882,Orthophosphate,Y,0.02,0.02,mg/L,5,2,mg/L
2016-06-14,S009-206,07030004-575,Rice Creek,River/Stream,Kanabec,07030004,-93.207025,45.7882,Kjeldahl nitrogen,Y,1.3,1.3,mg/L,0.6,0.151,mg/L
2016-06-14,S009-206,07030004-575,Rice Creek,River/Stream,Kanabec,07030004,-93.207025,45.7882,"Temperature, water",Y,20.28,20.28,deg C,,,
2016-06-14,S009-206,07030004-575,Rice Creek,River/Stream,Kanabec,07030004,-93.207025,45.7882,Dissolved oxygen (DO),Y,4.66,4.66,mg/L,,,
2016-06-01,S009-206,07030004-575,Rice Creek,River/Stream,Kanabec,07030004,-93.207025,45.7882,Dissolved oxygen (DO),Y,5.34,5.34,mg/L,,,
2016-06-01,S009-206,07030004-575,Rice Creek,River/Stream,Kanabec,07030004,-93.207025,45.7882,Phosphorus,Y,0.11,0.11,mg/L,5,5,mg/L
2016-06-01,S009-206,07030004-575,Rice Creek,River/Stream,Kanabec,07030004,-93.207025,45.7882,Kjeldahl nitrogen,Y,1.4,1.4,mg/L,0.6,0.151,mg/L
2016-06-01,S009-206,07030004-575,Rice Creek,River/Stream,Kanabec,07030004,-93.207025,45.7882,"Temperature, water",Y,19.74,19.74,deg C,,,
2016-05-16,S009-206,07030004-575,Rice Creek,River/Stream,Kanabec,07030004,-93.207025,45.7882,"Temperature, water",Y,13.14,13.14,deg C,,,
2016-05-16,S009-206,07030004-575,Rice Creek,River/Stream,Kanabec,07030004,-93.207025,45.7882,Kjeldahl nitrogen,Y,1.3,1.3,mg/L,0.6,0.151,mg/L
2016-05-16,S009-206,07030004-575,Rice Creek,River/Stream,Kanabec,07030004,-93.207025,45.7882,Orthophosphate,Y,0.0089,0.0089,mg/L,5,2,mg/L
2016-05-16,S009-206,07030004-575,Rice Creek,River/Stream,Kanabec,07030004,-93.207025,45.7882,Phosphorus,Y,0.078,0.078,mg/L,5,5,mg/L
2016-05-16,S009-206,07030004-575,Rice Creek,River/Stream,Kanabec,07030004,-93.207025,45.7882,Specific conductance,Y,238,238,uS/cm,,,
2016-05-16,S009-206,07030004-575,Rice Creek,River/Stream,Kanabec,07030004,-93.207025,45.7882,Dissolved oxygen (DO),Y,8,8,mg/L,,,
2015-11-17,S009-355,07030004-519,Unnamed Stream,River/Stream,Kanabec,07030004,-93.2662,45.8929,Orthophosphate,Y,0.004,0.004,mg/L,5,2,mg/L
2015-11-17,S009-355,07030004-519,Unnamed Stream,River/Stream,Kanabec,07030004,-93.2662,45.8929,Phosphorus,Y,0.019,0.019,mg/L,5,5,mg/L
2015-07-06,S009-355,07030004-519,Unnamed Stream,River/Stream,Kanabec,07030004,-93.2662,45.8929,Orthophosphate,Y,0.013,0.013,mg/L,5,2,mg/L
2015-07-06,S009-355,07030004-519,Unnamed Stream,River/Stream,Kanabec,07030004,-93.2662,45.8929,Phosphorus,Y,0.116,0.116,mg/L,5,5,mg/L
2015-06-23,S009-355,07030004-519,Unnamed Stream,River/Stream,Kanabec,07030004,-93.2662,45.8929,Phosphorus,Y,0.143,0.143,mg/L,5,5,mg/L
2015-11-17,S009-356,,Unnamed Stream,River/Stream,Kanabec,07030004,-93.2847,45.885,Orthophosphate,Y,0.027,0.027,mg/L,5,2,mg/L
2015-11-17,S009-356,,Unnamed Stream,River/Stream,Kanabec,07030004,-93.2847,45.885,Phosphorus,Y,0.105,0.105,mg/L,5,5,mg/L
2015-11-10,S009-356,,Unnamed Stream,River/Stream,Kanabec,07030004,-93.2847,45.885,Phosphorus,Y,0.063,0.063,mg/L,5,5,mg/L
2015-11-10,S009-356,,Unnamed Stream,River/Stream,Kanabec,07030004,-93.2847,45.885,Orthophosphate,Y,0.015,0.015,mg/L,5,2,mg/L
2015-09-30,S009-356,,Unnamed Stream,River/Stream,Kanabec,07030004,-93.2847,45.885,Phosphorus,Y,0.012,0.012,mg/L,5,5,mg/L
2015-09-30,S009-356,,Unnamed Stream,River/Stream,Kanabec,07030004,-93.2847,45.885,Orthophosphate,Y,0.057,0.057,mg/L,5,2,mg/L
2015-09-01,S009-356,,Unnamed Stream,River/Stream,Kanabec,07030004,-93.2847,45.885,Phosphorus,Y,0.078,0.078,mg/L,5,5,mg/L
2015-09-01,S009-356,,Unnamed Stream,River/Stream,Kanabec,07030004,-93.2847,45.885,Orthophosphate,Y,0.009,0.009,mg/L,5,2,mg/L
2015-08-19,S009-356,,Unnamed Stream,River/Stream,Kanabec,07030004,-93.2847,45.885,Phosphorus,Y,0.086,0.086,mg/L,5,5,mg/L
2015-08-19,S009-356,,Unnamed Stream,River/Stream,Kanabec,07030004,-93.2847,45.885,Orthophosphate,Y,0.01,0.010,mg/L,5,2,mg/L
2015-08-03,S009-356,,Unnamed Stream,River/Stream,Kanabec,07030004,-93.2847,45.885,Phosphorus,Y,0.093,0.093,mg/L,5,5,mg/L
2015-08-03,S009-356,,Unnamed Stream,River/Stream,Kanabec,07030004,-93.2847,45.885,Orthophosphate,Y,0.015,0.015,mg/L,5,2,mg/L
2015-07-06,S009-356,,Unnamed Stream,River/Stream,Kanabec,07030004,-93.2847,45.885,Phosphorus,Y,0.141,0.141,mg/L,5,5,mg/L
2015-07-06,S009-356,,Unnamed Stream,River/Stream,Kanabec,07030004,-93.2847,45.885,Orthophosphate,Y,0.009,0.009,mg/L,5,2,mg/L
2015-06-23,S009-356,,Unnamed Stream,River/Stream,Kanabec,07030004,-93.2847,45.885,Phosphorus,Y,0.134,0.134,mg/L,5,5,mg/L
2021-08-26,S009-455,07030004-512,GROUNDHOUSE R,River/Stream,Kanabec,07030004,-93.297118,45.796315,Escherichia coli,Y,120,120,MPN/100mL,10,,MPN/100mL
2021-08-26,S009-455,07030004-512,GROUNDHOUSE R,River/Stream,Kanabec,07030004,-93.297118,45.796315,"Temperature, water",Y,17.92,17.92,deg C,,,
2021-08-26,S009-455,07030004-512,GROUNDHOUSE R,River/Stream,Kanabec,07030004,-93.297118,45.796315,Dissolved oxygen (DO),Y,7.87,7.87,mg/L,,,
2021-08-26,S009-455,07030004-512,GROUNDHOUSE R,River/Stream,Kanabec,07030004,-93.297118,45.796315,pH,Y,7.5,7.50,None,,,
2021-08-26,S009-455,07030004-512,GROUNDHOUSE R,River/Stream,Kanabec,07030004,-93.297118,45.796315,Specific conductance,Y,271.8,271.8,uS/cm,,,
2021-06-24,S009-455,07030004-512,GROUNDHOUSE R,River/Stream,Kanabec,07030004,-93.297118,45.796315,"Temperature, water",Y,22.14,22.14,deg C,,,
2021-06-24,S009-455,07030004-512,GROUNDHOUSE R,River/Stream,Kanabec,07030004,-93.297118,45.796315,Specific conductance,Y,301.3,301.3,uS/cm,,,
2021-06-24,S009-455,07030004-512,GROUNDHOUSE R,River/Stream,Kanabec,07030004,-93.297118,45.796315,Dissolved oxygen (DO),Y,9.33,9.33,mg/L,,,
2021-06-24,S009-455,07030004-512,GROUNDHOUSE R,River/Stream,Kanabec,07030004,-93.297118,45.796315,pH,Y,8.04,8.04,None,,,
2021-06-24,S009-455,07030004-512,GROUNDHOUSE R,River/Stream,Kanabec,07030004,-93.297118,45.796315,Escherichia coli,Y,130,130,MPN/100mL,10,,MPN/100mL
2018-09-27,S009-455,07030004-512,GROUNDHOUSE R,River/Stream,Kanabec,07030004,-93.297118,45.796315,Phosphorus,Y,0.073,0.073,mg/L,0.003,0.001,mg/L
2018-09-27,S009-455,07030004-512,GROUNDHOUSE R,River/Stream,Kanabec,07030004,-93.297118,45.796315,Specific conductance,Y,224.9,224.9,uS/cm,,,
2018-09-27,S009-455,07030004-512,GROUNDHOUSE R,River/Stream,Kanabec,07030004,-93.297118,45.796315,Dissolved oxygen (DO),Y,9.05,9.05,mg/L,,,
2018-09-27,S009-455,07030004-512,GROUNDHOUSE R,River/Stream,Kanabec,07030004,-93.297118,45.796315,"Temperature, water",Y,11.6,11.6,deg C,,,
2018-09-27,S009-455,07030004-512,GROUNDHOUSE R,River/Stream,Kanabec,07030004,-93.297118,45.796315,pH,Y,7.54,7.54,None,,,
2018-09-17,S009-455,07030004-512,GROUNDHOUSE R,River/Stream,Kanabec,07030004,-93.297118,45.796315,Phosphorus,Y,0.084,0.084,mg/L,0.003,0.001,mg/L
2018-09-17,S009-455,07030004-512,GROUNDHOUSE R,River/Stream,Kanabec,07030004,-93.297118,45.796315,"Temperature, water",Y,19.7,19.7,deg C,,,
2018-09-17,S009-455,07030004-512,GROUNDHOUSE R,River/Stream,Kanabec,07030004,-93.297118,45.796315,Specific conductance,Y,258,258,uS/cm,,,
2018-09-17,S009-455,07030004-512,GROUNDHOUSE R,River/Stream,Kanabec,07030004,-93.297118,45.796315,Dissolved oxygen (DO),Y,7.04,7.04,mg/L,,,
2018-09-17,S009-455,07030004-512,GROUNDHOUSE R,River/Stream,Kanabec,07030004,-93.297118,45.796315,pH,Y,7.66,7.66,None,,,
2018-09-05,S009-455,07030004-512,GROUNDHOUSE R,River/Stream,Kanabec,07030004,-93.297118,45.796315,Dissolved oxygen (DO),Y,7.08,7.08,mg/L,,,
2018-09-05,S009-455,07030004-512,GROUNDHOUSE R,River/Stream,Kanabec,07030004,-93.297118,45.796315,pH,Y,7.35,7.35,None,,,
2018-09-05,S009-455,07030004-512,GROUNDHOUSE R,River/Stream,Kanabec,07030004,-93.297118,45.796315,Specific conductance,Y,208.9,208.9,uS/cm,,,
2018-09-05,S009-455,07030004-512,GROUNDHOUSE R,River/Stream,Kanabec,07030004,-93.297118,45.796315,"Temperature, water",Y,18.5,18.5,deg C,,,
2018-09-05,S009-455,07030004-512,GROUNDHOUSE R,River/Stream,Kanabec,07030004,-93.297118,45.796315,Phosphorus,Y,0.125,0.125,mg/L,0.003,0.001,mg/L
2018-08-23,S009-455,07030004-512,GROUNDHOUSE R,River/Stream,Kanabec,07030004,-93.297118,45.796315,Escherichia coli,Y,116,116,MPN/100mL,1,,MPN/100mL
2018-08-23,S009-455,07030004-512,GROUNDHOUSE R,River/Stream,Kanabec,07030004,-93.297118,45.796315,Phosphorus,Y,0.064,0.064,mg/L,0.003,0.001,mg/L
2018-08-23,S009-455,07030004-512,GROUNDHOUSE R,River/Stream,Kanabec,07030004,-93.297118,45.796315,"Temperature, water",Y,17.6,17.6,deg C,,,
2018-08-23,S009-455,07030004-512,GROUNDHOUSE R,River/Stream,Kanabec,07030004,-93.297118,45.796315,Specific conductance,Y,283.6,283.6,uS/cm,,,
2018-08-23,S009-455,07030004-512,GROUNDHOUSE R,River/Stream,Kanabec,07030004,-93.297118,45.796315,pH,Y,7.99,7.99,None,,,
2018-08-23,S009-455,07030004-512,GROUNDHOUSE R,River/Stream,Kanabec,07030004,-93.297118,45.796315,Dissolved oxygen (DO),Y,9.78,9.78,mg/L,,,
2018-08-07,S009-455,07030004-512,GROUNDHOUSE R,River/Stream,Kanabec,07030004,-93.297118,45.796315,"Temperature, water",Y,20.2,20.2,deg C,,,
2018-08-07,S009-455,07030004-512,GROUNDHOUSE R,River/Stream,Kanabec,07030004,-93.297118,45.796315,pH,Y,7.46,7.46,None,,,
2018-08-07,S009-455,07030004-512,GROUNDHOUSE R,River/Stream,Kanabec,07030004,-93.297118,45.796315,Dissolved oxygen (DO),Y,7.4,7.40,mg/L,,,
2018-08-07,S009-455,07030004-512,GROUNDHOUSE R,River/Stream,Kanabec,07030004,-93.297118,45.796315,Escherichia coli,Y,261,261,MPN/100mL,1,,MPN/100mL
2018-08-07,S009-455,07030004-512,GROUNDHOUSE R,River/Stream,Kanabec,07030004,-93.297118,45.796315,Phosphorus,Y,0.11,0.110,mg/L,0.003,0.001,mg/L
2018-08-07,S009-455,07030004-512,GROUNDHOUSE R,River/Stream,Kanabec,07030004,-93.297118,45.796315,Specific conductance,Y,173.2,173.2,uS/cm,,,
2018-07-24,S009-455,07030004-512,GROUNDHOUSE R,River/Stream,Kanabec,07030004,-93.297118,45.796315,Escherichia coli,Y,77.1,77.1,MPN/100mL,1,,MPN/100mL
2018-07-24,S009-455,07030004-512,GROUNDHOUSE R,River/Stream,Kanabec,07030004,-93.297118,45.796315,Phosphorus,Y,0.142,0.142,mg/L,0.003,0.001,mg/L
2018-07-24,S009-455,07030004-512,GROUNDHOUSE R,River/Stream,Kanabec,07030004,-93.297118,45.796315,"Temperature, water",Y,20.4,20.4,deg C,,,
2018-07-24,S009-455,07030004-512,GROUNDHOUSE R,River/Stream,Kanabec,07030004,-93.297118,45.796315,Dissolved oxygen (DO),Y,7.15,7.15,mg/L,,,
2018-07-24,S009-455,07030004-512,GROUNDHOUSE R,River/Stream,Kanabec,07030004,-93.297118,45.796315,Specific conductance,Y,215.3,215.3,uS/cm,,,
2018-07-24,S009-455,07030004-512,GROUNDHOUSE R,River/Stream,Kanabec,07030004,-93.297118,45.796315,pH,Y,7.35,7.35,None,,,
2018-07-10,S009-455,07030004-512,GROUNDHOUSE R,River/Stream,Kanabec,07030004,-93.297118,45.796315,"Temperature, water",Y,22,22.0,deg C,,,
2018-07-10,S009-455,07030004-512,GROUNDHOUSE R,River/Stream,Kanabec,07030004,-93.297118,45.796315,Specific conductance,Y,230,230,uS/cm,,,
2018-07-10,S009-455,07030004-512,GROUNDHOUSE R,River/Stream,Kanabec,07030004,-93.297118,45.796315,pH,Y,7.55,7.55,None,,,
2018-07-10,S009-455,07030004-512,GROUNDHOUSE R,River/Stream,Kanabec,07030004,-93.297118,45.796315,Dissolved oxygen (DO),Y,6.81,6.81,mg/L,,,
2018-07-10,S009-455,07030004-512,GROUNDHOUSE R,River/Stream,Kanabec,07030004,-93.297118,45.796315,Escherichia coli,Y,111,111,MPN/100mL,1,,MPN/100mL
2018-07-10,S009-455,07030004-512,GROUNDHOUSE R,River/Stream,Kanabec,07030004,-93.297118,45.796315,Phosphorus,Y,0.144,0.144,mg/L,0.003,0.001,mg/L
2018-06-28,S009-455,07030004-512,GROUNDHOUSE R,River/Stream,Kanabec,07030004,-93.297118,45.796315,Dissolved oxygen (DO),Y,7.69,7.69,mg/L,,,
2018-06-28,S009-455,07030004-512,GROUNDHOUSE R,River/Stream,Kanabec,07030004,-93.297118,45.796315,Specific conductance,Y,223.8,223.8,uS/cm,,,
2018-06-28,S009-455,07030004-512,GROUNDHOUSE R,River/Stream,Kanabec,07030004,-93.297118,45.796315,pH,Y,7.62,7.62,None,,,
2018-06-28,S009-455,07030004-512,GROUNDHOUSE R,River/Stream,Kanabec,07030004,-93.297118,45.796315,"Temperature, water",Y,20.4,20.4,deg C,,,
2018-06-28,S009-455,07030004-512,GROUNDHOUSE R,River/Stream,Kanabec,07030004,-93.297118,45.796315,Escherichia coli,Y,130,130,MPN/100mL,1,,MPN/100mL
2018-06-28,S009-455,07030004-512,GROUNDHOUSE R,River/Stream,Kanabec,07030004,-93.297118,45.796315,Phosphorus,Y,0.123,0.123,mg/L,0.003,0.001,mg/L
2018-06-18,S009-455,07030004-512,GROUNDHOUSE R,River/Stream,Kanabec,07030004,-93.297118,45.796315,"Temperature, water",Y,21.3,21.3,deg C,,,
2018-06-18,S009-455,07030004-512,GROUNDHOUSE R,River/Stream,Kanabec,07030004,-93.297118,45.796315,Escherichia coli,Y,613,613,MPN/100mL,1,,MPN/100mL
2018-06-18,S009-455,07030004-512,GROUNDHOUSE R,River/Stream,Kanabec,07030004,-93.297118,45.796315,Specific conductance,Y,211.7,211.7,uS/cm,,,
2018-06-18,S009-455,07030004-512,GROUNDHOUSE R,River/Stream,Kanabec,07030004,-93.297118,45.796315,pH,Y,7.54,7.54,None,,,
2018-06-18,S009-455,07030004-512,GROUNDHOUSE R,River/Stream,Kanabec,07030004,-93.297118,45.796315,Dissolved oxygen (DO),Y,6.83,6.83,mg/L,,,
2018-06-05,S009-455,07030004-512,GROUNDHOUSE R,River/Stream,Kanabec,07030004,-93.297118,45.796315,Escherichia coli,Y,131,131,MPN/100mL,1,,MPN/100mL
2018-06-05,S009-455,07030004-512,GROUNDHOUSE R,River/Stream,Kanabec,07030004,-93.297118,45.796315,Phosphorus,Y,0.122,0.122,mg/L,0.003,0.001,mg/L
2018-06-05,S009-455,07030004-512,GROUNDHOUSE R,River/Stream,Kanabec,07030004,-93.297118,45.796315,Dissolved oxygen (DO),Y,7.52,7.52,mg/L,,,
2018-06-05,S009-455,07030004-512,GROUNDHOUSE R,River/Stream,Kanabec,07030004,-93.297118,45.796315,Specific conductance,Y,185.2,185.2,uS/cm,,,
2018-06-05,S009-455,07030004-512,GROUNDHOUSE R,River/Stream,Kanabec,07030004,-93.297118,45.796315,pH,Y,7.53,7.53,None,,,
2018-06-05,S009-455,07030004-512,GROUNDHOUSE R,River/Stream,Kanabec,07030004,-93.297118,45.796315,"Temperature, water",Y,17.6,17.6,deg C,,,
2018-05-09,S009-455,07030004-512,GROUNDHOUSE R,River/Stream,Kanabec,07030004,-93.297118,45.796315,"Hardness, carbonate",Y,75.4,75.4,mg/L,5,2.13,mg/L
2018-05-09,S009-455,07030004-512,GROUNDHOUSE R,River/Stream,Kanabec,07030004,-93.297118,45.796315,Phosphorus,Y,0.069,0.069,mg/L,0.003,0.001,mg/L
2018-05-09,S009-455,07030004-512,GROUNDHOUSE R,River/Stream,Kanabec,07030004,-93.297118,45.796315,Chloride,Y,4.36,4.36,mg/L,0.5,0.15,mg/L
2018-05-09,S009-455,07030004-512,GROUNDHOUSE R,River/Stream,Kanabec,07030004,-93.297118,45.796315,Dissolved oxygen (DO),Y,8.2,8.20,mg/L,,,
2018-05-09,S009-455,07030004-512,GROUNDHOUSE R,River/Stream,Kanabec,07030004,-93.297118,45.796315,Specific conductance,Y,161,161,uS/cm,,,
2018-05-09,S009-455,07030004-512,GROUNDHOUSE R,River/Stream,Kanabec,07030004,-93.297118,45.796315,"Temperature, water",Y,13.6,13.6,deg C,,,
2018-05-09,S009-455,07030004-512,GROUNDHOUSE R,River/Stream,Kanabec,07030004,-93.297118,45.796315,pH,Y,7.47,7.47,None,,,
2017-09-27,S009-455,07030004-512,GROUNDHOUSE R,River/Stream,Kanabec,07030004,-93.297118,45.796315,Dissolved oxygen (DO),Y,6.93,6.93,mg/L,,,
2017-09-27,S009-455,07030004-512,GROUNDHOUSE R,River/Stream,Kanabec,07030004,-93.297118,45.796315,Phosphorus,Y,0.108,0.108,mg/L,0.003,0.001,mg/L
2017-09-27,S009-455,07030004-512,GROUNDHOUSE R,River/Stream,Kanabec,07030004,-93.297118,45.796315,Specific conductance,Y,155.1,155.1,uS/cm,,,
2017-09-27,S009-455,07030004-512,GROUNDHOUSE R,River/Stream,Kanabec,07030004,-93.297118,45.796315,"Temperature, water",Y,15.4,15.40,deg C,,,
2017-09-27,S009-455,07030004-512,GROUNDHOUSE R,River/Stream,Kanabec,07030004,-93.297118,45.796315,pH,Y,7.3,7.30,None,,,
2017-09-13,S009-455,07030004-512,GROUNDHOUSE R,River/Stream,Kanabec,07030004,-93.297118,45.796315,"Temperature, water",Y,18.6,18.60,deg C,,,
2017-09-13,S009-455,07030004-512,GROUNDHOUSE R,River/Stream,Kanabec,07030004,-93.297118,45.796315,Specific conductance,Y,235,235,uS/cm,,,
2017-09-13,S009-455,07030004-512,GROUNDHOUSE R,River/Stream,Kanabec,07030004,-93.297118,45.796315,pH,Y,7.63,7.63,None,,,
2017-09-13,S009-455,07030004-512,GROUNDHOUSE R,River/Stream,Kanabec,07030004,-93.297118,45.796315,Dissolved oxygen (DO),Y,8.32,8.32,mg/L,,,
2017-09-13,S009-455,07030004-512,GROUNDHOUSE R,River/Stream,Kanabec,07030004,-93.297118,45.796315,Phosphorus,Y,0.072,0.072,mg/L,0.003,0.001,mg/L
2017-08-31,S009-455,07030004-512,GROUNDHOUSE R,River/Stream,Kanabec,07030004,-93.297118,45.796315,Specific conductance,Y,113.3,113.3,uS/cm,,,
2017-08-31,S009-455,07030004-512,GROUNDHOUSE R,River/Stream,Kanabec,07030004,-93.297118,45.796315,pH,Y,7.48,7.48,None,,,
2017-08-31,S009-455,07030004-512,GROUNDHOUSE R,River/Stream,Kanabec,07030004,-93.297118,45.796315,Phosphorus,Y,0.077,0.077,mg/L,0.003,0.001,mg/L
2017-08-31,S009-455,07030004-512,GROUNDHOUSE R,River/Stream,Kanabec,07030004,-93.297118,45.796315,Dissolved oxygen (DO),Y,7.65,7.65,mg/L,,,
2017-08-31,S009-455,07030004-512,GROUNDHOUSE R,River/Stream,Kanabec,07030004,-93.297118,45.796315,"Temperature, water",Y,16.8,16.80,deg C,,,
2017-08-31,S009-455,07030004-512,GROUNDHOUSE R,River/Stream,Kanabec,07030004,-93.297118,45.796315,Escherichia coli,Y,156.5,156.5,MPN/100mL,1,,MPN/100mL
2017-08-22,S009-455,07030004-512,GROUNDHOUSE R,River/Stream,Kanabec,07030004,-93.297118,45.796315,Escherichia coli,Y,204.6,204.6,MPN/100mL,1,,MPN/100mL
2017-08-22,S009-455,07030004-512,GROUNDHOUSE R,River/Stream,Kanabec,07030004,-93.297118,45.796315,Dissolved oxygen (DO),Y,7.42,7.42,mg/L,,,
2017-08-22,S009-455,07030004-512,GROUNDHOUSE R,River/Stream,Kanabec,07030004,-93.297118,45.796315,pH,Y,7.34,7.34,None,,,
2017-08-22,S009-455,07030004-512,GROUNDHOUSE R,River/Stream,Kanabec,07030004,-93.297118,45.796315,Specific conductance,Y,148.3,148.3,uS/cm,,,
2017-08-22,S009-455,07030004-512,GROUNDHOUSE R,River/Stream,Kanabec,07030004,-93.297118,45.796315,"Temperature, water",Y,17.8,17.80,deg C,,,
2017-08-08,S009-455,07030004-512,GROUNDHOUSE R,River/Stream,Kanabec,07030004,-93.297118,45.796315,Phosphorus,Y,0.085,0.085,mg/L,0.003,0.001,mg/L
2017-08-08,S009-455,07030004-512,GROUNDHOUSE R,River/Stream,Kanabec,07030004,-93.297118,45.796315,Escherichia coli,Y,209.8,209.8,MPN/100mL,1,,MPN/100mL
2017-08-08,S009-455,07030004-512,GROUNDHOUSE R,River/Stream,Kanabec,07030004,-93.297118,45.796315,Dissolved oxygen (DO),Y,8,8.00,mg/L,,,
2017-08-08,S009-455,07030004-512,GROUNDHOUSE R,River/Stream,Kanabec,07030004,-93.297118,45.796315,Specific conductance,Y,210.3,210.3,uS/cm,,,
2017-08-08,S009-455,07030004-512,GROUNDHOUSE R,River/Stream,Kanabec,07030004,-93.297118,45.796315,"Temperature, water",Y,18.7,18.70,deg C,,,
2017-08-08,S009-455,07030004-512,GROUNDHOUSE R,River/Stream,Kanabec,07030004,-93.297118,45.796315,pH,Y,7.64,7.64,None,,,
2017-07-27,S009-455,07030004-512,GROUNDHOUSE R,River/Stream,Kanabec,07030004,-93.297118,45.796315,Phosphorus,Y,0.085,0.085,mg/L,0.003,0.001,mg/L
2017-07-27,S009-455,07030004-512,GROUNDHOUSE R,River/Stream,Kanabec,07030004,-93.297118,45.796315,Specific conductance,Y,267.6,267.6,uS/cm,,,
2017-07-27,S009-455,07030004-512,GROUNDHOUSE R,River/Stream,Kanabec,07030004,-93.297118,45.796315,pH,Y,7.73,7.73,None,,,
2017-07-27,S009-455,07030004-512,GROUNDHOUSE R,River/Stream,Kanabec,07030004,-93.297118,45.796315,Dissolved oxygen (DO),Y,8.27,8.27,mg/L,,,
2017-07-27,S009-455,07030004-512,GROUNDHOUSE R,River/Stream,Kanabec,07030004,-93.297118,45.796315,Escherichia coli,Y,290.9,290.9,MPN/100mL,1,,MPN/100mL
2017-07-27,S009-455,07030004-512,GROUNDHOUSE R,River/Stream,Kanabec,07030004,-93.297118,45.796315,"Temperature, water",Y,20.5,20.50,deg C,,,
2017-07-17,S009-455,07030004-512,GROUNDHOUSE R,River/Stream,Kanabec,07030004,-93.297118,45.796315,Escherichia coli,Y,172.2,172.2,MPN/100mL,1,,MPN/100mL
2017-07-17,S009-455,07030004-512,GROUNDHOUSE R,River/Stream,Kanabec,07030004,-93.297118,45.796315,Dissolved oxygen (DO),Y,9.03,9.03,mg/L,,,
2017-07-17,S009-455,07030004-512,GROUNDHOUSE R,River/Stream,Kanabec,07030004,-93.297118,45.796315,pH,Y,7.93,7.93,None,,,
2017-07-17,S009-455,07030004-512,GROUNDHOUSE R,River/Stream,Kanabec,07030004,-93.297118,45.796315,Specific conductance,Y,265.7,265.7,uS/cm,,,
2017-07-17,S009-455,07030004-512,GROUNDHOUSE R,River/Stream,Kanabec,07030004,-93.297118,45.796315,"Temperature, water",Y,21,21.00,deg C,,,
2017-07-05,S009-455,07030004-512,GROUNDHOUSE R,River/Stream,Kanabec,07030004,-93.297118,45.796315,"Temperature, water",Y,21.99,21.99,deg C,,,
2017-07-05,S009-455,07030004-512,GROUNDHOUSE R,River/Stream,Kanabec,07030004,-93.297118,45.796315,Specific conductance,Y,300,300,uS/cm,,,
2017-07-05,S009-455,07030004-512,GROUNDHOUSE R,River/Stream,Kanabec,07030004,-93.297118,45.796315,pH,Y,7.94,7.94,None,,,
2017-07-05,S009-455,07030004-512,GROUNDHOUSE R,River/Stream,Kanabec,07030004,-93.297118,45.796315,Dissolved oxygen (DO),Y,7.86,7.86,mg/L,,,
2017-07-05,S009-455,07030004-512,GROUNDHOUSE R,River/Stream,Kanabec,07030004,-93.297118,45.796315,Escherichia coli,Y,307.6,307.6,MPN/100mL,1,,MPN/100mL
2017-07-05,S009-455,07030004-512,GROUNDHOUSE R,River/Stream,Kanabec,07030004,-93.297118,45.796315,Phosphorus,Y,0.063,0.063,mg/L,0.003,0.001,mg/L
2017-07-05,S009-455,07030004-512,GROUNDHOUSE R,River/Stream,Kanabec,07030004,-93.297118,45.796315,Escherichia coli,Y,365.4,365.4,MPN/100mL,1,,MPN/100mL
2017-07-05,S009-455,07030004-512,GROUNDHOUSE R,River/Stream,Kanabec,07030004,-93.297118,45.796315,Phosphorus,Y,0.062,0.062,mg/L,0.003,0.001,mg/L
2017-06-26,S009-455,07030004-512,GROUNDHOUSE R,River/Stream,Kanabec,07030004,-93.297118,45.796315,Phosphorus,Y,0.078,0.078,mg/L,0.003,0.001,mg/L
2017-06-26,S009-455,07030004-512,GROUNDHOUSE R,River/Stream,Kanabec,07030004,-93.297118,45.796315,"Temperature, water",Y,15.5,15.50,deg C,,,
2017-06-26,S009-455,07030004-512,GROUNDHOUSE R,River/Stream,Kanabec,07030004,-93.297118,45.796315,Escherichia coli,Y,172.2,172.2,MPN/100mL,1,,MPN/100mL
2017-06-26,S009-455,07030004-512,GROUNDHOUSE R,River/Stream,Kanabec,07030004,-93.297118,45.796315,Specific conductance,Y,276,276,uS/cm,,,
2017-06-26,S009-455,07030004-512,GROUNDHOUSE R,River/Stream,Kanabec,07030004,-93.297118,45.796315,pH,Y,7.95,7.95,None,,,
2017-06-26,S009-455,07030004-512,GROUNDHOUSE R,River/Stream,Kanabec,07030004,-93.297118,45.796315,Dissolved oxygen (DO),Y,10.19,10.19,mg/L,,,
2017-06-05,S009-455,07030004-512,GROUNDHOUSE R,River/Stream,Kanabec,07030004,-93.297118,45.796315,Phosphorus,Y,0.124,0.124,mg/L,0.003,0.001,mg/L
2017-06-05,S009-455,07030004-512,GROUNDHOUSE R,River/Stream,Kanabec,07030004,-93.297118,45.796315,Escherichia coli,Y,344.8,344.8,MPN/100mL,1,,MPN/100mL
2017-06-05,S009-455,07030004-512,GROUNDHOUSE R,River/Stream,Kanabec,07030004,-93.297118,45.796315,"Temperature, water",Y,19.8,19.80,deg C,,,
2017-06-05,S009-455,07030004-512,GROUNDHOUSE R,River/Stream,Kanabec,07030004,-93.297118,45.796315,Specific conductance,Y,207.2,207.2,uS/cm,,,
2017-06-05,S009-455,07030004-512,GROUNDHOUSE R,River/Stream,Kanabec,07030004,-93.297118,45.796315,pH,Y,7.66,7.66,None,,,
2017-06-05,S009-455,07030004-512,GROUNDHOUSE R,River/Stream,Kanabec,07030004,-93.297118,45.796315,Dissolved oxygen (DO),Y,7.19,7.19,mg/L,,,
2017-05-08,S009-455,07030004-512,GROUNDHOUSE R,River/Stream,Kanabec,07030004,-93.297118,45.796315,Dissolved oxygen (DO),Y,8.51,8.51,mg/L,,,
2017-05-08,S009-455,07030004-512,GROUNDHOUSE R,River/Stream,Kanabec,07030004,-93.297118,45.796315,pH,Y,7.53,7.53,None,,,
2017-05-08,S009-455,07030004-512,GROUNDHOUSE R,River/Stream,Kanabec,07030004,-93.297118,45.796315,Specific conductance,Y,163.8,163.8,uS/cm,,,
2017-05-08,S009-455,07030004-512,GROUNDHOUSE R,River/Stream,Kanabec,07030004,-93.297118,45.796315,"Temperature, water",Y,13.9,13.90,deg C,,,
2017-05-08,S009-455,07030004-512,GROUNDHOUSE R,River/Stream,Kanabec,07030004,-93.297118,45.796315,"Hardness, carbonate",Y,78.2,78.2,mg/L,5,2.26,mg/L
2017-05-08,S009-455,07030004-512,GROUNDHOUSE R,River/Stream,Kanabec,07030004,-93.297118,45.796315,Phosphorus,Y,0.058,0.058,mg/L,0.003,0.001,mg/L
2017-05-08,S009-455,07030004-512,GROUNDHOUSE R,River/Stream,Kanabec,07030004,-93.297118,45.796315,Chloride,Y,4.95,4.95,mg/L,0.5,0.166,mg/L
2022-06-05,S013-284,07030004-587,Snake River (15SC200),River/Stream,,07030004,-92.93206,45.840377,"Temperature, water",Y,22.2,22.2,deg C,,,
2022-05-22,S013-284,07030004-587,Snake River (15SC200),River/Stream,,07030004,-92.93206,45.840377,"Temperature, water",Y,16.1,16.1,deg C,,,
2022-05-15,S013-284,07030004-587,Snake River (15SC200),River/Stream,,07030004,-92.93206,45.840377,"Temperature, water",Y,16.7,16.7,deg C,,,
2022-05-01,S013-284,07030004-587,Snake River (15SC200),River/Stream,,07030004,-92.93206,45.840377,"Temperature, water",Y,7.2,7.2,deg C,,,
2022-04-24,S013-284,07030004-587,Snake River (15SC200),River/Stream,,07030004,-92.93206,45.840377,"Temperature, water",Y,6.1,6.1,deg C,,,
2022-04-10,S013-284,07030004-587,Snake River (15SC200),River/Stream,,07030004,-92.93206,45.840377,"Temperature, water",Y,3.3,3.3,deg C,,,
2019-10-08,S013-805,07030004-508,Snake River,River/Stream,Aitkin,07030004,-93.210244,46.333512,"Temperature, water",Y,8.92,8.92,deg C,,,
2019-10-08,S013-805,07030004-508,Snake River,River/Stream,Aitkin,07030004,-93.210244,46.333512,pH,Y,6.45,6.45,None,,,
2019-10-08,S013-805,07030004-508,Snake River,River/Stream,Aitkin,07030004,-93.210244,46.333512,Specific conductance,Y,31,31,uS/cm,,,
2019-10-08,S013-805,07030004-508,Snake River,River/Stream,Aitkin,07030004,-93.210244,46.333512,Dissolved oxygen (DO),Y,6.32,6.32,mg/L,,,
2019-09-24,S013-805,07030004-508,Snake River,River/Stream,Aitkin,07030004,-93.210244,46.333512,Dissolved oxygen (DO),Y,3.38,3.38,mg/L,,,
2019-09-24,S013-805,07030004-508,Snake River,River/Stream,Aitkin,07030004,-93.210244,46.333512,"Temperature, water",Y,14.36,14.36,deg C,,,
2019-09-24,S013-805,07030004-508,Snake River,River/Stream,Aitkin,07030004,-93.210244,46.333512,Specific conductance,Y,52,52,uS/cm,,,
2019-09-24,S013-805,07030004-508,Snake River,River/Stream,Aitkin,07030004,-93.210244,46.333512,pH,Y,7.01,7.01,None,,,
2019-09-10,S013-805,07030004-508,Snake River,River/Stream,Aitkin,07030004,-93.210244,46.333512,Dissolved oxygen (DO),Y,3.4,3.40,mg/L,,,
2019-09-10,S013-805,07030004-508,Snake River,River/Stream,Aitkin,07030004,-93.210244,46.333512,pH,Y,6.94,6.94,None,,,
2019-09-10,S013-805,07030004-508,Snake River,River/Stream,Aitkin,07030004,-93.210244,46.333512,Specific conductance,Y,54,54,uS/cm,,,
2019-09-10,S013-805,07030004-508,Snake River,River/Stream,Aitkin,07030004,-93.210244,46.333512,"Temperature, water",Y,14.5,14.50,deg C,,,
2019-08-27,S013-805,07030004-508,Snake River,River/Stream,Aitkin,07030004,-93.210244,46.333512,Specific conductance,Y,81,81,uS/cm,,,
2019-08-27,S013-805,07030004-508,Snake River,River/Stream,Aitkin,07030004,-93.210244,46.333512,"Temperature, water",Y,16.74,16.74,deg C,,,
2019-08-27,S013-805,07030004-508,Snake River,River/Stream,Aitkin,07030004,-93.210244,46.333512,pH,Y,6.65,6.65,None,,,
2019-08-27,S013-805,07030004-508,Snake River,River/Stream,Aitkin,07030004,-93.210244,46.333512,Dissolved oxygen (DO),Y,4.1,4.10,mg/L,,,
2019-08-12,S013-805,07030004-508,Snake River,River/Stream,Aitkin,07030004,-93.210244,46.333512,Dissolved oxygen (DO),Y,2.18,2.18,mg/L,,,
2019-08-12,S013-805,07030004-508,Snake River,River/Stream,Aitkin,07030004,-93.210244,46.333512,pH,Y,6.04,6.04,None,,,
2019-08-12,S013-805,07030004-508,Snake River,River/Stream,Aitkin,07030004,-93.210244,46.333512,"Temperature, water",Y,17.89,17.89,deg C,,,
2019-08-05,S013-805,07030004-508,Snake River,River/Stream,Aitkin,07030004,-93.210244,46.333512,Specific conductance,Y,65,65,uS/cm,,,
2019-08-05,S013-805,07030004-508,Snake River,River/Stream,Aitkin,07030004,-93.210244,46.333512,"Temperature, water",Y,20.96,20.96,deg C,,,
2019-08-05,S013-805,07030004-508,Snake River,River/Stream,Aitkin,07030004,-93.210244,46.333512,pH,Y,6.46,6.46,None,,,
2019-08-05,S013-805,07030004-508,Snake River,River/Stream,Aitkin,07030004,-93.210244,46.333512,Dissolved oxygen (DO),Y,2.9,2.90,mg/L,,,
2019-07-30,S013-805,07030004-508,Snake River,River/Stream,Aitkin,07030004,-93.210244,46.333512,pH,Y,5.9,5.90,None,,,
2019-07-30,S013-805,07030004-508,Snake River,River/Stream,Aitkin,07030004,-93.210244,46.333512,Specific conductance,Y,83,83,uS/cm,,,
2019-07-30,S013-805,07030004-508,Snake River,River/Stream,Aitkin,07030004,-93.210244,46.333512,"Temperature, water",Y,19.5,19.50,deg C,,,
2019-07-30,S013-805,07030004-508,Snake River,River/Stream,Aitkin,07030004,-93.210244,46.333512,Dissolved oxygen (DO),Y,2.87,2.87,mg/L,,,
2019-07-23,S013-805,07030004-508,Snake River,River/Stream,Aitkin,07030004,-93.210244,46.333512,"Temperature, water",Y,20.34,20.34,deg C,,,
2019-07-23,S013-805,07030004-508,Snake River,River/Stream,Aitkin,07030004,-93.210244,46.333512,Specific conductance,Y,74,74,uS/cm,,,
2019-07-23,S013-805,07030004-508,Snake River,River/Stream,Aitkin,07030004,-93.210244,46.333512,Dissolved oxygen (DO),Y,2.42,2.42,mg/L,,,
2019-07-23,S013-805,07030004-508,Snake River,River/Stream,Aitkin,07030004,-93.210244,46.333512,pH,Y,6.49,6.49,None,,,
2019-07-09,S013-805,07030004-508,Snake River,River/Stream,Aitkin,07030004,-93.210244,46.333512,"Temperature, water",Y,21.06,21.06,deg C,,,
2019-07-09,S013-805,07030004-508,Snake River,River/Stream,Aitkin,07030004,-93.210244,46.333512,Specific conductance,Y,52,52,uS/cm,,,
2019-07-09,S013-805,07030004-508,Snake River,River/Stream,Aitkin,07030004,-93.210244,46.333512,Dissolved oxygen (DO),Y,3.48,3.48,mg/L,,,
2019-07-09,S013-805,07030004-508,Snake River,River/Stream,Aitkin,07030004,-93.210244,46.333512,Phosphorus,Y,0.048,0.048,mg/L,0.003,0.002,mg/L
2019-07-09,S013-805,07030004-508,Snake River,River/Stream,Aitkin,07030004,-93.210244,46.333512,pH,Y,6.09,6.09,None,,,
2019-06-11,S013-805,07030004-508,Snake River,River/Stream,Aitkin,07030004,-93.210244,46.333512,Dissolved oxygen (DO),Y,5.72,5.72,mg/L,,,
2019-06-11,S013-805,07030004-508,Snake River,River/Stream,Aitkin,07030004,-93.210244,46.333512,"Temperature, water",Y,17.83,17.83,deg C,,,
2019-06-11,S013-805,07030004-508,Snake River,River/Stream,Aitkin,07030004,-93.210244,46.333512,Phosphorus,Y,0.048,0.048,mg/L,0.003,0.002,mg/L
2019-06-11,S013-805,07030004-508,Snake River,River/Stream,Aitkin,07030004,-93.210244,46.333512,pH,Y,6.83,6.83,None,,,
2019-06-11,S013-805,07030004-508,Snake River,River/Stream,Aitkin,07030004,-93.210244,46.333512,Specific conductance,Y,63,63,uS/cm,,,
2019-09-24,S014-009,07030004-532,Pokegama Creek (98SC015),River/Stream,Pine,07030004,-93.021307,45.917014,"Temperature, water",Y,14.82,14.82,deg C,,,
2019-09-24,S014-009,07030004-532,Pokegama Creek (98SC015),River/Stream,Pine,07030004,-93.021307,45.917014,Specific conductance,Y,129,129,uS/cm,,,
2019-09-24,S014-009,07030004-532,Pokegama Creek (98SC015),River/Stream,Pine,07030004,-93.021307,45.917014,pH,Y,7.2,7.20,None,,,
2019-09-24,S014-009,07030004-532,Pokegama Creek (98SC015),River/Stream,Pine,07030004,-93.021307,45.917014,Dissolved oxygen (DO),Y,6.69,6.69,mg/L,,,
2019-09-16,S014-009,07030004-532,Pokegama Creek (98SC015),River/Stream,Pine,07030004,-93.021307,45.917014,Phosphorus,Y,0.076,0.076,mg/L,0.003,0.002,mg/L
2019-09-10,S014-009,07030004-532,Pokegama Creek (98SC015),River/Stream,Pine,07030004,-93.021307,45.917014,Phosphorus,Y,0.075,0.075,mg/L,0.003,0.002,mg/L
2019-09-10,S014-009,07030004-532,Pokegama Creek (98SC015),River/Stream,Pine,07030004,-93.021307,45.917014,"Temperature, water",Y,15.08,15.08,deg C,,,
2019-09-10,S014-009,07030004-532,Pokegama Creek (98SC015),River/Stream,Pine,07030004,-93.021307,45.917014,Specific conductance,Y,181,181,uS/cm,,,
2019-09-10,S014-009,07030004-532,Pokegama Creek (98SC015),River/Stream,Pine,07030004,-93.021307,45.917014,pH,Y,7.68,7.68,None,,,
2019-09-10,S014-009,07030004-532,Pokegama Creek (98SC015),River/Stream,Pine,07030004,-93.021307,45.917014,Dissolved oxygen (DO),Y,8.34,8.34,mg/L,,,
2019-08-27,S014-009,07030004-532,Pokegama Creek (98SC015),River/Stream,Pine,07030004,-93.021307,45.917014,pH,Y,7.27,7.27,None,,,
2019-08-27,S014-009,07030004-532,Pokegama Creek (98SC015),River/Stream,Pine,07030004,-93.021307,45.917014,Dissolved oxygen (DO),Y,7.57,7.57,mg/L,,,
2019-08-27,S014-009,07030004-532,Pokegama Creek (98SC015),River/Stream,Pine,07030004,-93.021307,45.917014,Specific conductance,Y,239,239,uS/cm,,,
2019-08-27,S014-009,07030004-532,Pokegama Creek (98SC015),River/Stream,Pine,07030004,-93.021307,45.917014,Phosphorus,Y,0.086,0.086,mg/L,0.003,0.002,mg/L
2019-08-27,S014-009,07030004-532,Pokegama Creek (98SC015),River/Stream,Pine,07030004,-93.021307,45.917014,"Temperature, water",Y,15.63,15.63,deg C,,,
2019-08-12,S014-009,07030004-532,Pokegama Creek (98SC015),River/Stream,Pine,07030004,-93.021307,45.917014,Phosphorus,Y,0.058,0.058,mg/L,0.003,0.002,mg/L
2019-08-12,S014-009,07030004-532,Pokegama Creek (98SC015),River/Stream,Pine,07030004,-93.021307,45.917014,Dissolved oxygen (DO),Y,6.83,6.83,mg/L,,,
2019-08-12,S014-009,07030004-532,Pokegama Creek (98SC015),River/Stream,Pine,07030004,-93.021307,45.917014,pH,Y,7.17,7.17,None,,,
2019-08-12,S014-009,07030004-532,Pokegama Creek (98SC015),River/Stream,Pine,07030004,-93.021307,45.917014,"Temperature, water",Y,19.68,19.68,deg C,,,
2019-08-06,S014-009,07030004-532,Pokegama Creek (98SC015),River/Stream,Pine,07030004,-93.021307,45.917014,Phosphorus,Y,0.113,0.113,mg/L,0.003,0.002,mg/L
2019-08-05,S014-009,07030004-532,Pokegama Creek (98SC015),River/Stream,Pine,07030004,-93.021307,45.917014,Dissolved oxygen (DO),Y,6.85,6.85,mg/L,,,
2019-08-05,S014-009,07030004-532,Pokegama Creek (98SC015),River/Stream,Pine,07030004,-93.021307,45.917014,"Temperature, water",Y,20.95,20.95,deg C,,,
2019-08-05,S014-009,07030004-532,Pokegama Creek (98SC015),River/Stream,Pine,07030004,-93.021307,45.917014,Phosphorus,Y,0.094,0.094,mg/L,0.003,0.002,mg/L
2019-08-05,S014-009,07030004-532,Pokegama Creek (98SC015),River/Stream,Pine,07030004,-93.021307,45.917014,Specific conductance,Y,204,204,uS/cm,,,
2019-08-05,S014-009,07030004-532,Pokegama Creek (98SC015),River/Stream,Pine,07030004,-93.021307,45.917014,pH,Y,7.03,7.03,None,,,
2019-07-30,S014-009,07030004-532,Pokegama Creek (98SC015),River/Stream,Pine,07030004,-93.021307,45.917014,Phosphorus,Y,0.108,0.108,mg/L,0.003,0.002,mg/L
2019-07-30,S014-009,07030004-532,Pokegama Creek (98SC015),River/Stream,Pine,07030004,-93.021307,45.917014,"Temperature, water",Y,17.24,17.24,deg C,,,
2019-07-30,S014-009,07030004-532,Pokegama Creek (98SC015),River/Stream,Pine,07030004,-93.021307,45.917014,Specific conductance,Y,206,206,uS/cm,,,
2019-07-30,S014-009,07030004-532,Pokegama Creek (98SC015),River/Stream,Pine,07030004,-93.021307,45.917014,pH,Y,7.28,7.28,None,,,
2019-07-30,S014-009,07030004-532,Pokegama Creek (98SC015),River/Stream,Pine,07030004,-93.021307,45.917014,Dissolved oxygen (DO),Y,7.7,7.70,mg/L,,,
2019-07-23,S014-009,07030004-532,Pokegama Creek (98SC015),River/Stream,Pine,07030004,-93.021307,45.917014,"Temperature, water",Y,18.67,18.67,deg C,,,
2019-07-23,S014-009,07030004-532,Pokegama Creek (98SC015),River/Stream,Pine,07030004,-93.021307,45.917014,Specific conductance,Y,189,189,uS/cm,,,
2019-07-23,S014-009,07030004-532,Pokegama Creek (98SC015),River/Stream,Pine,07030004,-93.021307,45.917014,Phosphorus,Y,0.113,0.113,mg/L,0.003,0.002,mg/L
2019-07-23,S014-009,07030004-532,Pokegama Creek (98SC015),River/Stream,Pine,07030004,-93.021307,45.917014,Dissolved oxygen (DO),Y,7.81,7.81,mg/L,,,
2019-07-23,S014-009,07030004-532,Pokegama Creek (98SC015),River/Stream,Pine,07030004,-93.021307,45.917014,pH,Y,7.32,7.32,None,,,
2019-07-09,S014-009,07030004-532,Pokegama Creek (98SC015),River/Stream,Pine,07030004,-93.021307,45.917014,"Temperature, water",Y,21.37,21.37,deg C,,,
2019-07-09,S014-009,07030004-532,Pokegama Creek (98SC015),River/Stream,Pine,07030004,-93.021307,45.917014,Specific conductance,Y,129,129,uS/cm,,,
2019-07-09,S014-009,07030004-532,Pokegama Creek (98SC015),River/Stream,Pine,07030004,-93.021307,45.917014,Dissolved oxygen (DO),Y,7.53,7.53,mg/L,,,
2019-07-09,S014-009,07030004-532,Pokegama Creek (98SC015),River/Stream,Pine,07030004,-93.021307,45.917014,pH,Y,6.91,6.91,None,,,
2019-07-09,S014-009,07030004-532,Pokegama Creek (98SC015),River/Stream,Pine,07030004,-93.021307,45.917014,Phosphorus,Y,0.101,0.101,mg/L,0.003,0.002,mg/L
2019-06-25,S014-009,07030004-532,Pokegama Creek (98SC015),River/Stream,Pine,07030004,-93.021307,45.917014,Dissolved oxygen (DO),Y,6.61,6.61,mg/L,,,
2019-06-25,S014-009,07030004-532,Pokegama Creek (98SC015),River/Stream,Pine,07030004,-93.021307,45.917014,Phosphorus,Y,0.084,0.084,mg/L,0.003,0.002,mg/L
2019-06-25,S014-009,07030004-532,Pokegama Creek (98SC015),River/Stream,Pine,07030004,-93.021307,45.917014,Specific conductance,Y,132,132,uS/cm,,,
2019-06-25,S014-009,07030004-532,Pokegama Creek (98SC015),River/Stream,Pine,07030004,-93.021307,45.917014,"Temperature, water",Y,14.81,14.81,deg C,,,
2019-06-11,S014-009,07030004-532,Pokegama Creek (98SC015),River/Stream,Pine,07030004,-93.021307,45.917014,Phosphorus,Y,0.064,0.064,mg/L,0.003,0.002,mg/L
2019-06-11,S014-009,07030004-532,Pokegama Creek (98SC015),River/Stream,Pine,07030004,-93.021307,45.917014,"Temperature, water",Y,15.43,15.43,deg C,,,
2019-06-11,S014-009,07030004-532,Pokegama Creek (98SC015),River/Stream,Pine,07030004,-93.021307,45.917014,Dissolved oxygen (DO),Y,9.43,9.43,mg/L,,,
2019-06-11,S014-009,07030004-532,Pokegama Creek (98SC015),River/Stream,Pine,07030004,-93.021307,45.917014,pH,Y,7.92,7.92,None,,,
2019-06-11,S014-009,07030004-532,Pokegama Creek (98SC015),River/Stream,Pine,07030004,-93.021307,45.917014,Specific conductance,Y,158,158,uS/cm,,,
2018-10-16,S015-183,07030004-586,Snake River,River/Stream,Pine,07030004,-93.050288,45.813537,Sulfate,Y,1.22,1.22,mg/L,0.5,0.16,mg/L
2020-09-10,S016-326,07030004-527,Unnamed Creek,River/Stream,Pine,07030004,-93.073093,45.822567,"Temperature, water",Y,10.6,10.6,deg C,,,
2020-09-10,S016-326,07030004-527,Unnamed Creek,River/Stream,Pine,07030004,-93.073093,45.822567,Turbidity,Y,3.1,3.1,NTU,,,
2020-09-10,S016-326,07030004-527,Unnamed Creek,River/Stream,Pine,07030004,-93.073093,45.822567,Specific conductance,Y,105,105,uS/cm,,,
2020-09-10,S016-326,07030004-527,Unnamed Creek,River/Stream,Pine,07030004,-93.073093,45.822567,Dissolved oxygen (DO),Y,4.78,4.78,mg/L,,,
2020-09-10,S016-326,07030004-527,Unnamed Creek,River/Stream,Pine,07030004,-93.073093,45.822567,Flow,Y,0.93,0.93,cfs,,,
2020-08-17,S016-326,07030004-527,Unnamed Creek,River/Stream,Pine,07030004,-93.073093,45.822567,"Temperature, water",Y,18.3,18.3,deg C,,,
2020-08-17,S016-326,07030004-527,Unnamed Creek,River/Stream,Pine,07030004,-93.073093,45.822567,Phosphorus,Y,0.19,0.19,mg/L,0.005,0.0024,mg/L
2020-08-17,S016-326,07030004-527,Unnamed Creek,River/Stream,Pine,07030004,-93.073093,45.822567,Orthophosphate,Y,0.11,0.11,mg/L,0.002,0.0015,mg/L
2020-08-17,S016-326,07030004-527,Unnamed Creek,River/Stream,Pine,07030004,-93.073093,45.822567,Turbidity,Y,1.9,1.9,NTU,,,
2020-08-17,S016-326,07030004-527,Unnamed Creek,River/Stream,Pine,07030004,-93.073093,45.822567,Flow,Y,8.73,8.73,cfs,,,
2020-08-17,S016-326,07030004-527,Unnamed Creek,River/Stream,Pine,07030004,-93.073093,45.822567,Specific conductance,Y,102,102,uS/cm,,,
2020-08-17,S016-326,07030004-527,Unnamed Creek,River/Stream,Pine,07030004,-93.073093,45.822567,Dissolved oxygen (DO),Y,1.92,1.92,mg/L,,,
2020-05-11,S016-326,07030004-527,Unnamed Creek,River/Stream,Pine,07030004,-93.073093,45.822567,Flow,Y,0.048,0.048,cfs,,,
2020-05-11,S016-326,07030004-527,Unnamed Creek,River/Stream,Pine,07030004,-93.073093,45.822567,Turbidity,Y,4.3,4.3,NTU,,,
2020-05-11,S016-326,07030004-527,Unnamed Creek,River/Stream,Pine,07030004,-93.073093,45.822567,Orthophosphate,Y,0.017,0.017,mg/L,0.002,0.0015,mg/L
2020-05-11,S016-326,07030004-527,Unnamed Creek,River/Stream,Pine,07030004,-93.073093,45.822567,Phosphorus,Y,0.056,0.056,mg/L,0.005,0.0024,mg/L
2020-05-11,S016-326,07030004-527,Unnamed Creek,River/Stream,Pine,07030004,-93.073093,45.822567,Specific conductance,Y,73.1,73.1,uS/cm,,,
2020-05-11,S016-326,07030004-527,Unnamed Creek,River/Stream,Pine,07030004,-93.073093,45.822567,"Temperature, water",Y,7.2,7.2,deg C,,,
2020-05-11,S016-326,07030004-527,Unnamed Creek,River/Stream,Pine,07030004,-93.073093,45.822567,Dissolved oxygen (DO),Y,9.03,9.03,mg/L,,,
